details,0,0.5,1,2,3,4,5,6,7,8,9,10,11,12,13,14,15,16,17,18,19,Method,Cancer,Sex,Age,20,Stratification,Adjustment,Database
n.risk,1913,922,668,422,297,236,183,141,101,75,61,46,41,29,17,14,<10,<10,<10,<10,<10,Kaplan-Meier,Liver,Both,All,0,None,None,CRN
n.event,0,936,213,182,82,31,17,18,13,<10,<10,<10,<10,<10,<10,<10,<10,0,0,0,<10,Kaplan-Meier,Liver,Both,All,0,None,None,CRN
n.risk,78356,74261,70305,62502,55129,48112,41746,35979,30559,25503,20907,17255,13758,10732,8039,5992,4339,2901,1882,1195,572,Kaplan-Meier,Prostate,Male,All,26,None,None,CRN
n.event,0,1914,1758,3552,3183,2795,2376,2106,1960,1698,1394,1209,1070,825,644,538,381,309,199,117,87,Kaplan-Meier,Prostate,Male,All,21,None,None,CRN
n.risk,557,279,201,137,102,81,66,51,41,32,26,21,17,13,<10,<10,<10,<10,<10,<10,<10,Kaplan-Meier,Liver,Female,All,NA,Sex,None,CRN
n.event,0,264,68,48,23,13,<10,<10,<10,<10,<10,0,<10,0,<10,<10,0,0,0,0,0,Kaplan-Meier,Liver,Female,All,NA,Sex,None,CRN
n.risk,1356,643,467,285,195,155,117,90,60,43,35,25,24,16,11,<10,<10,<10,<10,<10,0,Kaplan-Meier,Liver,Male,All,NA,Sex,None,CRN
n.event,0,672,145,134,59,18,<10,11,11,<10,<10,<10,0,<10,<10,0,<10,0,0,0,<10,Kaplan-Meier,Liver,Male,All,NA,Sex,None,CRN
n.risk,557,279,201,137,102,81,66,51,41,32,26,21,17,13,<10,<10,<10,<10,<10,<10,<10,Kaplan-Meier,Liver,Female,All,NA,None,Sex,CRN
n.event,0,264,68,48,23,13,<10,<10,<10,<10,<10,0,<10,0,<10,<10,0,0,0,0,0,Kaplan-Meier,Liver,Female,All,NA,None,Sex,CRN
n.risk,1356,643,467,285,195,155,117,90,60,43,35,25,24,16,11,<10,<10,<10,<10,<10,0,Kaplan-Meier,Liver,Male,All,NA,None,Sex,CRN
n.event,0,672,145,134,59,18,<10,11,11,<10,<10,<10,0,<10,<10,0,<10,0,0,0,<10,Kaplan-Meier,Liver,Male,All,NA,None,Sex,CRN
n.risk,48,32,28,25,21,19,19,16,11,10,<10,<10,<10,<10,<10,<10,<10,<10,0,0,0,Kaplan-Meier,Liver,Both,18 to 39,0,Age,None,CRN
n.event,0,15,<10,<10,<10,0,0,<10,<10,0,0,0,0,<10,<10,0,0,0,0,0,0,Kaplan-Meier,Liver,Both,18 to 39,0,Age,None,CRN
n.risk,95,44,34,25,21,19,17,14,12,<10,<10,<10,<10,<10,<10,<10,<10,<10,<10,<10,<10,Kaplan-Meier,Liver,Both,40 to 49,0,Age,None,CRN
n.event,0,50,10,<10,<10,<10,0,0,0,<10,0,<10,0,0,0,0,0,0,0,0,0,Kaplan-Meier,Liver,Both,40 to 49,0,Age,None,CRN
n.risk,316,189,148,104,80,66,53,38,28,21,18,15,12,<10,<10,<10,<10,<10,<10,<10,0,Kaplan-Meier,Liver,Both,50 to 59,0,Age,None,CRN
n.event,0,121,36,31,16,<10,<10,<10,<10,<10,<10,<10,0,0,0,0,<10,0,0,0,<10,Kaplan-Meier,Liver,Both,50 to 59,0,Age,None,CRN
n.risk,478,265,198,130,99,79,61,48,31,22,16,11,11,<10,<10,<10,0,0,0,0,0,Kaplan-Meier,Liver,Both,60 to 69,0,Age,None,CRN
n.event,0,197,51,47,11,<10,<10,<10,<10,<10,<10,0,0,0,0,<10,0,0,0,0,0,Kaplan-Meier,Liver,Both,60 to 69,0,Age,None,CRN
n.risk,560,237,171,96,56,41,25,20,17,13,10,<10,<10,<10,<10,<10,<10,<10,<10,0,0,Kaplan-Meier,Liver,Both,70 to 79,0,Age,None,CRN
n.event,0,298,55,56,33,<10,<10,<10,<10,<10,0,0,0,0,<10,0,0,0,0,0,0,Kaplan-Meier,Liver,Both,70 to 79,0,Age,None,CRN
n.risk,416,155,89,42,20,12,<10,<10,<10,<10,<10,<10,0,0,0,0,0,0,0,0,0,Kaplan-Meier,Liver,Both,80 +,0,Age,None,CRN
n.event,0,255,58,41,18,<10,<10,<10,<10,0,0,<10,<10,0,0,0,0,0,0,0,0,Kaplan-Meier,Liver,Both,80 +,0,Age,None,CRN
n.risk,13,11,11,10,<10,<10,<10,<10,<10,<10,<10,<10,<10,<10,<10,<10,<10,<10,<10,<10,0,Kaplan-Meier,Prostate,Male,18 to 39,0,Age,None,CRN
n.event,0,0,0,0,0,0,0,0,0,0,<10,0,0,0,0,0,0,0,0,0,0,Kaplan-Meier,Prostate,Male,18 to 39,0,Age,None,CRN
n.risk,829,795,767,705,639,571,501,446,385,327,274,230,193,155,123,101,73,50,33,23,14,Kaplan-Meier,Prostate,Male,40 to 49,0,Age,None,CRN
n.event,0,<10,<10,10,<10,<10,<10,<10,<10,<10,<10,<10,<10,<10,<10,<10,<10,0,0,<10,<10,Kaplan-Meier,Prostate,Male,40 to 49,0,Age,None,CRN
n.risk,9976,9676,9327,8661,7962,7233,6527,5821,5174,4519,3882,3372,2827,2334,1860,1467,1137,826,575,381,190,Kaplan-Meier,Prostate,Male,50 to 59,10,Age,None,CRN
n.event,0,36,58,143,141,126,101,107,102,82,74,72,71,58,45,40,27,26,22,20,12,Kaplan-Meier,Prostate,Male,50 to 59,<10,Age,None,CRN
n.risk,29528,28517,27423,25178,22944,20566,18219,16149,14071,11996,9977,8369,6783,5340,4050,3058,2227,1474,963,620,305,Kaplan-Meier,Prostate,Male,60 to 69,13,Age,None,CRN
n.event,0,171,260,618,583,567,504,420,409,440,394,363,314,260,204,230,153,136,97,52,47,Kaplan-Meier,Prostate,Male,60 to 69,<10,Age,None,CRN
n.risk,25838,24476,23089,20249,17551,15132,12991,10954,9068,7337,5874,4665,3565,2659,1874,1296,865,533,305,166,63,Kaplan-Meier,Prostate,Male,70 to 79,<10,Age,None,CRN
n.event,0,544,556,1196,1160,1002,926,910,877,774,630,581,516,409,332,229,177,134,75,43,26,Kaplan-Meier,Prostate,Male,70 to 79,11,Age,None,CRN
n.risk,12172,10786,9688,7699,6026,4603,3503,2604,1857,1320,897,616,387,241,129,67,34,15,<10,<10,0,Kaplan-Meier,Prostate,Male,80 +,0,Age,None,CRN
n.event,0,1159,880,1585,1290,1091,842,664,568,396,290,191,168,96,61,36,22,13,<10,<10,<10,Kaplan-Meier,Prostate,Male,80 +,0,Age,None,CRN
n.risk,48,32,28,25,21,19,19,16,11,10,<10,<10,<10,<10,<10,<10,<10,<10,0,0,0,Kaplan-Meier,Liver,Both,18 to 39,0,None,Age,CRN
n.event,0,15,<10,<10,<10,0,0,<10,<10,0,0,0,0,<10,<10,0,0,0,0,0,0,Kaplan-Meier,Liver,Both,18 to 39,0,None,Age,CRN
n.risk,95,44,34,25,21,19,17,14,12,<10,<10,<10,<10,<10,<10,<10,<10,<10,<10,<10,<10,Kaplan-Meier,Liver,Both,40 to 49,0,None,Age,CRN
n.event,0,50,10,<10,<10,<10,0,0,0,<10,0,<10,0,0,0,0,0,0,0,0,0,Kaplan-Meier,Liver,Both,40 to 49,0,None,Age,CRN
n.risk,316,189,148,104,80,66,53,38,28,21,18,15,12,<10,<10,<10,<10,<10,<10,<10,0,Kaplan-Meier,Liver,Both,50 to 59,0,None,Age,CRN
n.event,0,121,36,31,16,<10,<10,<10,<10,<10,<10,<10,0,0,0,0,<10,0,0,0,<10,Kaplan-Meier,Liver,Both,50 to 59,0,None,Age,CRN
n.risk,478,265,198,130,99,79,61,48,31,22,16,11,11,<10,<10,<10,0,0,0,0,0,Kaplan-Meier,Liver,Both,60 to 69,0,None,Age,CRN
n.event,0,197,51,47,11,<10,<10,<10,<10,<10,<10,0,0,0,0,<10,0,0,0,0,0,Kaplan-Meier,Liver,Both,60 to 69,0,None,Age,CRN
n.risk,560,237,171,96,56,41,25,20,17,13,10,<10,<10,<10,<10,<10,<10,<10,<10,0,0,Kaplan-Meier,Liver,Both,70 to 79,0,None,Age,CRN
n.event,0,298,55,56,33,<10,<10,<10,<10,<10,0,0,0,0,<10,0,0,0,0,0,0,Kaplan-Meier,Liver,Both,70 to 79,0,None,Age,CRN
n.risk,416,155,89,42,20,12,<10,<10,<10,<10,<10,<10,0,0,0,0,0,0,0,0,0,Kaplan-Meier,Liver,Both,80 +,0,None,Age,CRN
n.event,0,255,58,41,18,<10,<10,<10,<10,0,0,<10,<10,0,0,0,0,0,0,0,0,Kaplan-Meier,Liver,Both,80 +,0,None,Age,CRN
n.risk,13,11,11,10,<10,<10,<10,<10,<10,<10,<10,<10,<10,<10,<10,<10,<10,<10,<10,<10,0,Kaplan-Meier,Prostate,Male,18 to 39,0,None,Age,CRN
n.event,0,0,0,0,0,0,0,0,0,0,<10,0,0,0,0,0,0,0,0,0,0,Kaplan-Meier,Prostate,Male,18 to 39,0,None,Age,CRN
n.risk,829,795,767,705,639,571,501,446,385,327,274,230,193,155,123,101,73,50,33,23,14,Kaplan-Meier,Prostate,Male,40 to 49,0,None,Age,CRN
n.event,0,<10,<10,10,<10,<10,<10,<10,<10,<10,<10,<10,<10,<10,<10,<10,<10,0,0,<10,<10,Kaplan-Meier,Prostate,Male,40 to 49,0,None,Age,CRN
n.risk,9976,9676,9327,8661,7962,7233,6527,5821,5174,4519,3882,3372,2827,2334,1860,1467,1137,826,575,381,190,Kaplan-Meier,Prostate,Male,50 to 59,10,None,Age,CRN
n.event,0,36,58,143,141,126,101,107,102,82,74,72,71,58,45,40,27,26,22,20,12,Kaplan-Meier,Prostate,Male,50 to 59,<10,None,Age,CRN
n.risk,29528,28517,27423,25178,22944,20566,18219,16149,14071,11996,9977,8369,6783,5340,4050,3058,2227,1474,963,620,305,Kaplan-Meier,Prostate,Male,60 to 69,13,None,Age,CRN
n.event,0,171,260,618,583,567,504,420,409,440,394,363,314,260,204,230,153,136,97,52,47,Kaplan-Meier,Prostate,Male,60 to 69,<10,None,Age,CRN
n.risk,25838,24476,23089,20249,17551,15132,12991,10954,9068,7337,5874,4665,3565,2659,1874,1296,865,533,305,166,63,Kaplan-Meier,Prostate,Male,70 to 79,<10,None,Age,CRN
n.event,0,544,556,1196,1160,1002,926,910,877,774,630,581,516,409,332,229,177,134,75,43,26,Kaplan-Meier,Prostate,Male,70 to 79,11,None,Age,CRN
n.risk,12172,10786,9688,7699,6026,4603,3503,2604,1857,1320,897,616,387,241,129,67,34,15,<10,<10,0,Kaplan-Meier,Prostate,Male,80 +,0,None,Age,CRN
n.event,0,1159,880,1585,1290,1091,842,664,568,396,290,191,168,96,61,36,22,13,<10,<10,<10,Kaplan-Meier,Prostate,Male,80 +,0,None,Age,CRN
n.risk,22,17,15,13,11,10,10,10,<10,<10,<10,<10,<10,<10,<10,<10,<10,<10,0,0,0,Kaplan-Meier,Liver,Female,18 to 39,NA,agesex,None,CRN
n.event,0,<10,<10,<10,<10,0,0,0,0,0,0,0,0,0,<10,0,0,0,0,0,0,Kaplan-Meier,Liver,Female,18 to 39,NA,agesex,None,CRN
n.risk,26,15,13,12,10,<10,<10,<10,<10,<10,<10,<10,<10,<10,0,0,0,0,0,0,0,Kaplan-Meier,Liver,Male,18 to 39,NA,agesex,None,CRN
n.event,0,10,<10,<10,<10,0,0,<10,<10,0,0,0,0,<10,0,0,0,0,0,0,0,Kaplan-Meier,Liver,Male,18 to 39,NA,agesex,None,CRN
n.risk,22,17,14,10,<10,<10,<10,<10,<10,<10,<10,<10,<10,<10,<10,<10,<10,<10,<10,<10,<10,Kaplan-Meier,Liver,Female,40 to 49,NA,agesex,None,CRN
n.event,0,<10,<10,<10,<10,0,0,0,0,<10,0,0,0,0,0,0,0,0,0,0,0,Kaplan-Meier,Liver,Female,40 to 49,NA,agesex,None,CRN
n.risk,73,27,20,15,14,12,11,10,<10,<10,<10,<10,<10,<10,0,0,0,0,0,0,0,Kaplan-Meier,Liver,Male,40 to 49,NA,agesex,None,CRN
n.event,0,45,<10,<10,0,<10,0,0,0,<10,0,<10,0,0,0,0,0,0,0,0,0,Kaplan-Meier,Liver,Male,40 to 49,NA,agesex,None,CRN
n.risk,63,41,37,27,20,13,12,<10,<10,<10,<10,<10,0,0,0,0,0,0,0,0,0,Kaplan-Meier,Liver,Female,50 to 59,NA,agesex,None,CRN
n.event,0,18,<10,<10,<10,<10,0,<10,0,<10,<10,0,0,0,0,0,0,0,0,0,0,Kaplan-Meier,Liver,Female,50 to 59,NA,agesex,None,CRN
n.risk,253,148,111,77,60,53,41,30,21,15,14,12,12,<10,<10,<10,<10,<10,<10,<10,0,Kaplan-Meier,Liver,Male,50 to 59,NA,agesex,None,CRN
n.event,0,103,33,23,11,<10,<10,<10,<10,0,0,<10,0,0,0,0,<10,0,0,0,<10,Kaplan-Meier,Liver,Male,50 to 59,NA,agesex,None,CRN
n.risk,107,64,49,33,30,26,20,15,13,10,<10,<10,<10,<10,<10,0,0,0,0,0,0,Kaplan-Meier,Liver,Female,60 to 69,NA,agesex,None,CRN
n.event,0,40,13,11,<10,<10,<10,<10,0,0,<10,0,0,0,0,<10,0,0,0,0,0,Kaplan-Meier,Liver,Female,60 to 69,NA,agesex,None,CRN
n.risk,371,201,149,97,69,53,41,33,18,12,<10,<10,<10,<10,<10,<10,0,0,0,0,0,Kaplan-Meier,Liver,Male,60 to 69,NA,agesex,None,CRN
n.event,0,157,38,36,10,<10,<10,<10,<10,<10,<10,0,0,0,0,0,0,0,0,0,0,Kaplan-Meier,Liver,Male,60 to 69,NA,agesex,None,CRN
n.risk,173,84,56,39,26,20,15,13,10,<10,<10,<10,<10,<10,<10,<10,<10,<10,<10,0,0,Kaplan-Meier,Liver,Female,70 to 79,NA,agesex,None,CRN
n.event,0,84,26,12,<10,<10,<10,<10,<10,<10,0,0,0,0,<10,0,0,0,0,0,0,Kaplan-Meier,Liver,Female,70 to 79,NA,agesex,None,CRN
n.risk,387,153,115,57,30,21,10,<10,<10,<10,<10,<10,<10,<10,<10,<10,0,0,0,0,0,Kaplan-Meier,Liver,Male,70 to 79,NA,agesex,None,CRN
n.event,0,214,29,44,24,<10,<10,<10,0,<10,0,0,0,0,<10,0,0,0,0,0,0,Kaplan-Meier,Liver,Male,70 to 79,NA,agesex,None,CRN
n.risk,170,56,30,15,<10,<10,<10,<10,<10,<10,<10,<10,0,0,0,0,0,0,0,0,0,Kaplan-Meier,Liver,Female,80 +,NA,agesex,None,CRN
n.event,0,112,22,13,<10,<10,<10,<10,0,0,0,0,<10,0,0,0,0,0,0,0,0,Kaplan-Meier,Liver,Female,80 +,NA,agesex,None,CRN
n.risk,246,99,59,27,12,<10,<10,<10,<10,<10,<10,0,0,0,0,0,0,0,0,0,0,Kaplan-Meier,Liver,Male,80 +,NA,agesex,None,CRN
n.event,0,143,36,28,12,<10,<10,<10,<10,0,0,<10,0,0,0,0,0,0,0,0,0,Kaplan-Meier,Liver,Male,80 +,NA,agesex,None,CRN
