details,0,0.5,1,2,3,4,5,6,7,8,9,10,11,12,13,14,15,16,17,18,19,20,Method,Cancer,Sex,Age,Stratification,Adjustment,Database
n.risk,63315,53063,47569,39046,32882,27864,23845,20379,17356,14741,12532,10469,8660,7081,5704,4494,3408,2486,1712,1052,494,20,Kaplan-Meier,Colorectal,Both,All,None,None,CRN
n.event,0,8643,4000,5694,3639,2626,1894,1506,1225,1106,858,715,620,514,407,357,267,197,149,93,48,18,Kaplan-Meier,Colorectal,Both,All,None,None,CRN
n.risk,10879,9648,8561,7011,5954,5139,4430,3794,3270,2783,2345,1956,1597,1297,1044,811,616,471,326,195,94,<10,Kaplan-Meier,Head_and_neck,Both,All,None,None,CRN
n.event,0,913,790,989,571,388,316,268,196,191,150,138,121,87,79,63,41,29,32,18,12,<10,Kaplan-Meier,Head_and_neck,Both,All,None,None,CRN
n.risk,1913,922,668,422,297,236,183,141,101,75,61,46,41,29,17,14,<10,<10,<10,<10,<10,0,Kaplan-Meier,Liver,Both,All,None,None,CRN
n.event,0,936,213,182,82,31,17,18,13,<10,<10,<10,<10,<10,<10,<10,<10,0,0,0,<10,0,Kaplan-Meier,Liver,Both,All,None,None,CRN
n.risk,33204,19191,13343,8052,5653,4283,3299,2612,2091,1656,1304,1049,827,639,487,358,262,193,126,77,37,0,Kaplan-Meier,Lung,Both,All,None,None,CRN
n.event,0,13262,5252,4339,1719,831,495,334,254,191,144,117,85,79,49,32,29,17,18,<10,<10,0,Kaplan-Meier,Lung,Both,All,None,None,CRN
n.risk,10512,4041,2138,860,458,297,211,168,133,105,81,72,57,46,38,22,18,15,11,<10,<10,0,Kaplan-Meier,Pancreatic,Both,All,None,None,CRN
n.event,0,6267,1801,1141,333,116,62,18,20,11,<10,<10,<10,<10,<10,<10,0,<10,0,0,<10,0,Kaplan-Meier,Pancreatic,Both,All,None,None,CRN
n.risk,7842,4718,3316,2054,1532,1205,1001,858,729,611,512,439,378,320,250,205,162,114,77,51,25,0,Kaplan-Meier,Stomach,Both,All,None,None,CRN
n.event,0,2983,1302,1141,429,237,140,79,63,62,40,32,33,16,22,13,17,15,<10,<10,<10,0,Kaplan-Meier,Stomach,Both,All,None,None,CRN
n.risk,31389,26237,23533,19463,16581,14135,12195,10484,9004,7690,6563,5538,4572,3756,3044,2388,1817,1350,939,571,269,12,Kaplan-Meier,Colorectal,Female,All,Sex,None,CRN
n.event,0,4365,1992,2727,1667,1238,882,723,587,548,430,369,338,276,219,193,139,93,87,47,29,<10,Kaplan-Meier,Colorectal,Female,All,Sex,None,CRN
n.risk,31926,26826,24036,19583,16301,13729,11650,9895,8352,7051,5969,4931,4088,3325,2660,2106,1591,1136,773,481,225,<10,Kaplan-Meier,Colorectal,Male,All,Sex,None,CRN
n.event,0,4278,2008,2967,1972,1388,1012,783,638,558,428,346,282,238,188,164,128,104,62,46,19,<10,Kaplan-Meier,Colorectal,Male,All,Sex,None,CRN
n.risk,3536,3121,2777,2303,1964,1699,1463,1257,1093,952,802,654,548,438,348,259,182,129,88,54,20,<10,Kaplan-Meier,Head_and_neck,Female,All,Sex,None,CRN
n.event,0,309,240,297,157,115,98,81,59,62,41,48,35,31,26,21,17,<10,<10,<10,<10,<10,Kaplan-Meier,Head_and_neck,Female,All,Sex,None,CRN
n.risk,7343,6527,5784,4708,3990,3440,2967,2537,2177,1831,1543,1302,1049,859,696,552,434,342,238,141,74,<10,Kaplan-Meier,Head_and_neck,Male,All,Sex,None,CRN
n.event,0,604,550,692,414,273,218,187,137,129,109,90,86,56,53,42,24,21,23,16,<10,<10,Kaplan-Meier,Head_and_neck,Male,All,Sex,None,CRN
n.risk,557,279,201,137,102,81,66,51,41,32,26,21,17,13,<10,<10,<10,<10,<10,<10,<10,0,Kaplan-Meier,Liver,Female,All,Sex,None,CRN
n.event,0,264,68,48,23,13,<10,<10,<10,<10,<10,0,<10,0,<10,<10,0,0,0,0,0,0,Kaplan-Meier,Liver,Female,All,Sex,None,CRN
n.risk,1356,643,467,285,195,155,117,90,60,43,35,25,24,16,11,<10,<10,<10,<10,<10,0,0,Kaplan-Meier,Liver,Male,All,Sex,None,CRN
n.event,0,672,145,134,59,18,<10,11,11,<10,<10,<10,0,<10,<10,0,<10,0,0,0,<10,0,Kaplan-Meier,Liver,Male,All,Sex,None,CRN
n.risk,14229,8703,6280,3912,2806,2144,1646,1318,1044,836,665,539,429,325,246,184,137,100,64,37,16,0,Kaplan-Meier,Lung,Female,All,Sex,None,CRN
n.event,0,5161,2108,1845,773,386,234,140,125,90,66,55,38,42,22,13,11,<10,<10,<10,<10,0,Kaplan-Meier,Lung,Female,All,Sex,None,CRN
n.risk,18975,10488,7063,4140,2847,2139,1653,1294,1047,820,639,510,398,314,241,174,125,93,62,40,21,0,Kaplan-Meier,Lung,Male,All,Sex,None,CRN
n.event,0,8101,3144,2494,946,445,261,194,129,101,78,62,47,37,27,19,18,<10,<10,<10,0,0,Kaplan-Meier,Lung,Male,All,Sex,None,CRN
n.risk,5355,2031,1075,437,239,153,117,91,72,62,50,43,34,25,23,13,11,<10,<10,<10,<10,0,Kaplan-Meier,Pancreatic,Female,All,Sex,None,CRN
n.event,0,3234,911,571,163,65,25,11,11,<10,<10,<10,<10,<10,<10,<10,0,<10,0,0,<10,0,Kaplan-Meier,Pancreatic,Female,All,Sex,None,CRN
n.risk,5157,2010,1063,423,219,144,94,77,61,43,31,29,23,21,15,<10,<10,<10,<10,<10,<10,0,Kaplan-Meier,Pancreatic,Male,All,Sex,None,CRN
n.event,0,3033,890,570,170,51,37,<10,<10,<10,<10,<10,<10,<10,<10,<10,0,0,0,0,0,0,Kaplan-Meier,Pancreatic,Male,All,Sex,None,CRN
n.risk,3002,1748,1214,757,560,453,381,325,283,237,203,184,154,133,105,85,67,51,35,23,13,0,Kaplan-Meier,Stomach,Female,All,Sex,None,CRN
n.event,0,1203,497,417,168,84,54,30,22,26,15,11,15,<10,<10,<10,<10,<10,<10,<10,<10,0,Kaplan-Meier,Stomach,Female,All,Sex,None,CRN
n.risk,4840,2970,2102,1297,972,752,620,533,446,374,309,255,224,187,145,120,95,63,42,28,12,0,Kaplan-Meier,Stomach,Male,All,Sex,None,CRN
n.event,0,1780,805,724,261,153,86,49,41,36,25,21,18,11,13,<10,12,11,<10,<10,<10,0,Kaplan-Meier,Stomach,Male,All,Sex,None,CRN
n.risk,31389,26237,23533,19463,16581,14135,12195,10484,9004,7690,6563,5538,4572,3756,3044,2388,1817,1350,939,571,269,12,Kaplan-Meier,Colorectal,Female,All,None,Sex,CRN
n.event,0,4365,1992,2727,1667,1238,882,723,587,548,430,369,338,276,219,193,139,93,87,47,29,<10,Kaplan-Meier,Colorectal,Female,All,None,Sex,CRN
n.risk,31926,26826,24036,19583,16301,13729,11650,9895,8352,7051,5969,4931,4088,3325,2660,2106,1591,1136,773,481,225,<10,Kaplan-Meier,Colorectal,Male,All,None,Sex,CRN
n.event,0,4278,2008,2967,1972,1388,1012,783,638,558,428,346,282,238,188,164,128,104,62,46,19,<10,Kaplan-Meier,Colorectal,Male,All,None,Sex,CRN
n.risk,3536,3121,2777,2303,1964,1699,1463,1257,1093,952,802,654,548,438,348,259,182,129,88,54,20,<10,Kaplan-Meier,Head_and_neck,Female,All,None,Sex,CRN
n.event,0,309,240,297,157,115,98,81,59,62,41,48,35,31,26,21,17,<10,<10,<10,<10,<10,Kaplan-Meier,Head_and_neck,Female,All,None,Sex,CRN
n.risk,7343,6527,5784,4708,3990,3440,2967,2537,2177,1831,1543,1302,1049,859,696,552,434,342,238,141,74,<10,Kaplan-Meier,Head_and_neck,Male,All,None,Sex,CRN
n.event,0,604,550,692,414,273,218,187,137,129,109,90,86,56,53,42,24,21,23,16,<10,<10,Kaplan-Meier,Head_and_neck,Male,All,None,Sex,CRN
n.risk,557,279,201,137,102,81,66,51,41,32,26,21,17,13,<10,<10,<10,<10,<10,<10,<10,0,Kaplan-Meier,Liver,Female,All,None,Sex,CRN
n.event,0,264,68,48,23,13,<10,<10,<10,<10,<10,0,<10,0,<10,<10,0,0,0,0,0,0,Kaplan-Meier,Liver,Female,All,None,Sex,CRN
n.risk,1356,643,467,285,195,155,117,90,60,43,35,25,24,16,11,<10,<10,<10,<10,<10,0,0,Kaplan-Meier,Liver,Male,All,None,Sex,CRN
n.event,0,672,145,134,59,18,<10,11,11,<10,<10,<10,0,<10,<10,0,<10,0,0,0,<10,0,Kaplan-Meier,Liver,Male,All,None,Sex,CRN
n.risk,14229,8703,6280,3912,2806,2144,1646,1318,1044,836,665,539,429,325,246,184,137,100,64,37,16,0,Kaplan-Meier,Lung,Female,All,None,Sex,CRN
n.event,0,5161,2108,1845,773,386,234,140,125,90,66,55,38,42,22,13,11,<10,<10,<10,<10,0,Kaplan-Meier,Lung,Female,All,None,Sex,CRN
n.risk,18975,10488,7063,4140,2847,2139,1653,1294,1047,820,639,510,398,314,241,174,125,93,62,40,21,0,Kaplan-Meier,Lung,Male,All,None,Sex,CRN
n.event,0,8101,3144,2494,946,445,261,194,129,101,78,62,47,37,27,19,18,<10,<10,<10,0,0,Kaplan-Meier,Lung,Male,All,None,Sex,CRN
n.risk,5355,2031,1075,437,239,153,117,91,72,62,50,43,34,25,23,13,11,<10,<10,<10,<10,0,Kaplan-Meier,Pancreatic,Female,All,None,Sex,CRN
n.event,0,3234,911,571,163,65,25,11,11,<10,<10,<10,<10,<10,<10,<10,0,<10,0,0,<10,0,Kaplan-Meier,Pancreatic,Female,All,None,Sex,CRN
n.risk,5157,2010,1063,423,219,144,94,77,61,43,31,29,23,21,15,<10,<10,<10,<10,<10,<10,0,Kaplan-Meier,Pancreatic,Male,All,None,Sex,CRN
n.event,0,3033,890,570,170,51,37,<10,<10,<10,<10,<10,<10,<10,<10,<10,0,0,0,0,0,0,Kaplan-Meier,Pancreatic,Male,All,None,Sex,CRN
n.risk,3002,1748,1214,757,560,453,381,325,283,237,203,184,154,133,105,85,67,51,35,23,13,0,Kaplan-Meier,Stomach,Female,All,None,Sex,CRN
n.event,0,1203,497,417,168,84,54,30,22,26,15,11,15,<10,<10,<10,<10,<10,<10,<10,<10,0,Kaplan-Meier,Stomach,Female,All,None,Sex,CRN
n.risk,4840,2970,2102,1297,972,752,620,533,446,374,309,255,224,187,145,120,95,63,42,28,12,0,Kaplan-Meier,Stomach,Male,All,None,Sex,CRN
n.event,0,1780,805,724,261,153,86,49,41,36,25,21,18,11,13,<10,12,11,<10,<10,<10,0,Kaplan-Meier,Stomach,Male,All,None,Sex,CRN
n.risk,904,820,746,638,535,475,419,371,332,297,268,237,209,182,151,125,95,76,60,38,20,<10,Kaplan-Meier,Colorectal,Both,18 to 39,Age,None,CRN
n.event,0,45,55,67,52,16,21,<10,<10,<10,<10,<10,0,0,0,0,0,<10,0,<10,0,0,Kaplan-Meier,Colorectal,Both,18 to 39,Age,None,CRN
n.risk,2728,2509,2284,1928,1666,1433,1265,1116,998,912,817,718,642,562,492,410,319,248,169,111,54,<10,Kaplan-Meier,Colorectal,Both,40 to 49,Age,None,CRN
n.event,0,136,145,205,130,95,52,46,18,14,12,13,<10,<10,<10,13,10,<10,<10,<10,0,0,Kaplan-Meier,Colorectal,Both,40 to 49,Age,None,CRN
n.risk,7996,7323,6742,5755,4983,4330,3846,3399,3009,2669,2385,2104,1818,1581,1330,1119,910,702,505,332,163,<10,Kaplan-Meier,Colorectal,Both,50 to 59,Age,None,CRN
n.event,0,468,362,634,421,301,198,147,94,92,40,37,37,32,34,15,21,17,13,13,<10,<10,Kaplan-Meier,Colorectal,Both,50 to 59,Age,None,CRN
n.risk,15578,13916,12723,10690,9216,8027,6991,6072,5269,4557,3960,3364,2851,2368,1936,1559,1196,887,637,384,185,10,Kaplan-Meier,Colorectal,Both,60 to 69,Age,None,CRN
n.event,0,1247,796,1282,785,498,376,282,239,189,139,125,102,87,84,73,70,46,42,22,21,<10,Kaplan-Meier,Colorectal,Both,60 to 69,Age,None,CRN
n.risk,19513,16448,14779,12183,10232,8651,7383,6307,5345,4505,3755,3079,2465,1937,1508,1112,782,516,320,178,69,<10,Kaplan-Meier,Colorectal,Both,70 to 79,Age,None,CRN
n.event,0,2559,1185,1615,1104,830,594,499,403,379,349,308,269,242,177,181,133,104,74,49,19,11,Kaplan-Meier,Colorectal,Both,70 to 79,Age,None,CRN
n.risk,16596,12047,10295,7852,6250,4948,3941,3114,2403,1801,1347,967,675,451,287,169,106,57,21,<10,<10,0,Kaplan-Meier,Colorectal,Both,80 +,Age,None,CRN
n.event,0,4188,1457,1891,1147,886,653,525,463,425,316,231,206,146,108,75,33,28,15,<10,<10,0,Kaplan-Meier,Colorectal,Both,80 +,Age,None,CRN
n.risk,331,324,310,267,238,219,198,178,169,154,132,115,96,86,72,60,54,41,29,23,13,0,Kaplan-Meier,Head_and_neck,Both,18 to 39,Age,None,CRN
n.event,0,<10,<10,14,<10,<10,<10,<10,0,<10,0,<10,<10,0,0,<10,<10,0,0,0,<10,0,Kaplan-Meier,Head_and_neck,Both,18 to 39,Age,None,CRN
n.risk,801,765,703,613,549,486,433,381,345,308,270,236,196,170,133,119,98,83,61,41,22,<10,Kaplan-Meier,Head_and_neck,Both,40 to 49,Age,None,CRN
n.event,0,11,38,51,24,15,13,<10,<10,<10,10,<10,<10,<10,<10,<10,0,<10,<10,<10,<10,<10,Kaplan-Meier,Head_and_neck,Both,40 to 49,Age,None,CRN
n.risk,2463,2293,2108,1802,1587,1408,1259,1125,985,862,752,650,556,469,404,316,251,189,134,76,38,<10,Kaplan-Meier,Head_and_neck,Both,50 to 59,Age,None,CRN
n.event,0,97,122,179,104,71,59,46,39,27,22,24,20,16,14,17,<10,<10,10,<10,<10,<10,Kaplan-Meier,Head_and_neck,Both,50 to 59,Age,None,CRN
n.risk,3244,2928,2586,2108,1812,1563,1345,1148,988,845,703,580,463,373,298,223,153,119,75,39,17,0,Kaplan-Meier,Head_and_neck,Both,60 to 69,Age,None,CRN
n.event,0,222,248,290,153,120,89,66,48,51,51,45,41,28,26,25,16,<10,13,<10,<10,0,Kaplan-Meier,Head_and_neck,Both,60 to 69,Age,None,CRN
n.risk,2425,2073,1808,1460,1191,1004,849,713,593,484,397,307,240,171,121,84,56,37,26,15,<10,0,Kaplan-Meier,Head_and_neck,Both,70 to 79,Age,None,CRN
n.event,0,263,197,226,155,95,78,77,57,62,42,46,41,29,26,14,12,12,<10,<10,<10,<10,Kaplan-Meier,Head_and_neck,Both,70 to 79,Age,None,CRN
n.risk,1615,1265,1046,761,577,459,346,249,190,130,91,68,46,28,16,<10,<10,<10,<10,<10,0,0,Kaplan-Meier,Head_and_neck,Both,80 +,Age,None,CRN
n.event,0,317,181,229,126,81,76,67,44,43,25,16,13,11,<10,<10,<10,<10,<10,0,0,0,Kaplan-Meier,Head_and_neck,Both,80 +,Age,None,CRN
n.risk,48,32,28,25,21,19,19,16,11,10,<10,<10,<10,<10,<10,<10,<10,<10,0,0,0,0,Kaplan-Meier,Liver,Both,18 to 39,Age,None,CRN
n.event,0,15,<10,<10,<10,0,0,<10,<10,0,0,0,0,<10,<10,0,0,0,0,0,0,0,Kaplan-Meier,Liver,Both,18 to 39,Age,None,CRN
n.risk,95,44,34,25,21,19,17,14,12,<10,<10,<10,<10,<10,<10,<10,<10,<10,<10,<10,<10,0,Kaplan-Meier,Liver,Both,40 to 49,Age,None,CRN
n.event,0,50,10,<10,<10,<10,0,0,0,<10,0,<10,0,0,0,0,0,0,0,0,0,0,Kaplan-Meier,Liver,Both,40 to 49,Age,None,CRN
n.risk,316,189,148,104,80,66,53,38,28,21,18,15,12,<10,<10,<10,<10,<10,<10,<10,0,0,Kaplan-Meier,Liver,Both,50 to 59,Age,None,CRN
n.event,0,121,36,31,16,<10,<10,<10,<10,<10,<10,<10,0,0,0,0,<10,0,0,0,<10,0,Kaplan-Meier,Liver,Both,50 to 59,Age,None,CRN
n.risk,478,265,198,130,99,79,61,48,31,22,16,11,11,<10,<10,<10,0,0,0,0,0,0,Kaplan-Meier,Liver,Both,60 to 69,Age,None,CRN
n.event,0,197,51,47,11,<10,<10,<10,<10,<10,<10,0,0,0,0,<10,0,0,0,0,0,0,Kaplan-Meier,Liver,Both,60 to 69,Age,None,CRN
n.risk,560,237,171,96,56,41,25,20,17,13,10,<10,<10,<10,<10,<10,<10,<10,<10,0,0,0,Kaplan-Meier,Liver,Both,70 to 79,Age,None,CRN
n.event,0,298,55,56,33,<10,<10,<10,<10,<10,0,0,0,0,<10,0,0,0,0,0,0,0,Kaplan-Meier,Liver,Both,70 to 79,Age,None,CRN
n.risk,416,155,89,42,20,12,<10,<10,<10,<10,<10,<10,0,0,0,0,0,0,0,0,0,0,Kaplan-Meier,Liver,Both,80 +,Age,None,CRN
n.event,0,255,58,41,18,<10,<10,<10,<10,0,0,<10,<10,0,0,0,0,0,0,0,0,0,Kaplan-Meier,Liver,Both,80 +,Age,None,CRN
n.risk,144,92,68,38,26,22,21,20,18,15,13,11,<10,<10,<10,<10,<10,<10,<10,<10,<10,0,Kaplan-Meier,Lung,Both,18 to 39,Age,None,CRN
n.event,0,47,23,20,10,<10,0,0,0,<10,0,0,<10,<10,0,0,0,0,0,0,0,0,Kaplan-Meier,Lung,Both,18 to 39,Age,None,CRN
n.risk,970,675,473,300,229,178,149,134,121,101,89,81,72,62,50,41,30,22,17,10,<10,0,Kaplan-Meier,Lung,Both,40 to 49,Age,None,CRN
n.event,0,283,183,150,54,31,13,<10,<10,<10,<10,<10,<10,<10,<10,<10,<10,<10,0,0,0,0,Kaplan-Meier,Lung,Both,40 to 49,Age,None,CRN
n.risk,4487,2968,2090,1333,1026,843,692,591,509,436,378,328,272,229,185,140,108,88,61,41,16,0,Kaplan-Meier,Lung,Both,50 to 59,Age,None,CRN
n.event,0,1428,818,653,225,120,72,40,41,35,20,16,11,14,14,11,13,<10,<10,<10,<10,0,Kaplan-Meier,Lung,Both,50 to 59,Age,None,CRN
n.risk,10038,6419,4606,2929,2118,1658,1300,1044,837,673,515,399,304,223,167,112,77,59,36,20,10,0,Kaplan-Meier,Lung,Both,60 to 69,Age,None,CRN
n.event,0,3384,1628,1372,579,267,175,102,82,58,55,46,39,29,19,13,<10,<10,<10,<10,<10,0,Kaplan-Meier,Lung,Both,60 to 69,Age,None,CRN
n.risk,11565,6559,4579,2714,1839,1312,960,706,523,381,275,210,155,108,75,56,40,18,<10,<10,<10,0,Kaplan-Meier,Lung,Both,70 to 79,Age,None,CRN
n.event,0,4707,1715,1476,599,312,183,144,102,74,53,40,30,30,11,<10,<10,<10,<10,<10,0,0,Kaplan-Meier,Lung,Both,70 to 79,Age,None,CRN
n.risk,6000,2478,1527,738,415,270,177,117,83,50,34,20,15,<10,<10,<10,<10,<10,0,0,0,0,Kaplan-Meier,Lung,Both,80 +,Age,None,CRN
n.event,0,3413,885,668,252,99,52,40,25,17,13,12,<10,<10,<10,0,0,0,<10,0,0,0,Kaplan-Meier,Lung,Both,80 +,Age,None,CRN
n.risk,74,46,27,17,13,<10,<10,<10,<10,<10,<10,<10,<10,<10,<10,<10,<10,<10,<10,<10,<10,0,Kaplan-Meier,Pancreatic,Both,18 to 39,Age,None,CRN
n.event,0,25,19,<10,<10,<10,0,<10,0,0,0,0,0,0,0,0,0,0,0,0,0,0,Kaplan-Meier,Pancreatic,Both,18 to 39,Age,None,CRN
n.risk,346,212,120,54,32,22,14,14,12,12,10,<10,<10,<10,<10,<10,<10,<10,<10,<10,<10,0,Kaplan-Meier,Pancreatic,Both,40 to 49,Age,None,CRN
n.event,0,130,86,60,16,<10,<10,0,<10,0,0,<10,0,0,0,0,0,0,0,0,0,0,Kaplan-Meier,Pancreatic,Both,40 to 49,Age,None,CRN
n.risk,1331,708,416,180,95,62,48,35,28,20,18,17,14,11,11,<10,<10,<10,<10,<10,<10,0,Kaplan-Meier,Pancreatic,Both,50 to 59,Age,None,CRN
n.event,0,597,274,214,73,25,14,<10,<10,<10,0,0,<10,<10,0,0,0,0,0,0,0,0,Kaplan-Meier,Pancreatic,Both,50 to 59,Age,None,CRN
n.risk,2757,1323,718,289,158,98,67,53,42,30,23,21,16,16,11,<10,<10,<10,<10,<10,<10,0,Kaplan-Meier,Pancreatic,Both,60 to 69,Age,None,CRN
n.event,0,1363,571,383,110,41,22,<10,<10,<10,<10,<10,0,0,<10,<10,0,<10,0,0,<10,0,Kaplan-Meier,Pancreatic,Both,60 to 69,Age,None,CRN
n.risk,3300,1196,620,240,112,76,48,41,32,29,21,18,14,<10,<10,<10,<10,<10,<10,<10,<10,0,Kaplan-Meier,Pancreatic,Both,70 to 79,Age,None,CRN
n.event,0,2032,542,328,104,26,17,<10,<10,<10,<10,<10,<10,<10,<10,<10,0,0,0,0,0,0,Kaplan-Meier,Pancreatic,Both,70 to 79,Age,None,CRN
n.risk,2704,556,237,80,48,30,25,19,14,<10,<10,<10,<10,<10,<10,0,0,0,0,0,0,0,Kaplan-Meier,Pancreatic,Both,80 +,Age,None,CRN
n.event,0,2120,309,149,28,17,<10,<10,<10,<10,<10,<10,0,<10,0,<10,0,0,0,0,0,0,Kaplan-Meier,Pancreatic,Both,80 +,Age,None,CRN
n.risk,152,121,72,55,45,34,29,25,24,23,20,17,16,16,13,13,12,<10,<10,<10,<10,0,Kaplan-Meier,Stomach,Both,18 to 39,Age,None,CRN
n.event,0,28,48,16,<10,<10,<10,0,0,0,0,0,0,0,0,0,0,0,0,0,0,0,Kaplan-Meier,Stomach,Both,18 to 39,Age,None,CRN
n.risk,329,238,176,103,81,64,55,48,41,37,33,28,25,18,16,15,14,12,<10,<10,<10,0,Kaplan-Meier,Stomach,Both,40 to 49,Age,None,CRN
n.event,0,82,60,63,17,14,<10,<10,0,<10,0,<10,0,<10,0,0,0,0,0,0,0,0,Kaplan-Meier,Stomach,Both,40 to 49,Age,None,CRN
n.risk,967,706,509,310,241,201,173,152,132,109,98,87,77,63,53,42,36,29,22,14,<10,0,Kaplan-Meier,Stomach,Both,50 to 59,Age,None,CRN
n.event,0,236,177,180,61,22,18,<10,<10,<10,<10,<10,<10,<10,<10,<10,<10,<10,0,<10,<10,0,Kaplan-Meier,Stomach,Both,50 to 59,Age,None,CRN
n.risk,1713,1199,896,580,434,354,305,268,233,195,170,151,136,123,94,78,58,36,24,15,<10,0,Kaplan-Meier,Stomach,Both,60 to 69,Age,None,CRN
n.event,0,484,282,288,120,49,27,18,<10,17,<10,<10,<10,<10,<10,<10,<10,10,<10,<10,<10,0,Kaplan-Meier,Stomach,Both,60 to 69,Age,None,CRN
n.risk,2352,1408,985,627,466,367,301,262,223,189,145,121,100,83,65,53,41,28,17,11,<10,0,Kaplan-Meier,Stomach,Both,70 to 79,Age,None,CRN
n.event,0,898,388,311,124,76,47,22,28,22,22,15,13,<10,<10,<10,<10,<10,<10,<10,<10,0,Kaplan-Meier,Stomach,Both,70 to 79,Age,None,CRN
n.risk,2329,1046,678,379,265,185,138,103,76,58,46,35,24,17,<10,<10,<10,0,0,0,0,0,Kaplan-Meier,Stomach,Both,80 +,Age,None,CRN
n.event,0,1255,347,283,100,68,39,32,22,12,10,11,<10,<10,<10,<10,<10,<10,0,0,0,0,Kaplan-Meier,Stomach,Both,80 +,Age,None,CRN
n.risk,904,820,746,638,535,475,419,371,332,297,268,237,209,182,151,125,95,76,60,38,20,<10,Kaplan-Meier,Colorectal,Both,18 to 39,None,Age,CRN
n.event,0,45,55,67,52,16,21,<10,<10,<10,<10,<10,0,0,0,0,0,<10,0,<10,0,0,Kaplan-Meier,Colorectal,Both,18 to 39,None,Age,CRN
n.risk,2728,2509,2284,1928,1666,1433,1265,1116,998,912,817,718,642,562,492,410,319,248,169,111,54,<10,Kaplan-Meier,Colorectal,Both,40 to 49,None,Age,CRN
n.event,0,136,145,205,130,95,52,46,18,14,12,13,<10,<10,<10,13,10,<10,<10,<10,0,0,Kaplan-Meier,Colorectal,Both,40 to 49,None,Age,CRN
n.risk,7996,7323,6742,5755,4983,4330,3846,3399,3009,2669,2385,2104,1818,1581,1330,1119,910,702,505,332,163,<10,Kaplan-Meier,Colorectal,Both,50 to 59,None,Age,CRN
n.event,0,468,362,634,421,301,198,147,94,92,40,37,37,32,34,15,21,17,13,13,<10,<10,Kaplan-Meier,Colorectal,Both,50 to 59,None,Age,CRN
n.risk,15578,13916,12723,10690,9216,8027,6991,6072,5269,4557,3960,3364,2851,2368,1936,1559,1196,887,637,384,185,10,Kaplan-Meier,Colorectal,Both,60 to 69,None,Age,CRN
n.event,0,1247,796,1282,785,498,376,282,239,189,139,125,102,87,84,73,70,46,42,22,21,<10,Kaplan-Meier,Colorectal,Both,60 to 69,None,Age,CRN
n.risk,19513,16448,14779,12183,10232,8651,7383,6307,5345,4505,3755,3079,2465,1937,1508,1112,782,516,320,178,69,<10,Kaplan-Meier,Colorectal,Both,70 to 79,None,Age,CRN
n.event,0,2559,1185,1615,1104,830,594,499,403,379,349,308,269,242,177,181,133,104,74,49,19,11,Kaplan-Meier,Colorectal,Both,70 to 79,None,Age,CRN
n.risk,16596,12047,10295,7852,6250,4948,3941,3114,2403,1801,1347,967,675,451,287,169,106,57,21,<10,<10,0,Kaplan-Meier,Colorectal,Both,80 +,None,Age,CRN
n.event,0,4188,1457,1891,1147,886,653,525,463,425,316,231,206,146,108,75,33,28,15,<10,<10,0,Kaplan-Meier,Colorectal,Both,80 +,None,Age,CRN
n.risk,331,324,310,267,238,219,198,178,169,154,132,115,96,86,72,60,54,41,29,23,13,0,Kaplan-Meier,Head_and_neck,Both,18 to 39,None,Age,CRN
n.event,0,<10,<10,14,<10,<10,<10,<10,0,<10,0,<10,<10,0,0,<10,<10,0,0,0,<10,0,Kaplan-Meier,Head_and_neck,Both,18 to 39,None,Age,CRN
n.risk,801,765,703,613,549,486,433,381,345,308,270,236,196,170,133,119,98,83,61,41,22,<10,Kaplan-Meier,Head_and_neck,Both,40 to 49,None,Age,CRN
n.event,0,11,38,51,24,15,13,<10,<10,<10,10,<10,<10,<10,<10,<10,0,<10,<10,<10,<10,<10,Kaplan-Meier,Head_and_neck,Both,40 to 49,None,Age,CRN
n.risk,2463,2293,2108,1802,1587,1408,1259,1125,985,862,752,650,556,469,404,316,251,189,134,76,38,<10,Kaplan-Meier,Head_and_neck,Both,50 to 59,None,Age,CRN
n.event,0,97,122,179,104,71,59,46,39,27,22,24,20,16,14,17,<10,<10,10,<10,<10,<10,Kaplan-Meier,Head_and_neck,Both,50 to 59,None,Age,CRN
n.risk,3244,2928,2586,2108,1812,1563,1345,1148,988,845,703,580,463,373,298,223,153,119,75,39,17,0,Kaplan-Meier,Head_and_neck,Both,60 to 69,None,Age,CRN
n.event,0,222,248,290,153,120,89,66,48,51,51,45,41,28,26,25,16,<10,13,<10,<10,0,Kaplan-Meier,Head_and_neck,Both,60 to 69,None,Age,CRN
n.risk,2425,2073,1808,1460,1191,1004,849,713,593,484,397,307,240,171,121,84,56,37,26,15,<10,0,Kaplan-Meier,Head_and_neck,Both,70 to 79,None,Age,CRN
n.event,0,263,197,226,155,95,78,77,57,62,42,46,41,29,26,14,12,12,<10,<10,<10,<10,Kaplan-Meier,Head_and_neck,Both,70 to 79,None,Age,CRN
n.risk,1615,1265,1046,761,577,459,346,249,190,130,91,68,46,28,16,<10,<10,<10,<10,<10,0,0,Kaplan-Meier,Head_and_neck,Both,80 +,None,Age,CRN
n.event,0,317,181,229,126,81,76,67,44,43,25,16,13,11,<10,<10,<10,<10,<10,0,0,0,Kaplan-Meier,Head_and_neck,Both,80 +,None,Age,CRN
n.risk,48,32,28,25,21,19,19,16,11,10,<10,<10,<10,<10,<10,<10,<10,<10,0,0,0,0,Kaplan-Meier,Liver,Both,18 to 39,None,Age,CRN
n.event,0,15,<10,<10,<10,0,0,<10,<10,0,0,0,0,<10,<10,0,0,0,0,0,0,0,Kaplan-Meier,Liver,Both,18 to 39,None,Age,CRN
n.risk,95,44,34,25,21,19,17,14,12,<10,<10,<10,<10,<10,<10,<10,<10,<10,<10,<10,<10,0,Kaplan-Meier,Liver,Both,40 to 49,None,Age,CRN
n.event,0,50,10,<10,<10,<10,0,0,0,<10,0,<10,0,0,0,0,0,0,0,0,0,0,Kaplan-Meier,Liver,Both,40 to 49,None,Age,CRN
n.risk,316,189,148,104,80,66,53,38,28,21,18,15,12,<10,<10,<10,<10,<10,<10,<10,0,0,Kaplan-Meier,Liver,Both,50 to 59,None,Age,CRN
n.event,0,121,36,31,16,<10,<10,<10,<10,<10,<10,<10,0,0,0,0,<10,0,0,0,<10,0,Kaplan-Meier,Liver,Both,50 to 59,None,Age,CRN
n.risk,478,265,198,130,99,79,61,48,31,22,16,11,11,<10,<10,<10,0,0,0,0,0,0,Kaplan-Meier,Liver,Both,60 to 69,None,Age,CRN
n.event,0,197,51,47,11,<10,<10,<10,<10,<10,<10,0,0,0,0,<10,0,0,0,0,0,0,Kaplan-Meier,Liver,Both,60 to 69,None,Age,CRN
n.risk,560,237,171,96,56,41,25,20,17,13,10,<10,<10,<10,<10,<10,<10,<10,<10,0,0,0,Kaplan-Meier,Liver,Both,70 to 79,None,Age,CRN
n.event,0,298,55,56,33,<10,<10,<10,<10,<10,0,0,0,0,<10,0,0,0,0,0,0,0,Kaplan-Meier,Liver,Both,70 to 79,None,Age,CRN
n.risk,416,155,89,42,20,12,<10,<10,<10,<10,<10,<10,0,0,0,0,0,0,0,0,0,0,Kaplan-Meier,Liver,Both,80 +,None,Age,CRN
n.event,0,255,58,41,18,<10,<10,<10,<10,0,0,<10,<10,0,0,0,0,0,0,0,0,0,Kaplan-Meier,Liver,Both,80 +,None,Age,CRN
n.risk,144,92,68,38,26,22,21,20,18,15,13,11,<10,<10,<10,<10,<10,<10,<10,<10,<10,0,Kaplan-Meier,Lung,Both,18 to 39,None,Age,CRN
n.event,0,47,23,20,10,<10,0,0,0,<10,0,0,<10,<10,0,0,0,0,0,0,0,0,Kaplan-Meier,Lung,Both,18 to 39,None,Age,CRN
n.risk,970,675,473,300,229,178,149,134,121,101,89,81,72,62,50,41,30,22,17,10,<10,0,Kaplan-Meier,Lung,Both,40 to 49,None,Age,CRN
n.event,0,283,183,150,54,31,13,<10,<10,<10,<10,<10,<10,<10,<10,<10,<10,<10,0,0,0,0,Kaplan-Meier,Lung,Both,40 to 49,None,Age,CRN
n.risk,4487,2968,2090,1333,1026,843,692,591,509,436,378,328,272,229,185,140,108,88,61,41,16,0,Kaplan-Meier,Lung,Both,50 to 59,None,Age,CRN
n.event,0,1428,818,653,225,120,72,40,41,35,20,16,11,14,14,11,13,<10,<10,<10,<10,0,Kaplan-Meier,Lung,Both,50 to 59,None,Age,CRN
n.risk,10038,6419,4606,2929,2118,1658,1300,1044,837,673,515,399,304,223,167,112,77,59,36,20,10,0,Kaplan-Meier,Lung,Both,60 to 69,None,Age,CRN
n.event,0,3384,1628,1372,579,267,175,102,82,58,55,46,39,29,19,13,<10,<10,<10,<10,<10,0,Kaplan-Meier,Lung,Both,60 to 69,None,Age,CRN
n.risk,11565,6559,4579,2714,1839,1312,960,706,523,381,275,210,155,108,75,56,40,18,<10,<10,<10,0,Kaplan-Meier,Lung,Both,70 to 79,None,Age,CRN
n.event,0,4707,1715,1476,599,312,183,144,102,74,53,40,30,30,11,<10,<10,<10,<10,<10,0,0,Kaplan-Meier,Lung,Both,70 to 79,None,Age,CRN
n.risk,6000,2478,1527,738,415,270,177,117,83,50,34,20,15,<10,<10,<10,<10,<10,0,0,0,0,Kaplan-Meier,Lung,Both,80 +,None,Age,CRN
n.event,0,3413,885,668,252,99,52,40,25,17,13,12,<10,<10,<10,0,0,0,<10,0,0,0,Kaplan-Meier,Lung,Both,80 +,None,Age,CRN
n.risk,74,46,27,17,13,<10,<10,<10,<10,<10,<10,<10,<10,<10,<10,<10,<10,<10,<10,<10,<10,0,Kaplan-Meier,Pancreatic,Both,18 to 39,None,Age,CRN
n.event,0,25,19,<10,<10,<10,0,<10,0,0,0,0,0,0,0,0,0,0,0,0,0,0,Kaplan-Meier,Pancreatic,Both,18 to 39,None,Age,CRN
n.risk,346,212,120,54,32,22,14,14,12,12,10,<10,<10,<10,<10,<10,<10,<10,<10,<10,<10,0,Kaplan-Meier,Pancreatic,Both,40 to 49,None,Age,CRN
n.event,0,130,86,60,16,<10,<10,0,<10,0,0,<10,0,0,0,0,0,0,0,0,0,0,Kaplan-Meier,Pancreatic,Both,40 to 49,None,Age,CRN
n.risk,1331,708,416,180,95,62,48,35,28,20,18,17,14,11,11,<10,<10,<10,<10,<10,<10,0,Kaplan-Meier,Pancreatic,Both,50 to 59,None,Age,CRN
n.event,0,597,274,214,73,25,14,<10,<10,<10,0,0,<10,<10,0,0,0,0,0,0,0,0,Kaplan-Meier,Pancreatic,Both,50 to 59,None,Age,CRN
n.risk,2757,1323,718,289,158,98,67,53,42,30,23,21,16,16,11,<10,<10,<10,<10,<10,<10,0,Kaplan-Meier,Pancreatic,Both,60 to 69,None,Age,CRN
n.event,0,1363,571,383,110,41,22,<10,<10,<10,<10,<10,0,0,<10,<10,0,<10,0,0,<10,0,Kaplan-Meier,Pancreatic,Both,60 to 69,None,Age,CRN
n.risk,3300,1196,620,240,112,76,48,41,32,29,21,18,14,<10,<10,<10,<10,<10,<10,<10,<10,0,Kaplan-Meier,Pancreatic,Both,70 to 79,None,Age,CRN
n.event,0,2032,542,328,104,26,17,<10,<10,<10,<10,<10,<10,<10,<10,<10,0,0,0,0,0,0,Kaplan-Meier,Pancreatic,Both,70 to 79,None,Age,CRN
n.risk,2704,556,237,80,48,30,25,19,14,<10,<10,<10,<10,<10,<10,0,0,0,0,0,0,0,Kaplan-Meier,Pancreatic,Both,80 +,None,Age,CRN
n.event,0,2120,309,149,28,17,<10,<10,<10,<10,<10,<10,0,<10,0,<10,0,0,0,0,0,0,Kaplan-Meier,Pancreatic,Both,80 +,None,Age,CRN
n.risk,152,121,72,55,45,34,29,25,24,23,20,17,16,16,13,13,12,<10,<10,<10,<10,0,Kaplan-Meier,Stomach,Both,18 to 39,None,Age,CRN
n.event,0,28,48,16,<10,<10,<10,0,0,0,0,0,0,0,0,0,0,0,0,0,0,0,Kaplan-Meier,Stomach,Both,18 to 39,None,Age,CRN
n.risk,329,238,176,103,81,64,55,48,41,37,33,28,25,18,16,15,14,12,<10,<10,<10,0,Kaplan-Meier,Stomach,Both,40 to 49,None,Age,CRN
n.event,0,82,60,63,17,14,<10,<10,0,<10,0,<10,0,<10,0,0,0,0,0,0,0,0,Kaplan-Meier,Stomach,Both,40 to 49,None,Age,CRN
n.risk,967,706,509,310,241,201,173,152,132,109,98,87,77,63,53,42,36,29,22,14,<10,0,Kaplan-Meier,Stomach,Both,50 to 59,None,Age,CRN
n.event,0,236,177,180,61,22,18,<10,<10,<10,<10,<10,<10,<10,<10,<10,<10,<10,0,<10,<10,0,Kaplan-Meier,Stomach,Both,50 to 59,None,Age,CRN
n.risk,1713,1199,896,580,434,354,305,268,233,195,170,151,136,123,94,78,58,36,24,15,<10,0,Kaplan-Meier,Stomach,Both,60 to 69,None,Age,CRN
n.event,0,484,282,288,120,49,27,18,<10,17,<10,<10,<10,<10,<10,<10,<10,10,<10,<10,<10,0,Kaplan-Meier,Stomach,Both,60 to 69,None,Age,CRN
n.risk,2352,1408,985,627,466,367,301,262,223,189,145,121,100,83,65,53,41,28,17,11,<10,0,Kaplan-Meier,Stomach,Both,70 to 79,None,Age,CRN
n.event,0,898,388,311,124,76,47,22,28,22,22,15,13,<10,<10,<10,<10,<10,<10,<10,<10,0,Kaplan-Meier,Stomach,Both,70 to 79,None,Age,CRN
n.risk,2329,1046,678,379,265,185,138,103,76,58,46,35,24,17,<10,<10,<10,0,0,0,0,0,Kaplan-Meier,Stomach,Both,80 +,None,Age,CRN
n.event,0,1255,347,283,100,68,39,32,22,12,10,11,<10,<10,<10,<10,<10,<10,0,0,0,0,Kaplan-Meier,Stomach,Both,80 +,None,Age,CRN
n.risk,462,418,389,338,283,250,222,196,177,160,145,127,111,100,85,71,52,40,28,18,<10,<10,Kaplan-Meier,Colorectal,Female,18 to 39,agesex,None,CRN
n.event,0,22,20,32,26,<10,<10,<10,<10,<10,<10,<10,0,0,0,0,0,<10,0,0,0,0,Kaplan-Meier,Colorectal,Female,18 to 39,agesex,None,CRN
n.risk,442,402,357,300,252,225,197,175,155,137,123,110,98,82,66,54,43,36,32,20,13,<10,Kaplan-Meier,Colorectal,Male,18 to 39,agesex,None,CRN
n.event,0,23,35,35,26,<10,13,<10,<10,<10,0,0,0,0,0,0,0,0,0,<10,0,0,Kaplan-Meier,Colorectal,Male,18 to 39,agesex,None,CRN
n.risk,1368,1273,1164,984,856,735,638,571,510,464,414,363,324,284,250,210,161,128,94,53,26,0,Kaplan-Meier,Colorectal,Female,40 to 49,agesex,None,CRN
n.event,0,57,68,101,72,49,33,23,10,<10,<10,<10,<10,<10,<10,<10,<10,0,<10,<10,0,0,Kaplan-Meier,Colorectal,Female,40 to 49,agesex,None,CRN
n.risk,1360,1236,1120,944,810,698,627,545,488,448,403,355,318,278,242,200,158,120,75,58,28,<10,Kaplan-Meier,Colorectal,Male,40 to 49,agesex,None,CRN
n.event,0,79,77,104,58,46,19,23,<10,<10,<10,<10,<10,<10,<10,<10,<10,<10,<10,<10,0,0,Kaplan-Meier,Colorectal,Male,40 to 49,agesex,None,CRN
n.risk,3579,3302,3053,2643,2331,2033,1814,1600,1421,1253,1120,1007,881,762,654,551,449,364,266,173,86,<10,Kaplan-Meier,Colorectal,Female,50 to 59,agesex,None,CRN
n.event,0,182,160,276,163,118,85,68,48,45,16,11,14,19,13,<10,12,<10,<10,<10,<10,0,Kaplan-Meier,Colorectal,Female,50 to 59,agesex,None,CRN
n.risk,4417,4021,3689,3112,2652,2297,2032,1799,1588,1416,1265,1097,937,819,676,568,461,338,239,159,77,<10,Kaplan-Meier,Colorectal,Male,50 to 59,agesex,None,CRN
n.event,0,286,202,358,258,183,113,79,46,47,24,26,23,13,21,<10,<10,15,<10,10,<10,<10,Kaplan-Meier,Colorectal,Male,50 to 59,agesex,None,CRN
n.risk,6828,6139,5608,4745,4139,3650,3220,2819,2474,2171,1902,1662,1415,1192,982,788,617,461,330,204,103,<10,Kaplan-Meier,Colorectal,Female,60 to 69,agesex,None,CRN
n.event,0,500,354,515,303,198,143,115,93,67,54,39,45,36,35,31,28,18,21,11,11,<10,Kaplan-Meier,Colorectal,Female,60 to 69,agesex,None,CRN
n.risk,8750,7777,7115,5945,5077,4377,3771,3253,2795,2386,2058,1702,1436,1176,954,771,579,426,307,180,82,<10,Kaplan-Meier,Colorectal,Male,60 to 69,agesex,None,CRN
n.event,0,747,442,767,482,300,233,167,146,122,85,86,57,51,49,42,42,28,21,11,10,<10,Kaplan-Meier,Colorectal,Male,60 to 69,agesex,None,CRN
n.risk,9363,7947,7186,6047,5141,4392,3797,3276,2817,2417,2048,1700,1366,1094,857,641,456,315,205,115,45,0,Kaplan-Meier,Colorectal,Female,70 to 79,agesex,None,CRN
n.event,0,1168,541,697,490,372,256,219,163,164,150,153,134,122,96,90,73,52,42,28,11,<10,Kaplan-Meier,Colorectal,Female,70 to 79,agesex,None,CRN
n.risk,10150,8501,7593,6136,5091,4259,3586,3031,2528,2088,1707,1379,1099,843,651,471,326,201,115,63,24,<10,Kaplan-Meier,Colorectal,Male,70 to 79,agesex,None,CRN
n.event,0,1391,644,918,614,458,338,280,240,215,199,155,135,120,81,91,60,52,32,21,<10,<10,Kaplan-Meier,Colorectal,Male,70 to 79,agesex,None,CRN
n.risk,9789,7158,6133,4706,3831,3075,2504,2022,1605,1225,934,679,475,324,216,127,82,42,16,<10,<10,0,Kaplan-Meier,Colorectal,Female,80 +,agesex,None,CRN
n.event,0,2436,849,1106,613,493,357,294,269,264,200,158,144,95,73,57,20,20,13,<10,<10,0,Kaplan-Meier,Colorectal,Female,80 +,agesex,None,CRN
n.risk,6807,4889,4162,3146,2419,1873,1437,1092,798,576,413,288,200,127,71,42,24,15,<10,<10,<10,0,Kaplan-Meier,Colorectal,Male,80 +,agesex,None,CRN
n.event,0,1752,608,785,534,393,296,231,194,161,116,73,62,51,35,18,13,<10,<10,<10,0,0,Kaplan-Meier,Colorectal,Male,80 +,agesex,None,CRN
n.risk,172,166,159,144,131,122,113,99,93,84,69,59,51,44,35,29,28,21,14,10,<10,0,Kaplan-Meier,Head_and_neck,Female,18 to 39,agesex,None,CRN
n.event,0,<10,<10,<10,<10,<10,0,<10,0,<10,0,0,0,0,0,0,0,0,0,0,0,0,Kaplan-Meier,Head_and_neck,Female,18 to 39,agesex,None,CRN
n.risk,159,158,151,123,107,97,85,79,76,70,63,56,45,42,37,31,26,20,15,13,<10,0,Kaplan-Meier,Head_and_neck,Male,18 to 39,agesex,None,CRN
n.event,0,0,<10,12,<10,<10,<10,0,0,<10,0,<10,<10,0,0,<10,<10,0,0,0,<10,0,Kaplan-Meier,Head_and_neck,Male,18 to 39,agesex,None,CRN
n.risk,258,248,225,198,182,163,146,129,116,101,92,77,65,51,37,31,23,18,12,<10,<10,0,Kaplan-Meier,Head_and_neck,Female,40 to 49,agesex,None,CRN
n.event,0,<10,10,11,<10,<10,<10,<10,<10,<10,<10,<10,<10,<10,<10,<10,0,<10,<10,0,<10,0,Kaplan-Meier,Head_and_neck,Female,40 to 49,agesex,None,CRN
n.risk,543,517,478,415,367,323,287,252,229,207,178,159,131,119,96,88,75,65,49,35,21,<10,Kaplan-Meier,Head_and_neck,Male,40 to 49,agesex,None,CRN
n.event,0,10,28,40,19,13,11,<10,<10,<10,<10,<10,<10,0,<10,0,0,<10,<10,<10,0,<10,Kaplan-Meier,Head_and_neck,Male,40 to 49,agesex,None,CRN
n.risk,669,627,586,513,453,402,363,327,289,260,225,189,164,136,117,85,64,41,26,14,<10,<10,Kaplan-Meier,Head_and_neck,Female,50 to 59,agesex,None,CRN
n.event,0,20,27,41,24,19,13,<10,<10,<10,<10,<10,<10,<10,<10,<10,<10,<10,<10,<10,0,0,Kaplan-Meier,Head_and_neck,Female,50 to 59,agesex,None,CRN
n.risk,1794,1666,1522,1289,1134,1006,896,798,696,602,527,461,392,333,287,231,187,148,108,62,31,0,Kaplan-Meier,Head_and_neck,Male,50 to 59,agesex,None,CRN
n.event,0,77,95,138,80,52,46,37,33,22,18,16,15,<10,11,12,<10,<10,<10,<10,<10,<10,Kaplan-Meier,Head_and_neck,Male,50 to 59,agesex,None,CRN
n.risk,855,773,692,572,508,437,375,324,283,256,212,172,141,116,92,68,38,28,20,12,<10,0,Kaplan-Meier,Head_and_neck,Female,60 to 69,agesex,None,CRN
n.event,0,58,50,71,27,32,23,15,14,<10,14,12,10,<10,<10,<10,<10,0,<10,<10,<10,0,Kaplan-Meier,Head_and_neck,Female,60 to 69,agesex,None,CRN
n.risk,2389,2155,1894,1536,1304,1126,970,824,705,589,491,408,322,257,206,155,115,91,55,27,13,0,Kaplan-Meier,Head_and_neck,Male,60 to 69,agesex,None,CRN
n.event,0,164,198,219,126,88,66,51,34,42,37,33,31,22,19,18,<10,<10,10,<10,<10,0,Kaplan-Meier,Head_and_neck,Male,60 to 69,agesex,None,CRN
n.risk,795,681,595,492,405,342,288,247,209,180,150,119,102,76,58,41,28,20,15,11,<10,0,Kaplan-Meier,Head_and_neck,Female,70 to 79,agesex,None,CRN
n.event,0,80,58,60,37,30,24,20,18,19,11,17,11,10,10,<10,<10,<10,<10,0,<10,<10,Kaplan-Meier,Head_and_neck,Female,70 to 79,agesex,None,CRN
n.risk,1630,1392,1213,968,786,662,561,466,384,304,247,188,138,95,63,43,28,17,11,<10,<10,0,Kaplan-Meier,Head_and_neck,Male,70 to 79,agesex,None,CRN
n.event,0,183,139,166,118,65,54,57,39,43,31,29,30,19,16,<10,<10,<10,<10,<10,<10,0,Kaplan-Meier,Head_and_neck,Male,70 to 79,agesex,None,CRN
n.risk,787,626,520,384,285,233,178,131,103,71,54,38,25,15,<10,<10,<10,<10,<10,<10,0,0,Kaplan-Meier,Head_and_neck,Female,80 +,agesex,None,CRN
n.event,0,147,94,112,62,31,36,33,20,26,11,10,<10,<10,<10,<10,<10,0,0,0,0,0,Kaplan-Meier,Head_and_neck,Female,80 +,agesex,None,CRN
n.risk,828,639,526,377,292,226,168,118,87,59,37,30,21,13,<10,<10,<10,<10,0,0,0,0,Kaplan-Meier,Head_and_neck,Male,80 +,agesex,None,CRN
n.event,0,170,87,117,64,50,40,34,24,17,14,<10,<10,<10,<10,<10,0,<10,<10,0,0,0,Kaplan-Meier,Head_and_neck,Male,80 +,agesex,None,CRN
n.risk,22,17,15,13,11,10,10,10,<10,<10,<10,<10,<10,<10,<10,<10,<10,<10,0,0,0,0,Kaplan-Meier,Liver,Female,18 to 39,agesex,None,CRN
n.event,0,<10,<10,<10,<10,0,0,0,0,0,0,0,0,0,<10,0,0,0,0,0,0,0,Kaplan-Meier,Liver,Female,18 to 39,agesex,None,CRN
n.risk,26,15,13,12,10,<10,<10,<10,<10,<10,<10,<10,<10,<10,0,0,0,0,0,0,0,0,Kaplan-Meier,Liver,Male,18 to 39,agesex,None,CRN
n.event,0,10,<10,<10,<10,0,0,<10,<10,0,0,0,0,<10,0,0,0,0,0,0,0,0,Kaplan-Meier,Liver,Male,18 to 39,agesex,None,CRN
n.risk,22,17,14,10,<10,<10,<10,<10,<10,<10,<10,<10,<10,<10,<10,<10,<10,<10,<10,<10,<10,0,Kaplan-Meier,Liver,Female,40 to 49,agesex,None,CRN
n.event,0,<10,<10,<10,<10,0,0,0,0,<10,0,0,0,0,0,0,0,0,0,0,0,0,Kaplan-Meier,Liver,Female,40 to 49,agesex,None,CRN
n.risk,73,27,20,15,14,12,11,10,<10,<10,<10,<10,<10,<10,0,0,0,0,0,0,0,0,Kaplan-Meier,Liver,Male,40 to 49,agesex,None,CRN
n.event,0,45,<10,<10,0,<10,0,0,0,<10,0,<10,0,0,0,0,0,0,0,0,0,0,Kaplan-Meier,Liver,Male,40 to 49,agesex,None,CRN
n.risk,63,41,37,27,20,13,12,<10,<10,<10,<10,<10,0,0,0,0,0,0,0,0,0,0,Kaplan-Meier,Liver,Female,50 to 59,agesex,None,CRN
n.event,0,18,<10,<10,<10,<10,0,<10,0,<10,<10,0,0,0,0,0,0,0,0,0,0,0,Kaplan-Meier,Liver,Female,50 to 59,agesex,None,CRN
n.risk,253,148,111,77,60,53,41,30,21,15,14,12,12,<10,<10,<10,<10,<10,<10,<10,0,0,Kaplan-Meier,Liver,Male,50 to 59,agesex,None,CRN
n.event,0,103,33,23,11,<10,<10,<10,<10,0,0,<10,0,0,0,0,<10,0,0,0,<10,0,Kaplan-Meier,Liver,Male,50 to 59,agesex,None,CRN
n.risk,107,64,49,33,30,26,20,15,13,10,<10,<10,<10,<10,<10,0,0,0,0,0,0,0,Kaplan-Meier,Liver,Female,60 to 69,agesex,None,CRN
n.event,0,40,13,11,<10,<10,<10,<10,0,0,<10,0,0,0,0,<10,0,0,0,0,0,0,Kaplan-Meier,Liver,Female,60 to 69,agesex,None,CRN
n.risk,371,201,149,97,69,53,41,33,18,12,<10,<10,<10,<10,<10,<10,0,0,0,0,0,0,Kaplan-Meier,Liver,Male,60 to 69,agesex,None,CRN
n.event,0,157,38,36,10,<10,<10,<10,<10,<10,<10,0,0,0,0,0,0,0,0,0,0,0,Kaplan-Meier,Liver,Male,60 to 69,agesex,None,CRN
n.risk,173,84,56,39,26,20,15,13,10,<10,<10,<10,<10,<10,<10,<10,<10,<10,<10,0,0,0,Kaplan-Meier,Liver,Female,70 to 79,agesex,None,CRN
n.event,0,84,26,12,<10,<10,<10,<10,<10,<10,0,0,0,0,<10,0,0,0,0,0,0,0,Kaplan-Meier,Liver,Female,70 to 79,agesex,None,CRN
n.risk,387,153,115,57,30,21,10,<10,<10,<10,<10,<10,<10,<10,<10,<10,0,0,0,0,0,0,Kaplan-Meier,Liver,Male,70 to 79,agesex,None,CRN
n.event,0,214,29,44,24,<10,<10,<10,0,<10,0,0,0,0,<10,0,0,0,0,0,0,0,Kaplan-Meier,Liver,Male,70 to 79,agesex,None,CRN
n.risk,170,56,30,15,<10,<10,<10,<10,<10,<10,<10,<10,0,0,0,0,0,0,0,0,0,0,Kaplan-Meier,Liver,Female,80 +,agesex,None,CRN
n.event,0,112,22,13,<10,<10,<10,<10,0,0,0,0,<10,0,0,0,0,0,0,0,0,0,Kaplan-Meier,Liver,Female,80 +,agesex,None,CRN
n.risk,246,99,59,27,12,<10,<10,<10,<10,<10,<10,0,0,0,0,0,0,0,0,0,0,0,Kaplan-Meier,Liver,Male,80 +,agesex,None,CRN
n.event,0,143,36,28,12,<10,<10,<10,<10,0,0,<10,0,0,0,0,0,0,0,0,0,0,Kaplan-Meier,Liver,Male,80 +,agesex,None,CRN
n.risk,86,57,42,25,16,14,13,12,10,<10,<10,<10,<10,<10,<10,<10,<10,<10,<10,<10,<10,0,Kaplan-Meier,Lung,Female,18 to 39,agesex,None,CRN
n.event,0,25,16,<10,<10,<10,0,0,0,0,0,0,0,<10,0,0,0,0,0,0,0,0,Kaplan-Meier,Lung,Female,18 to 39,agesex,None,CRN
n.risk,58,35,26,13,10,<10,<10,<10,<10,<10,<10,<10,<10,<10,<10,<10,<10,<10,<10,<10,<10,0,Kaplan-Meier,Lung,Male,18 to 39,agesex,None,CRN
n.event,0,22,<10,11,<10,<10,0,0,0,<10,0,0,<10,0,0,0,0,0,0,0,0,0,Kaplan-Meier,Lung,Male,18 to 39,agesex,None,CRN
n.risk,473,352,247,160,126,103,87,82,72,62,57,52,45,37,29,24,17,13,11,<10,<10,0,Kaplan-Meier,Lung,Female,40 to 49,agesex,None,CRN
n.event,0,114,96,78,25,15,<10,<10,<10,<10,<10,<10,<10,0,<10,<10,<10,<10,0,0,0,0,Kaplan-Meier,Lung,Female,40 to 49,agesex,None,CRN
n.risk,497,323,226,140,103,75,62,52,49,39,32,29,27,25,21,17,13,<10,<10,<10,<10,0,Kaplan-Meier,Lung,Male,40 to 49,agesex,None,CRN
n.event,0,169,87,72,29,16,<10,<10,<10,<10,<10,<10,<10,<10,<10,<10,0,0,0,0,0,0,Kaplan-Meier,Lung,Male,40 to 49,agesex,None,CRN
n.risk,2067,1427,1060,683,521,423,338,283,240,205,176,149,125,114,92,72,58,47,31,22,<10,0,Kaplan-Meier,Lung,Female,50 to 59,agesex,None,CRN
n.event,0,595,332,318,120,64,39,21,20,14,<10,11,<10,<10,<10,<10,<10,<10,<10,<10,<10,0,Kaplan-Meier,Lung,Female,50 to 59,agesex,None,CRN
n.risk,2420,1541,1030,650,505,420,354,308,269,231,202,179,147,115,93,68,50,41,30,19,10,0,Kaplan-Meier,Lung,Male,50 to 59,agesex,None,CRN
n.event,0,833,486,335,105,56,33,19,21,21,14,<10,<10,11,<10,<10,<10,<10,<10,<10,0,0,Kaplan-Meier,Lung,Male,50 to 59,agesex,None,CRN
n.risk,4228,2860,2137,1400,1033,836,655,528,416,338,265,208,161,111,81,56,39,29,17,<10,<10,0,Kaplan-Meier,Lung,Female,60 to 69,agesex,None,CRN
n.event,0,1261,625,564,259,106,85,45,42,31,24,20,16,18,<10,<10,<10,<10,<10,<10,<10,0,Kaplan-Meier,Lung,Female,60 to 69,agesex,None,CRN
n.risk,5810,3559,2469,1529,1085,822,645,516,421,335,250,191,143,112,86,56,38,30,19,13,<10,0,Kaplan-Meier,Lung,Male,60 to 69,agesex,None,CRN
n.event,0,2123,1003,808,320,161,90,57,40,27,31,26,23,11,11,<10,<10,<10,<10,<10,0,0,Kaplan-Meier,Lung,Male,60 to 69,agesex,None,CRN
n.risk,4875,2903,2092,1277,894,631,463,348,258,192,139,110,80,51,37,26,18,<10,<10,<10,0,0,Kaplan-Meier,Lung,Female,70 to 79,agesex,None,CRN
n.event,0,1820,673,600,244,145,78,58,46,34,25,18,13,17,<10,<10,<10,<10,<10,0,0,0,Kaplan-Meier,Lung,Female,70 to 79,agesex,None,CRN
n.risk,6690,3656,2487,1437,945,681,497,358,265,189,136,100,75,57,38,30,22,11,<10,<10,<10,0,Kaplan-Meier,Lung,Male,70 to 79,agesex,None,CRN
n.event,0,2887,1042,876,355,167,105,86,56,40,28,22,17,13,<10,<10,<10,<10,<10,<10,0,0,Kaplan-Meier,Lung,Male,70 to 79,agesex,None,CRN
n.risk,2500,1104,702,367,216,137,90,65,48,30,20,13,12,<10,<10,<10,<10,<10,0,0,0,0,Kaplan-Meier,Lung,Female,80 +,agesex,None,CRN
n.event,0,1346,366,276,118,55,24,15,14,10,10,<10,0,<10,<10,0,0,0,<10,0,0,0,Kaplan-Meier,Lung,Female,80 +,agesex,None,CRN
n.risk,3500,1374,825,371,199,133,87,52,35,20,14,<10,<10,<10,0,0,0,0,0,0,0,0,Kaplan-Meier,Lung,Male,80 +,agesex,None,CRN
n.event,0,2067,519,392,134,44,28,25,11,<10,<10,<10,<10,<10,<10,0,0,0,0,0,0,0,Kaplan-Meier,Lung,Male,80 +,agesex,None,CRN
n.risk,42,28,21,15,11,<10,<10,<10,<10,<10,<10,<10,<10,<10,<10,<10,<10,<10,<10,<10,<10,0,Kaplan-Meier,Pancreatic,Female,18 to 39,agesex,None,CRN
n.event,0,12,<10,<10,<10,<10,0,0,0,0,0,0,0,0,0,0,0,0,0,0,0,0,Kaplan-Meier,Pancreatic,Female,18 to 39,agesex,None,CRN
n.risk,32,18,<10,<10,<10,<10,<10,0,0,0,0,0,0,0,0,0,0,0,0,0,0,0,Kaplan-Meier,Pancreatic,Male,18 to 39,agesex,None,CRN
n.event,0,13,12,<10,0,<10,0,<10,0,0,0,0,0,0,0,0,0,0,0,0,0,0,Kaplan-Meier,Pancreatic,Male,18 to 39,agesex,None,CRN
n.risk,153,99,58,27,17,12,<10,<10,<10,<10,<10,<10,<10,<10,<10,<10,<10,<10,<10,<10,0,0,Kaplan-Meier,Pancreatic,Female,40 to 49,agesex,None,CRN
n.event,0,53,39,29,<10,<10,<10,0,0,0,0,<10,0,0,0,0,0,0,0,0,0,0,Kaplan-Meier,Pancreatic,Female,40 to 49,agesex,None,CRN
n.risk,193,113,62,27,15,10,<10,<10,<10,<10,<10,<10,<10,<10,<10,<10,<10,<10,<10,<10,<10,0,Kaplan-Meier,Pancreatic,Male,40 to 49,agesex,None,CRN
n.event,0,77,47,31,<10,<10,<10,0,<10,0,0,0,0,0,0,0,0,0,0,0,0,0,Kaplan-Meier,Pancreatic,Male,40 to 49,agesex,None,CRN
n.risk,583,335,195,78,38,26,24,16,13,10,10,<10,<10,<10,<10,<10,<10,<10,<10,<10,<10,0,Kaplan-Meier,Pancreatic,Female,50 to 59,agesex,None,CRN
n.event,0,236,130,105,35,10,<10,<10,<10,<10,0,0,<10,<10,0,0,0,0,0,0,0,0,Kaplan-Meier,Pancreatic,Female,50 to 59,agesex,None,CRN
n.risk,748,373,221,102,57,36,24,19,15,10,<10,<10,<10,<10,<10,<10,<10,<10,0,0,0,0,Kaplan-Meier,Pancreatic,Male,50 to 59,agesex,None,CRN
n.event,0,361,144,109,38,15,12,<10,<10,<10,0,0,<10,<10,0,0,0,0,0,0,0,0,Kaplan-Meier,Pancreatic,Male,50 to 59,agesex,None,CRN
n.risk,1209,597,331,140,79,47,33,25,21,17,12,12,10,10,<10,<10,<10,<10,<10,<10,0,0,Kaplan-Meier,Pancreatic,Female,60 to 69,agesex,None,CRN
n.event,0,582,252,169,49,22,10,<10,<10,0,<10,0,0,0,<10,<10,0,<10,0,0,<10,0,Kaplan-Meier,Pancreatic,Female,60 to 69,agesex,None,CRN
n.risk,1548,726,387,149,79,51,34,28,21,13,11,<10,<10,<10,<10,<10,<10,<10,<10,<10,<10,0,Kaplan-Meier,Pancreatic,Male,60 to 69,agesex,None,CRN
n.event,0,781,319,214,61,19,12,<10,<10,<10,<10,<10,0,0,<10,<10,0,0,0,0,0,0,Kaplan-Meier,Pancreatic,Male,60 to 69,agesex,None,CRN
n.risk,1646,612,308,120,59,40,28,24,18,17,13,10,<10,<10,<10,<10,<10,<10,<10,<10,<10,0,Kaplan-Meier,Pancreatic,Female,70 to 79,agesex,None,CRN
n.event,0,1005,290,165,51,15,<10,<10,<10,<10,0,<10,0,<10,0,0,0,0,0,0,0,0,Kaplan-Meier,Pancreatic,Female,70 to 79,agesex,None,CRN
n.risk,1654,584,312,120,53,36,20,17,14,12,<10,<10,<10,<10,<10,<10,<10,<10,<10,0,0,0,Kaplan-Meier,Pancreatic,Male,70 to 79,agesex,None,CRN
n.event,0,1027,252,163,53,11,10,<10,0,<10,<10,0,<10,0,<10,<10,0,0,0,0,0,0,Kaplan-Meier,Pancreatic,Male,70 to 79,agesex,None,CRN
n.risk,1722,360,162,57,35,20,16,12,<10,<10,<10,<10,<10,<10,<10,0,0,0,0,0,0,0,Kaplan-Meier,Pancreatic,Female,80 +,agesex,None,CRN
n.event,0,1346,193,100,19,14,<10,<10,<10,<10,<10,<10,0,<10,0,<10,0,0,0,0,0,0,Kaplan-Meier,Pancreatic,Female,80 +,agesex,None,CRN
n.risk,982,196,75,23,13,10,<10,<10,<10,<10,<10,<10,<10,<10,0,0,0,0,0,0,0,0,Kaplan-Meier,Pancreatic,Male,80 +,agesex,None,CRN
n.event,0,774,116,49,<10,<10,0,<10,<10,<10,<10,0,0,0,0,0,0,0,0,0,0,0,Kaplan-Meier,Pancreatic,Male,80 +,agesex,None,CRN
n.risk,80,62,36,22,18,15,12,11,10,10,<10,<10,<10,<10,<10,<10,<10,<10,<10,<10,<10,0,Kaplan-Meier,Stomach,Female,18 to 39,agesex,None,CRN
n.event,0,15,25,13,<10,<10,<10,0,0,0,0,0,0,0,0,0,0,0,0,0,0,0,Kaplan-Meier,Stomach,Female,18 to 39,agesex,None,CRN
n.risk,72,59,36,33,27,19,17,14,14,13,11,<10,<10,<10,<10,<10,<10,<10,<10,<10,<10,0,Kaplan-Meier,Stomach,Male,18 to 39,agesex,None,CRN
n.event,0,13,23,<10,<10,<10,<10,0,0,0,0,0,0,0,0,0,0,0,0,0,0,0,Kaplan-Meier,Stomach,Male,18 to 39,agesex,None,CRN
n.risk,150,109,81,49,41,32,28,24,22,21,18,16,13,10,10,10,<10,<10,<10,<10,<10,0,Kaplan-Meier,Stomach,Female,40 to 49,agesex,None,CRN
n.event,0,35,26,27,<10,<10,<10,0,0,<10,0,<10,0,<10,0,0,0,0,0,0,0,0,Kaplan-Meier,Stomach,Female,40 to 49,agesex,None,CRN
n.risk,179,129,95,54,40,32,27,24,19,16,15,12,12,<10,<10,<10,<10,<10,<10,<10,<10,0,Kaplan-Meier,Stomach,Male,40 to 49,agesex,None,CRN
n.event,0,47,34,36,11,<10,<10,<10,0,<10,0,<10,0,0,0,0,0,0,0,0,0,0,Kaplan-Meier,Stomach,Male,40 to 49,agesex,None,CRN
n.risk,316,224,153,95,71,62,54,45,39,32,28,25,22,19,15,13,11,<10,<10,<10,<10,0,Kaplan-Meier,Stomach,Female,50 to 59,agesex,None,CRN
n.event,0,79,61,53,22,<10,<10,<10,<10,<10,0,<10,<10,<10,0,0,0,0,0,0,0,0,Kaplan-Meier,Stomach,Female,50 to 59,agesex,None,CRN
n.risk,651,482,356,215,170,139,119,107,93,77,70,62,55,44,38,29,25,22,17,10,<10,0,Kaplan-Meier,Stomach,Male,50 to 59,agesex,None,CRN
n.event,0,157,116,127,39,18,11,<10,<10,<10,<10,<10,<10,<10,<10,<10,<10,<10,0,<10,<10,0,Kaplan-Meier,Stomach,Male,50 to 59,agesex,None,CRN
n.risk,544,376,280,180,132,108,94,83,78,66,63,60,51,46,34,28,20,16,11,<10,<10,0,Kaplan-Meier,Stomach,Female,60 to 69,agesex,None,CRN
n.event,0,157,90,89,42,15,<10,<10,<10,<10,<10,0,<10,<10,<10,<10,<10,<10,0,<10,<10,0,Kaplan-Meier,Stomach,Female,60 to 69,agesex,None,CRN
n.risk,1169,823,616,400,302,246,211,185,155,129,107,91,85,77,60,50,38,20,13,10,<10,0,Kaplan-Meier,Stomach,Male,60 to 69,agesex,None,CRN
n.event,0,327,192,199,78,34,19,12,<10,11,<10,<10,<10,<10,<10,<10,<10,<10,<10,<10,<10,0,Kaplan-Meier,Stomach,Male,60 to 69,agesex,None,CRN
n.risk,803,467,333,226,165,133,113,99,85,73,57,48,42,37,31,23,18,13,<10,<10,<10,0,Kaplan-Meier,Stomach,Female,70 to 79,agesex,None,CRN
n.event,0,327,122,91,49,26,13,<10,<10,<10,<10,<10,<10,<10,<10,<10,<10,<10,<10,<10,0,0,Kaplan-Meier,Stomach,Female,70 to 79,agesex,None,CRN
n.risk,1549,941,652,401,301,234,188,163,138,116,88,73,58,46,34,30,23,15,<10,<10,<10,0,Kaplan-Meier,Stomach,Male,70 to 79,agesex,None,CRN
n.event,0,571,266,220,75,50,34,16,19,14,15,<10,10,<10,<10,<10,<10,<10,<10,<10,<10,0,Kaplan-Meier,Stomach,Male,70 to 79,agesex,None,CRN
n.risk,1109,510,331,185,133,103,80,63,49,35,28,26,17,12,<10,<10,<10,0,0,0,0,0,Kaplan-Meier,Stomach,Female,80 +,agesex,None,CRN
n.event,0,590,173,144,46,29,21,15,11,<10,<10,<10,<10,<10,<10,<10,<10,<10,0,0,0,0,Kaplan-Meier,Stomach,Female,80 +,agesex,None,CRN
n.risk,1220,536,347,194,132,82,58,40,27,23,18,<10,<10,<10,<10,<10,0,0,0,0,0,0,Kaplan-Meier,Stomach,Male,80 +,agesex,None,CRN
n.event,0,665,174,139,54,39,18,17,11,<10,<10,<10,<10,<10,<10,<10,0,0,0,0,0,0,Kaplan-Meier,Stomach,Male,80 +,agesex,None,CRN
