Cancer,Method,Stratification,Adjustment,Sex,Age,Database,rate,shape,scale,meanlog,sdlog,mu,sigma,Q,gamma0,gamma1,gamma2,SplineLowerB,SplineInternal1,SplineUpperB,gamma3,gamma4,SplineInternal2,SplineInternal3,sexMale,age_gr18 to 39,age_gr40 to 49,age_gr50 to 59,age_gr60 to 69,age_gr80 +
Liver,Gompertz,None,None,Both,All,CRN,0.25752424149370373,-0.595583213805724,NA,NA,NA,NA,NA,NA,NA,NA,NA,NA,NA,NA,NA,NA,NA,NA,NA,NA,NA,NA,NA,NA
Liver,WeibullPH,None,None,Both,All,CRN,NA,-0.6277927838496326,-0.20400583521833515,NA,NA,NA,NA,NA,NA,NA,NA,NA,NA,NA,NA,NA,NA,NA,NA,NA,NA,NA,NA,NA
Liver,Exponential,None,None,Both,All,CRN,-0.6859548972767963,NA,NA,NA,NA,NA,NA,NA,NA,NA,NA,NA,NA,NA,NA,NA,NA,NA,NA,NA,NA,NA,NA,NA
Liver,Log-logistic,None,None,Both,All,CRN,NA,-0.22131793030721988,-0.5940153911508741,NA,NA,NA,NA,NA,NA,NA,NA,NA,NA,NA,NA,NA,NA,NA,NA,NA,NA,NA,NA,NA
Liver,Log-normal,None,None,Both,All,CRN,NA,NA,NA,-0.5459805362309057,0.7494992059259287,NA,NA,NA,NA,NA,NA,NA,NA,NA,NA,NA,NA,NA,NA,NA,NA,NA,NA,NA
Liver,Generalised Gamma,None,None,Both,All,CRN,NA,NA,NA,NA,NA,-0.9856675620045046,0.7593174635370631,-0.4585928700966726,NA,NA,NA,NA,NA,NA,NA,NA,NA,NA,NA,NA,NA,NA,NA,NA
Liver,Spline (1 knot),None,None,Both,All,CRN,NA,NA,NA,NA,NA,NA,NA,NA,1.3877778532613447,1.1125416628204334,0.014811046726975622,-5.8998973535824915,-1.2651683653528558,2.8964415792632403,NA,NA,NA,NA,NA,NA,NA,NA,NA,NA
Liver,Spline (3 knots),None,None,Both,All,CRN,NA,NA,NA,NA,NA,NA,NA,NA,2.2654780748695758,1.3489864196105084,0.02568750941427664,-5.8998973535824915,-2.4033897921160112,2.8964415792632403,-0.001027766613444705,-0.006128111944117934,-1.2651683653528558,-0.027779564107075706,NA,NA,NA,NA,NA,NA
Prostate,Gompertz,None,None,Male,All,CRN,-3.016002508750557,0.02849525531259057,NA,NA,NA,NA,NA,NA,NA,NA,NA,NA,NA,NA,NA,NA,NA,NA,NA,NA,NA,NA,NA,NA
Prostate,WeibullPH,None,None,Male,All,CRN,NA,0.06772449834815436,-3.0209053668885604,NA,NA,NA,NA,NA,NA,NA,NA,NA,NA,NA,NA,NA,NA,NA,NA,NA,NA,NA,NA,NA
Prostate,Exponential,None,None,Male,All,CRN,-2.8712114973098433,NA,NA,NA,NA,NA,NA,NA,NA,NA,NA,NA,NA,NA,NA,NA,NA,NA,NA,NA,NA,NA,NA,NA
Prostate,Log-logistic,None,None,Male,All,CRN,NA,0.1993636260448966,2.522686191280908,NA,NA,NA,NA,NA,NA,NA,NA,NA,NA,NA,NA,NA,NA,NA,NA,NA,NA,NA,NA,NA
Prostate,Log-normal,None,None,Male,All,CRN,NA,NA,NA,2.623975093594768,0.47993600371661993,NA,NA,NA,NA,NA,NA,NA,NA,NA,NA,NA,NA,NA,NA,NA,NA,NA,NA,NA
Prostate,Generalised Gamma,None,None,Male,All,CRN,NA,NA,NA,NA,NA,2.897077607046189,-0.33756472855174724,1.478173234222722,NA,NA,NA,NA,NA,NA,NA,NA,NA,NA,NA,NA,NA,NA,NA,NA
Prostate,Spline (1 knot),None,None,Male,All,CRN,NA,NA,NA,NA,NA,NA,NA,NA,-3.3640050290493106,0.7940504038908797,-0.010450776962409066,-5.8998973535824915,1.4715919416317855,2.9878934106128345,NA,NA,NA,NA,NA,NA,NA,NA,NA,NA
Prostate,Spline (3 knots),None,None,Male,All,CRN,NA,NA,NA,NA,NA,NA,NA,NA,-3.3387885153967427,0.814244621425349,-0.0339643463711782,-5.8998973535824915,0.6625467401112283,2.9878934106128345,0.15787659924966185,-0.18957471204755125,1.4715919416317855,2.0611241123008783,NA,NA,NA,NA,NA,NA
Liver,Gompertz,None,Sex,Female,All,CRN,0.2161568331542764,-0.5947439725958085,NA,NA,NA,NA,NA,NA,NA,NA,NA,NA,NA,NA,NA,NA,NA,NA,0.057807754551159274,NA,NA,NA,NA,NA
Liver,Gompertz,None,Sex,Male,All,CRN,0.2161568331542764,-0.5947439725958085,NA,NA,NA,NA,NA,NA,NA,NA,NA,NA,NA,NA,NA,NA,NA,NA,0.057807754551159274,NA,NA,NA,NA,NA
Liver,WeibullPH,None,Sex,Female,All,CRN,NA,-0.6263842337859401,-0.26700514788573587,NA,NA,NA,NA,NA,NA,NA,NA,NA,NA,NA,NA,NA,NA,NA,0.08944799821440683,NA,NA,NA,NA,NA
Liver,WeibullPH,None,Sex,Male,All,CRN,NA,-0.6263842337859401,-0.26700514788573587,NA,NA,NA,NA,NA,NA,NA,NA,NA,NA,NA,NA,NA,NA,NA,0.08944799821440683,NA,NA,NA,NA,NA
Liver,Exponential,None,Sex,Female,All,CRN,-0.8236631333957574,NA,NA,NA,NA,NA,NA,NA,NA,NA,NA,NA,NA,NA,NA,NA,NA,NA,0.20039337687416672,NA,NA,NA,NA,NA
Liver,Exponential,None,Sex,Male,All,CRN,-0.8236631333957574,NA,NA,NA,NA,NA,NA,NA,NA,NA,NA,NA,NA,NA,NA,NA,NA,NA,0.20039337687416672,NA,NA,NA,NA,NA
Liver,Log-logistic,None,Sex,Female,All,CRN,NA,-0.22112907631868695,-0.5296600543957068,NA,NA,NA,NA,NA,NA,NA,NA,NA,NA,NA,NA,NA,NA,NA,-0.09006702923071737,NA,NA,NA,NA,NA
Liver,Log-logistic,None,Sex,Male,All,CRN,NA,-0.22112907631868695,-0.5296600543957068,NA,NA,NA,NA,NA,NA,NA,NA,NA,NA,NA,NA,NA,NA,NA,-0.09006702923071737,NA,NA,NA,NA,NA
Liver,Log-normal,None,Sex,Female,All,CRN,NA,NA,NA,-0.4841980418014738,0.7492556613991849,NA,NA,NA,NA,NA,NA,NA,NA,NA,NA,NA,NA,NA,-0.08736208689959908,NA,NA,NA,NA,NA
Liver,Log-normal,None,Sex,Male,All,CRN,NA,NA,NA,-0.4841980418014738,0.7492556613991849,NA,NA,NA,NA,NA,NA,NA,NA,NA,NA,NA,NA,NA,-0.08736208689959908,NA,NA,NA,NA,NA
Liver,Generalised Gamma,None,Sex,Female,All,CRN,NA,NA,NA,NA,NA,-0.9491527256701492,0.759295614844989,-0.4563973740769092,NA,NA,NA,NA,NA,NA,NA,NA,NA,NA,-0.04851897692028341,NA,NA,NA,NA,NA
Liver,Generalised Gamma,None,Sex,Male,All,CRN,NA,NA,NA,NA,NA,-0.9491527256701492,0.759295614844989,-0.4563973740769092,NA,NA,NA,NA,NA,NA,NA,NA,NA,NA,-0.04851897692028341,NA,NA,NA,NA,NA
Liver,Spline (1 knot),None,Sex,Female,All,CRN,NA,NA,NA,NA,NA,NA,NA,NA,1.3453321327209042,1.1120287421088364,0.014789678861494073,-5.8998973535824915,-1.2651683653528558,2.8964415792632403,NA,NA,NA,NA,0.056958171332199214,NA,NA,NA,NA,NA
Liver,Spline (1 knot),None,Sex,Male,All,CRN,NA,NA,NA,NA,NA,NA,NA,NA,1.3453321327209042,1.1120287421088364,0.014789678861494073,-5.8998973535824915,-1.2651683653528558,2.8964415792632403,NA,NA,NA,NA,0.056958171332199214,NA,NA,NA,NA,NA
Liver,Spline (3 knots),None,Sex,Female,All,CRN,NA,NA,NA,NA,NA,NA,NA,NA,2.2221443608900593,1.3487911514166202,0.02557700698033191,-5.8998973535824915,-2.4033897921160112,2.8964415792632403,-7.625112785790764e-4,-0.006335593558478704,-1.2651683653528558,-0.027779564107075706,0.05933301618809405,NA,NA,NA,NA,NA
Liver,Spline (3 knots),None,Sex,Male,All,CRN,NA,NA,NA,NA,NA,NA,NA,NA,2.2221443608900593,1.3487911514166202,0.02557700698033191,-5.8998973535824915,-2.4033897921160112,2.8964415792632403,-7.625112785790764e-4,-0.006335593558478704,-1.2651683653528558,-0.027779564107075706,0.05933301618809405,NA,NA,NA,NA,NA
Liver,Gompertz,Sex,None,Female,All,CRN,0.18466535905520648,-0.5626459385309842,NA,NA,NA,NA,NA,NA,NA,NA,NA,NA,NA,NA,NA,NA,NA,NA,NA,NA,NA,NA,NA,NA
Liver,WeibullPH,Sex,None,Female,All,CRN,NA,-0.6633945663560373,-0.25234380694937136,NA,NA,NA,NA,NA,NA,NA,NA,NA,NA,NA,NA,NA,NA,NA,NA,NA,NA,NA,NA,NA
Liver,Exponential,Sex,None,Female,All,CRN,-0.8236631293854243,NA,NA,NA,NA,NA,NA,NA,NA,NA,NA,NA,NA,NA,NA,NA,NA,NA,NA,NA,NA,NA,NA,NA
Liver,Log-logistic,Sex,None,Female,All,CRN,NA,-0.2576412768462518,-0.5225696599422217,NA,NA,NA,NA,NA,NA,NA,NA,NA,NA,NA,NA,NA,NA,NA,NA,NA,NA,NA,NA,NA
Liver,Log-normal,Sex,None,Female,All,CRN,NA,NA,NA,-0.47147639521014845,0.786024788482691,NA,NA,NA,NA,NA,NA,NA,NA,NA,NA,NA,NA,NA,NA,NA,NA,NA,NA,NA
Liver,Generalised Gamma,Sex,None,Female,All,CRN,NA,NA,NA,NA,NA,-0.9454472137210436,0.7949238017374265,-0.47634284317139963,NA,NA,NA,NA,NA,NA,NA,NA,NA,NA,NA,NA,NA,NA,NA,NA
Liver,Spline (1 knot),Sex,None,Female,All,CRN,NA,NA,NA,NA,NA,NA,NA,NA,1.3127908498293488,1.0858536466152187,0.015096454304440782,-5.8998973535824915,-1.2224173227894286,2.637294524340435,NA,NA,NA,NA,NA,NA,NA,NA,NA,NA
Liver,Spline (3 knots),Sex,None,Female,All,CRN,NA,NA,NA,NA,NA,NA,NA,NA,1.8378745741867688,1.2288970885296546,0.013230181722045214,-5.8998973535824915,-2.309528671579353,2.637294524340435,0.01112983627422256,-0.008052345698628125,-1.2224173227894286,-0.0013736298294101754,NA,NA,NA,NA,NA,NA
Liver,Gompertz,Sex,None,Male,All,CRN,0.28856385826025394,-0.6114111443185632,NA,NA,NA,NA,NA,NA,NA,NA,NA,NA,NA,NA,NA,NA,NA,NA,NA,NA,NA,NA,NA,NA
Liver,WeibullPH,Sex,None,Male,All,CRN,NA,-0.6106258873011406,-0.18231495840049086,NA,NA,NA,NA,NA,NA,NA,NA,NA,NA,NA,NA,NA,NA,NA,NA,NA,NA,NA,NA,NA
Liver,Exponential,Sex,None,Male,All,CRN,-0.6232697582013409,NA,NA,NA,NA,NA,NA,NA,NA,NA,NA,NA,NA,NA,NA,NA,NA,NA,NA,NA,NA,NA,NA,NA
Liver,Log-logistic,Sex,None,Male,All,CRN,NA,-0.20561685017553882,-0.6229407423101403,NA,NA,NA,NA,NA,NA,NA,NA,NA,NA,NA,NA,NA,NA,NA,NA,NA,NA,NA,NA,NA
Liver,Log-normal,Sex,None,Male,All,CRN,NA,NA,NA,-0.576982250995888,0.7333463670227867,NA,NA,NA,NA,NA,NA,NA,NA,NA,NA,NA,NA,NA,NA,NA,NA,NA,NA,NA
Liver,Generalised Gamma,Sex,None,Male,All,CRN,NA,NA,NA,NA,NA,-0.9986800759593879,0.7438606923117681,-0.44718222678209624,NA,NA,NA,NA,NA,NA,NA,NA,NA,NA,NA,NA,NA,NA,NA,NA
Liver,Spline (1 knot),Sex,None,Male,All,CRN,NA,NA,NA,NA,NA,NA,NA,NA,1.4333556954241489,1.1280241613771522,0.015031820593826333,-5.8998973535824915,-1.2947271675944,2.8964415792632403,NA,NA,NA,NA,NA,NA,NA,NA,NA,NA
Liver,Spline (3 knots),Sex,None,Male,All,CRN,NA,NA,NA,NA,NA,NA,NA,NA,2.4623256863596303,1.4043969649104049,0.03127348933751237,-5.8998973535824915,-2.4264685361160763,2.8964415792632403,-0.005808044867911963,-0.005717229070485038,-1.2947271675944,-0.06802782691478293,NA,NA,NA,NA,NA,NA
Liver,Gompertz,None,Age,Both,70 to 79,CRN,0.39066314933335516,-0.5416798630432931,NA,NA,NA,NA,NA,NA,NA,NA,NA,NA,NA,NA,NA,NA,NA,NA,NA,-0.9816020527155636,-0.3098103015855751,-0.5387421824357796,-0.4277185913488193,0.33556736978971263
Liver,Gompertz,None,Age,Both,18 to 39,CRN,0.39066314933335516,-0.5416798630432931,NA,NA,NA,NA,NA,NA,NA,NA,NA,NA,NA,NA,NA,NA,NA,NA,NA,-0.9816020527155636,-0.3098103015855751,-0.5387421824357796,-0.4277185913488193,0.33556736978971263
Liver,Gompertz,None,Age,Both,40 to 49,CRN,0.39066314933335516,-0.5416798630432931,NA,NA,NA,NA,NA,NA,NA,NA,NA,NA,NA,NA,NA,NA,NA,NA,NA,-0.9816020527155636,-0.3098103015855751,-0.5387421824357796,-0.4277185913488193,0.33556736978971263
Liver,Gompertz,None,Age,Both,50 to 59,CRN,0.39066314933335516,-0.5416798630432931,NA,NA,NA,NA,NA,NA,NA,NA,NA,NA,NA,NA,NA,NA,NA,NA,NA,-0.9816020527155636,-0.3098103015855751,-0.5387421824357796,-0.4277185913488193,0.33556736978971263
Liver,Gompertz,None,Age,Both,60 to 69,CRN,0.39066314933335516,-0.5416798630432931,NA,NA,NA,NA,NA,NA,NA,NA,NA,NA,NA,NA,NA,NA,NA,NA,NA,-0.9816020527155636,-0.3098103015855751,-0.5387421824357796,-0.4277185913488193,0.33556736978971263
Liver,Gompertz,None,Age,Both,80 +,CRN,0.39066314933335516,-0.5416798630432931,NA,NA,NA,NA,NA,NA,NA,NA,NA,NA,NA,NA,NA,NA,NA,NA,NA,-0.9816020527155636,-0.3098103015855751,-0.5387421824357796,-0.4277185913488193,0.33556736978971263
Liver,WeibullPH,None,Age,Both,70 to 79,CRN,NA,-0.5706596192095525,-0.019640065764131322,NA,NA,NA,NA,NA,NA,NA,NA,NA,NA,NA,NA,NA,NA,NA,NA,-1.117658164653521,-0.41547799782465344,-0.5688242418812778,-0.4395293953859607,0.339174456604824
Liver,WeibullPH,None,Age,Both,18 to 39,CRN,NA,-0.5706596192095525,-0.019640065764131322,NA,NA,NA,NA,NA,NA,NA,NA,NA,NA,NA,NA,NA,NA,NA,NA,-1.117658164653521,-0.41547799782465344,-0.5688242418812778,-0.4395293953859607,0.339174456604824
Liver,WeibullPH,None,Age,Both,40 to 49,CRN,NA,-0.5706596192095525,-0.019640065764131322,NA,NA,NA,NA,NA,NA,NA,NA,NA,NA,NA,NA,NA,NA,NA,NA,-1.117658164653521,-0.41547799782465344,-0.5688242418812778,-0.4395293953859607,0.339174456604824
Liver,WeibullPH,None,Age,Both,50 to 59,CRN,NA,-0.5706596192095525,-0.019640065764131322,NA,NA,NA,NA,NA,NA,NA,NA,NA,NA,NA,NA,NA,NA,NA,NA,-1.117658164653521,-0.41547799782465344,-0.5688242418812778,-0.4395293953859607,0.339174456604824
Liver,WeibullPH,None,Age,Both,60 to 69,CRN,NA,-0.5706596192095525,-0.019640065764131322,NA,NA,NA,NA,NA,NA,NA,NA,NA,NA,NA,NA,NA,NA,NA,NA,-1.117658164653521,-0.41547799782465344,-0.5688242418812778,-0.4395293953859607,0.339174456604824
Liver,WeibullPH,None,Age,Both,80 +,CRN,NA,-0.5706596192095525,-0.019640065764131322,NA,NA,NA,NA,NA,NA,NA,NA,NA,NA,NA,NA,NA,NA,NA,NA,-1.117658164653521,-0.41547799782465344,-0.5688242418812778,-0.4395293953859607,0.339174456604824
Liver,Exponential,None,Age,Both,70 to 79,CRN,-0.34846025069576253,NA,NA,NA,NA,NA,NA,NA,NA,NA,NA,NA,NA,NA,NA,NA,NA,NA,NA,-1.5933657208766934,-0.7269895652752061,-0.8356103015538588,-0.6216310966618319,0.5664446583274247
Liver,Exponential,None,Age,Both,18 to 39,CRN,-0.34846025069576253,NA,NA,NA,NA,NA,NA,NA,NA,NA,NA,NA,NA,NA,NA,NA,NA,NA,NA,-1.5933657208766934,-0.7269895652752061,-0.8356103015538588,-0.6216310966618319,0.5664446583274247
Liver,Exponential,None,Age,Both,40 to 49,CRN,-0.34846025069576253,NA,NA,NA,NA,NA,NA,NA,NA,NA,NA,NA,NA,NA,NA,NA,NA,NA,NA,-1.5933657208766934,-0.7269895652752061,-0.8356103015538588,-0.6216310966618319,0.5664446583274247
Liver,Exponential,None,Age,Both,50 to 59,CRN,-0.34846025069576253,NA,NA,NA,NA,NA,NA,NA,NA,NA,NA,NA,NA,NA,NA,NA,NA,NA,NA,-1.5933657208766934,-0.7269895652752061,-0.8356103015538588,-0.6216310966618319,0.5664446583274247
Liver,Exponential,None,Age,Both,60 to 69,CRN,-0.34846025069576253,NA,NA,NA,NA,NA,NA,NA,NA,NA,NA,NA,NA,NA,NA,NA,NA,NA,NA,-1.5933657208766934,-0.7269895652752061,-0.8356103015538588,-0.6216310966618319,0.5664446583274247
Liver,Exponential,None,Age,Both,80 +,CRN,-0.34846025069576253,NA,NA,NA,NA,NA,NA,NA,NA,NA,NA,NA,NA,NA,NA,NA,NA,NA,NA,-1.5933657208766934,-0.7269895652752061,-0.8356103015538588,-0.6216310966618319,0.5664446583274247
Liver,Log-logistic,None,Age,Both,70 to 79,CRN,NA,-0.19132536989472088,-0.8248205971171002,NA,NA,NA,NA,NA,NA,NA,NA,NA,NA,NA,NA,NA,NA,NA,NA,1.86788430377235,0.20815865849583698,0.8824233835591018,0.6039744150089418,-0.4317511355235986
Liver,Log-logistic,None,Age,Both,18 to 39,CRN,NA,-0.19132536989472088,-0.8248205971171002,NA,NA,NA,NA,NA,NA,NA,NA,NA,NA,NA,NA,NA,NA,NA,NA,1.86788430377235,0.20815865849583698,0.8824233835591018,0.6039744150089418,-0.4317511355235986
Liver,Log-logistic,None,Age,Both,40 to 49,CRN,NA,-0.19132536989472088,-0.8248205971171002,NA,NA,NA,NA,NA,NA,NA,NA,NA,NA,NA,NA,NA,NA,NA,NA,1.86788430377235,0.20815865849583698,0.8824233835591018,0.6039744150089418,-0.4317511355235986
Liver,Log-logistic,None,Age,Both,50 to 59,CRN,NA,-0.19132536989472088,-0.8248205971171002,NA,NA,NA,NA,NA,NA,NA,NA,NA,NA,NA,NA,NA,NA,NA,NA,1.86788430377235,0.20815865849583698,0.8824233835591018,0.6039744150089418,-0.4317511355235986
Liver,Log-logistic,None,Age,Both,60 to 69,CRN,NA,-0.19132536989472088,-0.8248205971171002,NA,NA,NA,NA,NA,NA,NA,NA,NA,NA,NA,NA,NA,NA,NA,NA,1.86788430377235,0.20815865849583698,0.8824233835591018,0.6039744150089418,-0.4317511355235986
Liver,Log-logistic,None,Age,Both,80 +,CRN,NA,-0.19132536989472088,-0.8248205971171002,NA,NA,NA,NA,NA,NA,NA,NA,NA,NA,NA,NA,NA,NA,NA,NA,1.86788430377235,0.20815865849583698,0.8824233835591018,0.6039744150089418,-0.4317511355235986
Liver,Log-normal,None,Age,Both,70 to 79,CRN,NA,NA,NA,-0.7912935230197498,0.7178334422730407,NA,NA,NA,NA,NA,NA,NA,NA,NA,NA,NA,NA,NA,NA,1.870753791225769,0.27836297230050205,0.8635690826385026,0.5956533779409199,-0.48428411987787473
Liver,Log-normal,None,Age,Both,18 to 39,CRN,NA,NA,NA,-0.7912935230197498,0.7178334422730407,NA,NA,NA,NA,NA,NA,NA,NA,NA,NA,NA,NA,NA,NA,1.870753791225769,0.27836297230050205,0.8635690826385026,0.5956533779409199,-0.48428411987787473
Liver,Log-normal,None,Age,Both,40 to 49,CRN,NA,NA,NA,-0.7912935230197498,0.7178334422730407,NA,NA,NA,NA,NA,NA,NA,NA,NA,NA,NA,NA,NA,NA,1.870753791225769,0.27836297230050205,0.8635690826385026,0.5956533779409199,-0.48428411987787473
Liver,Log-normal,None,Age,Both,50 to 59,CRN,NA,NA,NA,-0.7912935230197498,0.7178334422730407,NA,NA,NA,NA,NA,NA,NA,NA,NA,NA,NA,NA,NA,NA,1.870753791225769,0.27836297230050205,0.8635690826385026,0.5956533779409199,-0.48428411987787473
Liver,Log-normal,None,Age,Both,60 to 69,CRN,NA,NA,NA,-0.7912935230197498,0.7178334422730407,NA,NA,NA,NA,NA,NA,NA,NA,NA,NA,NA,NA,NA,NA,1.870753791225769,0.27836297230050205,0.8635690826385026,0.5956533779409199,-0.48428411987787473
Liver,Log-normal,None,Age,Both,80 +,CRN,NA,NA,NA,-0.7912935230197498,0.7178334422730407,NA,NA,NA,NA,NA,NA,NA,NA,NA,NA,NA,NA,NA,NA,1.870753791225769,0.27836297230050205,0.8635690826385026,0.5956533779409199,-0.48428411987787473
Liver,Generalised Gamma,None,Age,Both,70 to 79,CRN,NA,NA,NA,NA,NA,-1.007416738608492,0.731914401052038,-0.26632800544710006,NA,NA,NA,NA,NA,NA,NA,NA,NA,NA,NA,1.821263100587311,0.15090060413284281,0.7973241427998977,0.523817106534354,-0.45882046011042316
Liver,Generalised Gamma,None,Age,Both,18 to 39,CRN,NA,NA,NA,NA,NA,-1.007416738608492,0.731914401052038,-0.26632800544710006,NA,NA,NA,NA,NA,NA,NA,NA,NA,NA,NA,1.821263100587311,0.15090060413284281,0.7973241427998977,0.523817106534354,-0.45882046011042316
Liver,Generalised Gamma,None,Age,Both,40 to 49,CRN,NA,NA,NA,NA,NA,-1.007416738608492,0.731914401052038,-0.26632800544710006,NA,NA,NA,NA,NA,NA,NA,NA,NA,NA,NA,1.821263100587311,0.15090060413284281,0.7973241427998977,0.523817106534354,-0.45882046011042316
Liver,Generalised Gamma,None,Age,Both,50 to 59,CRN,NA,NA,NA,NA,NA,-1.007416738608492,0.731914401052038,-0.26632800544710006,NA,NA,NA,NA,NA,NA,NA,NA,NA,NA,NA,1.821263100587311,0.15090060413284281,0.7973241427998977,0.523817106534354,-0.45882046011042316
Liver,Generalised Gamma,None,Age,Both,60 to 69,CRN,NA,NA,NA,NA,NA,-1.007416738608492,0.731914401052038,-0.26632800544710006,NA,NA,NA,NA,NA,NA,NA,NA,NA,NA,NA,1.821263100587311,0.15090060413284281,0.7973241427998977,0.523817106534354,-0.45882046011042316
Liver,Generalised Gamma,None,Age,Both,80 +,CRN,NA,NA,NA,NA,NA,-1.007416738608492,0.731914401052038,-0.26632800544710006,NA,NA,NA,NA,NA,NA,NA,NA,NA,NA,NA,1.821263100587311,0.15090060413284281,0.7973241427998977,0.523817106534354,-0.45882046011042316
Liver,Spline (1 knot),None,Age,Both,70 to 79,CRN,NA,NA,NA,NA,NA,NA,NA,NA,1.4566637140034078,1.1021984482322764,0.013986129010377366,-5.8998973535824915,-1.2651683653528558,2.8964415792632403,NA,NA,NA,NA,NA,-0.949183412892469,-0.3067981792507487,-0.4930062852348806,-0.38795523404836973,0.2926293866025434
Liver,Spline (1 knot),None,Age,Both,18 to 39,CRN,NA,NA,NA,NA,NA,NA,NA,NA,1.4566637140034078,1.1021984482322764,0.013986129010377366,-5.8998973535824915,-1.2651683653528558,2.8964415792632403,NA,NA,NA,NA,NA,-0.949183412892469,-0.3067981792507487,-0.4930062852348806,-0.38795523404836973,0.2926293866025434
Liver,Spline (1 knot),None,Age,Both,40 to 49,CRN,NA,NA,NA,NA,NA,NA,NA,NA,1.4566637140034078,1.1021984482322764,0.013986129010377366,-5.8998973535824915,-1.2651683653528558,2.8964415792632403,NA,NA,NA,NA,NA,-0.949183412892469,-0.3067981792507487,-0.4930062852348806,-0.38795523404836973,0.2926293866025434
Liver,Spline (1 knot),None,Age,Both,50 to 59,CRN,NA,NA,NA,NA,NA,NA,NA,NA,1.4566637140034078,1.1021984482322764,0.013986129010377366,-5.8998973535824915,-1.2651683653528558,2.8964415792632403,NA,NA,NA,NA,NA,-0.949183412892469,-0.3067981792507487,-0.4930062852348806,-0.38795523404836973,0.2926293866025434
Liver,Spline (1 knot),None,Age,Both,60 to 69,CRN,NA,NA,NA,NA,NA,NA,NA,NA,1.4566637140034078,1.1021984482322764,0.013986129010377366,-5.8998973535824915,-1.2651683653528558,2.8964415792632403,NA,NA,NA,NA,NA,-0.949183412892469,-0.3067981792507487,-0.4930062852348806,-0.38795523404836973,0.2926293866025434
Liver,Spline (1 knot),None,Age,Both,80 +,CRN,NA,NA,NA,NA,NA,NA,NA,NA,1.4566637140034078,1.1021984482322764,0.013986129010377366,-5.8998973535824915,-1.2651683653528558,2.8964415792632403,NA,NA,NA,NA,NA,-0.949183412892469,-0.3067981792507487,-0.4930062852348806,-0.38795523404836973,0.2926293866025434
Liver,Spline (3 knots),None,Age,Both,70 to 79,CRN,NA,NA,NA,NA,NA,NA,NA,NA,2.364279262727997,1.3471868022142477,0.02439400130622474,-5.8998973535824915,-2.4033897921160112,2.8964415792632403,0.002856071013308661,-0.010122859629650233,-1.2651683653528558,-0.027779564107075706,NA,-0.9655520588980512,-0.3181517766173687,-0.4968697229206525,-0.3894457547803854,0.29399971090952975
Liver,Spline (3 knots),None,Age,Both,18 to 39,CRN,NA,NA,NA,NA,NA,NA,NA,NA,2.364279262727997,1.3471868022142477,0.02439400130622474,-5.8998973535824915,-2.4033897921160112,2.8964415792632403,0.002856071013308661,-0.010122859629650233,-1.2651683653528558,-0.027779564107075706,NA,-0.9655520588980512,-0.3181517766173687,-0.4968697229206525,-0.3894457547803854,0.29399971090952975
Liver,Spline (3 knots),None,Age,Both,40 to 49,CRN,NA,NA,NA,NA,NA,NA,NA,NA,2.364279262727997,1.3471868022142477,0.02439400130622474,-5.8998973535824915,-2.4033897921160112,2.8964415792632403,0.002856071013308661,-0.010122859629650233,-1.2651683653528558,-0.027779564107075706,NA,-0.9655520588980512,-0.3181517766173687,-0.4968697229206525,-0.3894457547803854,0.29399971090952975
Liver,Spline (3 knots),None,Age,Both,50 to 59,CRN,NA,NA,NA,NA,NA,NA,NA,NA,2.364279262727997,1.3471868022142477,0.02439400130622474,-5.8998973535824915,-2.4033897921160112,2.8964415792632403,0.002856071013308661,-0.010122859629650233,-1.2651683653528558,-0.027779564107075706,NA,-0.9655520588980512,-0.3181517766173687,-0.4968697229206525,-0.3894457547803854,0.29399971090952975
Liver,Spline (3 knots),None,Age,Both,60 to 69,CRN,NA,NA,NA,NA,NA,NA,NA,NA,2.364279262727997,1.3471868022142477,0.02439400130622474,-5.8998973535824915,-2.4033897921160112,2.8964415792632403,0.002856071013308661,-0.010122859629650233,-1.2651683653528558,-0.027779564107075706,NA,-0.9655520588980512,-0.3181517766173687,-0.4968697229206525,-0.3894457547803854,0.29399971090952975
Liver,Spline (3 knots),None,Age,Both,80 +,CRN,NA,NA,NA,NA,NA,NA,NA,NA,2.364279262727997,1.3471868022142477,0.02439400130622474,-5.8998973535824915,-2.4033897921160112,2.8964415792632403,0.002856071013308661,-0.010122859629650233,-1.2651683653528558,-0.027779564107075706,NA,-0.9655520588980512,-0.3181517766173687,-0.4968697229206525,-0.3894457547803854,0.29399971090952975
Prostate,Gompertz,None,Age,Male,70 to 79,CRN,-2.9985074208543776,0.07721843151422554,NA,NA,NA,NA,NA,NA,NA,NA,NA,NA,NA,NA,NA,NA,NA,NA,NA,-2.188190085962574,-1.8805638425191415,-1.5566059651964235,-0.9940393087097801,1.147715843840256
Prostate,Gompertz,None,Age,Male,18 to 39,CRN,-2.9985074208543776,0.07721843151422554,NA,NA,NA,NA,NA,NA,NA,NA,NA,NA,NA,NA,NA,NA,NA,NA,NA,-2.188190085962574,-1.8805638425191415,-1.5566059651964235,-0.9940393087097801,1.147715843840256
Prostate,Gompertz,None,Age,Male,40 to 49,CRN,-2.9985074208543776,0.07721843151422554,NA,NA,NA,NA,NA,NA,NA,NA,NA,NA,NA,NA,NA,NA,NA,NA,NA,-2.188190085962574,-1.8805638425191415,-1.5566059651964235,-0.9940393087097801,1.147715843840256
Prostate,Gompertz,None,Age,Male,50 to 59,CRN,-2.9985074208543776,0.07721843151422554,NA,NA,NA,NA,NA,NA,NA,NA,NA,NA,NA,NA,NA,NA,NA,NA,NA,-2.188190085962574,-1.8805638425191415,-1.5566059651964235,-0.9940393087097801,1.147715843840256
Prostate,Gompertz,None,Age,Male,60 to 69,CRN,-2.9985074208543776,0.07721843151422554,NA,NA,NA,NA,NA,NA,NA,NA,NA,NA,NA,NA,NA,NA,NA,NA,NA,-2.188190085962574,-1.8805638425191415,-1.5566059651964235,-0.9940393087097801,1.147715843840256
Prostate,Gompertz,None,Age,Male,80 +,CRN,-2.9985074208543776,0.07721843151422554,NA,NA,NA,NA,NA,NA,NA,NA,NA,NA,NA,NA,NA,NA,NA,NA,NA,-2.188190085962574,-1.8805638425191415,-1.5566059651964235,-0.9940393087097801,1.147715843840256
Prostate,WeibullPH,None,Age,Male,70 to 79,CRN,NA,0.19033503225429413,-3.046329522158005,NA,NA,NA,NA,NA,NA,NA,NA,NA,NA,NA,NA,NA,NA,NA,NA,-1.9455369506824518,-1.8411080313022712,-1.503629325889827,-0.9645164780790919,1.1066237143868207
Prostate,WeibullPH,None,Age,Male,18 to 39,CRN,NA,0.19033503225429413,-3.046329522158005,NA,NA,NA,NA,NA,NA,NA,NA,NA,NA,NA,NA,NA,NA,NA,NA,-1.9455369506824518,-1.8411080313022712,-1.503629325889827,-0.9645164780790919,1.1066237143868207
Prostate,WeibullPH,None,Age,Male,40 to 49,CRN,NA,0.19033503225429413,-3.046329522158005,NA,NA,NA,NA,NA,NA,NA,NA,NA,NA,NA,NA,NA,NA,NA,NA,-1.9455369506824518,-1.8411080313022712,-1.503629325889827,-0.9645164780790919,1.1066237143868207
Prostate,WeibullPH,None,Age,Male,50 to 59,CRN,NA,0.19033503225429413,-3.046329522158005,NA,NA,NA,NA,NA,NA,NA,NA,NA,NA,NA,NA,NA,NA,NA,NA,-1.9455369506824518,-1.8411080313022712,-1.503629325889827,-0.9645164780790919,1.1066237143868207
Prostate,WeibullPH,None,Age,Male,60 to 69,CRN,NA,0.19033503225429413,-3.046329522158005,NA,NA,NA,NA,NA,NA,NA,NA,NA,NA,NA,NA,NA,NA,NA,NA,-1.9455369506824518,-1.8411080313022712,-1.503629325889827,-0.9645164780790919,1.1066237143868207
Prostate,WeibullPH,None,Age,Male,80 +,CRN,NA,0.19033503225429413,-3.046329522158005,NA,NA,NA,NA,NA,NA,NA,NA,NA,NA,NA,NA,NA,NA,NA,NA,-1.9455369506824518,-1.8411080313022712,-1.503629325889827,-0.9645164780790919,1.1066237143868207
Prostate,Exponential,None,Age,Male,70 to 79,CRN,-2.61056421802402,NA,NA,NA,NA,NA,NA,NA,NA,NA,NA,NA,NA,NA,NA,NA,NA,NA,NA,-1.874278609716511,-1.8036835286214519,-1.4515151939004942,-0.9296396460906516,1.0286506009976366
Prostate,Exponential,None,Age,Male,18 to 39,CRN,-2.61056421802402,NA,NA,NA,NA,NA,NA,NA,NA,NA,NA,NA,NA,NA,NA,NA,NA,NA,NA,-1.874278609716511,-1.8036835286214519,-1.4515151939004942,-0.9296396460906516,1.0286506009976366
Prostate,Exponential,None,Age,Male,40 to 49,CRN,-2.61056421802402,NA,NA,NA,NA,NA,NA,NA,NA,NA,NA,NA,NA,NA,NA,NA,NA,NA,NA,-1.874278609716511,-1.8036835286214519,-1.4515151939004942,-0.9296396460906516,1.0286506009976366
Prostate,Exponential,None,Age,Male,50 to 59,CRN,-2.61056421802402,NA,NA,NA,NA,NA,NA,NA,NA,NA,NA,NA,NA,NA,NA,NA,NA,NA,NA,-1.874278609716511,-1.8036835286214519,-1.4515151939004942,-0.9296396460906516,1.0286506009976366
Prostate,Exponential,None,Age,Male,60 to 69,CRN,-2.61056421802402,NA,NA,NA,NA,NA,NA,NA,NA,NA,NA,NA,NA,NA,NA,NA,NA,NA,NA,-1.874278609716511,-1.8036835286214519,-1.4515151939004942,-0.9296396460906516,1.0286506009976366
Prostate,Exponential,None,Age,Male,80 +,CRN,-2.61056421802402,NA,NA,NA,NA,NA,NA,NA,NA,NA,NA,NA,NA,NA,NA,NA,NA,NA,NA,-1.874278609716511,-1.8036835286214519,-1.4515151939004942,-0.9296396460906516,1.0286506009976366
Prostate,Log-logistic,None,Age,Male,70 to 79,CRN,NA,0.3607820207798304,2.2473455354715957,NA,NA,NA,NA,NA,NA,NA,NA,NA,NA,NA,NA,NA,NA,NA,NA,1.554429767494974,1.4596572225375957,1.2149091496020665,0.7997736725460554,-1.0574753961297343
Prostate,Log-logistic,None,Age,Male,18 to 39,CRN,NA,0.3607820207798304,2.2473455354715957,NA,NA,NA,NA,NA,NA,NA,NA,NA,NA,NA,NA,NA,NA,NA,NA,1.554429767494974,1.4596572225375957,1.2149091496020665,0.7997736725460554,-1.0574753961297343
Prostate,Log-logistic,None,Age,Male,40 to 49,CRN,NA,0.3607820207798304,2.2473455354715957,NA,NA,NA,NA,NA,NA,NA,NA,NA,NA,NA,NA,NA,NA,NA,NA,1.554429767494974,1.4596572225375957,1.2149091496020665,0.7997736725460554,-1.0574753961297343
Prostate,Log-logistic,None,Age,Male,50 to 59,CRN,NA,0.3607820207798304,2.2473455354715957,NA,NA,NA,NA,NA,NA,NA,NA,NA,NA,NA,NA,NA,NA,NA,NA,1.554429767494974,1.4596572225375957,1.2149091496020665,0.7997736725460554,-1.0574753961297343
Prostate,Log-logistic,None,Age,Male,60 to 69,CRN,NA,0.3607820207798304,2.2473455354715957,NA,NA,NA,NA,NA,NA,NA,NA,NA,NA,NA,NA,NA,NA,NA,NA,1.554429767494974,1.4596572225375957,1.2149091496020665,0.7997736725460554,-1.0574753961297343
Prostate,Log-logistic,None,Age,Male,80 +,CRN,NA,0.3607820207798304,2.2473455354715957,NA,NA,NA,NA,NA,NA,NA,NA,NA,NA,NA,NA,NA,NA,NA,NA,1.554429767494974,1.4596572225375957,1.2149091496020665,0.7997736725460554,-1.0574753961297343
Prostate,Log-normal,None,Age,Male,70 to 79,CRN,NA,NA,NA,2.3034843537182623,0.327821251592451,NA,NA,NA,NA,NA,NA,NA,NA,NA,NA,NA,NA,NA,NA,1.778273669307869,1.5408662091542655,1.3226548983838073,0.8961661968590897,-1.2147534544004395
Prostate,Log-normal,None,Age,Male,18 to 39,CRN,NA,NA,NA,2.3034843537182623,0.327821251592451,NA,NA,NA,NA,NA,NA,NA,NA,NA,NA,NA,NA,NA,NA,1.778273669307869,1.5408662091542655,1.3226548983838073,0.8961661968590897,-1.2147534544004395
Prostate,Log-normal,None,Age,Male,40 to 49,CRN,NA,NA,NA,2.3034843537182623,0.327821251592451,NA,NA,NA,NA,NA,NA,NA,NA,NA,NA,NA,NA,NA,NA,1.778273669307869,1.5408662091542655,1.3226548983838073,0.8961661968590897,-1.2147534544004395
Prostate,Log-normal,None,Age,Male,50 to 59,CRN,NA,NA,NA,2.3034843537182623,0.327821251592451,NA,NA,NA,NA,NA,NA,NA,NA,NA,NA,NA,NA,NA,NA,1.778273669307869,1.5408662091542655,1.3226548983838073,0.8961661968590897,-1.2147534544004395
Prostate,Log-normal,None,Age,Male,60 to 69,CRN,NA,NA,NA,2.3034843537182623,0.327821251592451,NA,NA,NA,NA,NA,NA,NA,NA,NA,NA,NA,NA,NA,NA,1.778273669307869,1.5408662091542655,1.3226548983838073,0.8961661968590897,-1.2147534544004395
Prostate,Log-normal,None,Age,Male,80 +,CRN,NA,NA,NA,2.3034843537182623,0.327821251592451,NA,NA,NA,NA,NA,NA,NA,NA,NA,NA,NA,NA,NA,NA,1.778273669307869,1.5408662091542655,1.3226548983838073,0.8961661968590897,-1.2147534544004395
Prostate,Generalised Gamma,None,Age,Male,70 to 79,CRN,NA,NA,NA,NA,NA,2.5700230428377746,-0.32669277827474985,1.27121651435277,NA,NA,NA,NA,NA,NA,NA,NA,NA,NA,NA,1.6118709936466302,1.5432620811418798,1.243128807110382,0.7827168378842121,-0.8452132434284784
Prostate,Generalised Gamma,None,Age,Male,18 to 39,CRN,NA,NA,NA,NA,NA,2.5700230428377746,-0.32669277827474985,1.27121651435277,NA,NA,NA,NA,NA,NA,NA,NA,NA,NA,NA,1.6118709936466302,1.5432620811418798,1.243128807110382,0.7827168378842121,-0.8452132434284784
Prostate,Generalised Gamma,None,Age,Male,40 to 49,CRN,NA,NA,NA,NA,NA,2.5700230428377746,-0.32669277827474985,1.27121651435277,NA,NA,NA,NA,NA,NA,NA,NA,NA,NA,NA,1.6118709936466302,1.5432620811418798,1.243128807110382,0.7827168378842121,-0.8452132434284784
Prostate,Generalised Gamma,None,Age,Male,50 to 59,CRN,NA,NA,NA,NA,NA,2.5700230428377746,-0.32669277827474985,1.27121651435277,NA,NA,NA,NA,NA,NA,NA,NA,NA,NA,NA,1.6118709936466302,1.5432620811418798,1.243128807110382,0.7827168378842121,-0.8452132434284784
Prostate,Generalised Gamma,None,Age,Male,60 to 69,CRN,NA,NA,NA,NA,NA,2.5700230428377746,-0.32669277827474985,1.27121651435277,NA,NA,NA,NA,NA,NA,NA,NA,NA,NA,NA,1.6118709936466302,1.5432620811418798,1.243128807110382,0.7827168378842121,-0.8452132434284784
Prostate,Generalised Gamma,None,Age,Male,80 +,CRN,NA,NA,NA,NA,NA,2.5700230428377746,-0.32669277827474985,1.27121651435277,NA,NA,NA,NA,NA,NA,NA,NA,NA,NA,NA,1.6118709936466302,1.5432620811418798,1.243128807110382,0.7827168378842121,-0.8452132434284784
Prostate,Spline (1 knot),None,Age,Male,70 to 79,CRN,NA,NA,NA,NA,NA,NA,NA,NA,-3.7968633577115716,0.6292751758415638,-0.022357013076117753,-5.8998973535824915,1.4715919416317855,2.9878934106128345,NA,NA,NA,NA,NA,-1.9988430489755427,-1.8599903085722227,-1.5305509724930724,-0.9810275428648029,1.1361751080971716
Prostate,Spline (1 knot),None,Age,Male,18 to 39,CRN,NA,NA,NA,NA,NA,NA,NA,NA,-3.7968633577115716,0.6292751758415638,-0.022357013076117753,-5.8998973535824915,1.4715919416317855,2.9878934106128345,NA,NA,NA,NA,NA,-1.9988430489755427,-1.8599903085722227,-1.5305509724930724,-0.9810275428648029,1.1361751080971716
Prostate,Spline (1 knot),None,Age,Male,40 to 49,CRN,NA,NA,NA,NA,NA,NA,NA,NA,-3.7968633577115716,0.6292751758415638,-0.022357013076117753,-5.8998973535824915,1.4715919416317855,2.9878934106128345,NA,NA,NA,NA,NA,-1.9988430489755427,-1.8599903085722227,-1.5305509724930724,-0.9810275428648029,1.1361751080971716
Prostate,Spline (1 knot),None,Age,Male,50 to 59,CRN,NA,NA,NA,NA,NA,NA,NA,NA,-3.7968633577115716,0.6292751758415638,-0.022357013076117753,-5.8998973535824915,1.4715919416317855,2.9878934106128345,NA,NA,NA,NA,NA,-1.9988430489755427,-1.8599903085722227,-1.5305509724930724,-0.9810275428648029,1.1361751080971716
Prostate,Spline (1 knot),None,Age,Male,60 to 69,CRN,NA,NA,NA,NA,NA,NA,NA,NA,-3.7968633577115716,0.6292751758415638,-0.022357013076117753,-5.8998973535824915,1.4715919416317855,2.9878934106128345,NA,NA,NA,NA,NA,-1.9988430489755427,-1.8599903085722227,-1.5305509724930724,-0.9810275428648029,1.1361751080971716
Prostate,Spline (1 knot),None,Age,Male,80 +,CRN,NA,NA,NA,NA,NA,NA,NA,NA,-3.7968633577115716,0.6292751758415638,-0.022357013076117753,-5.8998973535824915,1.4715919416317855,2.9878934106128345,NA,NA,NA,NA,NA,-1.9988430489755427,-1.8599903085722227,-1.5305509724930724,-0.9810275428648029,1.1361751080971716
Prostate,Spline (3 knots),None,Age,Male,70 to 79,CRN,NA,NA,NA,NA,NA,NA,NA,NA,-3.4355594453520624,0.7817966913794551,-0.02342508695520832,-5.8998973535824915,0.6625467401112283,2.9878934106128345,0.23832912597080946,-0.3540130660662711,1.4715919416317855,2.0611241123008783,NA,-2.0632248164709894,-1.878026692650532,-1.5553274299428226,-0.9938578544644826,1.1467808814787448
Prostate,Spline (3 knots),None,Age,Male,18 to 39,CRN,NA,NA,NA,NA,NA,NA,NA,NA,-3.4355594453520624,0.7817966913794551,-0.02342508695520832,-5.8998973535824915,0.6625467401112283,2.9878934106128345,0.23832912597080946,-0.3540130660662711,1.4715919416317855,2.0611241123008783,NA,-2.0632248164709894,-1.878026692650532,-1.5553274299428226,-0.9938578544644826,1.1467808814787448
Prostate,Spline (3 knots),None,Age,Male,40 to 49,CRN,NA,NA,NA,NA,NA,NA,NA,NA,-3.4355594453520624,0.7817966913794551,-0.02342508695520832,-5.8998973535824915,0.6625467401112283,2.9878934106128345,0.23832912597080946,-0.3540130660662711,1.4715919416317855,2.0611241123008783,NA,-2.0632248164709894,-1.878026692650532,-1.5553274299428226,-0.9938578544644826,1.1467808814787448
Prostate,Spline (3 knots),None,Age,Male,50 to 59,CRN,NA,NA,NA,NA,NA,NA,NA,NA,-3.4355594453520624,0.7817966913794551,-0.02342508695520832,-5.8998973535824915,0.6625467401112283,2.9878934106128345,0.23832912597080946,-0.3540130660662711,1.4715919416317855,2.0611241123008783,NA,-2.0632248164709894,-1.878026692650532,-1.5553274299428226,-0.9938578544644826,1.1467808814787448
Prostate,Spline (3 knots),None,Age,Male,60 to 69,CRN,NA,NA,NA,NA,NA,NA,NA,NA,-3.4355594453520624,0.7817966913794551,-0.02342508695520832,-5.8998973535824915,0.6625467401112283,2.9878934106128345,0.23832912597080946,-0.3540130660662711,1.4715919416317855,2.0611241123008783,NA,-2.0632248164709894,-1.878026692650532,-1.5553274299428226,-0.9938578544644826,1.1467808814787448
Prostate,Spline (3 knots),None,Age,Male,80 +,CRN,NA,NA,NA,NA,NA,NA,NA,NA,-3.4355594453520624,0.7817966913794551,-0.02342508695520832,-5.8998973535824915,0.6625467401112283,2.9878934106128345,0.23832912597080946,-0.3540130660662711,1.4715919416317855,2.0611241123008783,NA,-2.0632248164709894,-1.878026692650532,-1.5553274299428226,-0.9938578544644826,1.1467808814787448
Liver,Gompertz,Age,None,Both,18 to 39,CRN,-0.9735852320181643,-0.31258888829629683,NA,NA,NA,NA,NA,NA,NA,NA,NA,NA,NA,NA,NA,NA,NA,NA,NA,NA,NA,NA,NA,NA
Liver,WeibullPH,Age,None,Both,18 to 39,CRN,NA,-0.6296356923863419,-1.0854592751017398,NA,NA,NA,NA,NA,NA,NA,NA,NA,NA,NA,NA,NA,NA,NA,NA,NA,NA,NA,NA,NA
Liver,Exponential,Age,None,Both,18 to 39,CRN,-1.9418259716959956,NA,NA,NA,NA,NA,NA,NA,NA,NA,NA,NA,NA,NA,NA,NA,NA,NA,NA,NA,NA,NA,NA,NA
Liver,Log-logistic,Age,None,Both,18 to 39,CRN,NA,-0.3613775375581513,1.123021649610256,NA,NA,NA,NA,NA,NA,NA,NA,NA,NA,NA,NA,NA,NA,NA,NA,NA,NA,NA,NA,NA
Liver,Log-normal,Age,None,Both,18 to 39,CRN,NA,NA,NA,1.1712910665777414,0.8385977543963508,NA,NA,NA,NA,NA,NA,NA,NA,NA,NA,NA,NA,NA,NA,NA,NA,NA,NA,NA
Liver,Generalised Gamma,Age,None,Both,18 to 39,CRN,NA,NA,NA,NA,NA,-1.4055504142079989,0.27353408240167854,-3.369230691087575,NA,NA,NA,NA,NA,NA,NA,NA,NA,NA,NA,NA,NA,NA,NA,NA
Liver,Spline (1 knot),Age,None,Both,18 to 39,CRN,NA,NA,NA,NA,NA,NA,NA,NA,-0.24581645281252845,1.1875508401696273,0.053535991859634514,-2.5676928434072877,-0.8061471527757291,2.537169793354461,NA,NA,NA,NA,NA,NA,NA,NA,NA,NA
Liver,Spline (3 knots),Age,None,Both,18 to 39,CRN,NA,NA,NA,NA,NA,NA,NA,NA,1.7846728767534346,2.3285278822594337,0.4368934599598347,-2.5676928434072877,-1.3781087765334512,2.537169793354461,-0.13460485220065913,-0.10242372525243951,-0.8061471527757291,0.7959015634760002,NA,NA,NA,NA,NA,NA
Liver,Gompertz,Age,None,Both,40 to 49,CRN,0.3871086700922328,-0.8670268228205079,NA,NA,NA,NA,NA,NA,NA,NA,NA,NA,NA,NA,NA,NA,NA,NA,NA,NA,NA,NA,NA,NA
Liver,WeibullPH,Age,None,Both,40 to 49,CRN,NA,-0.8502801957860355,-0.3092810989386746,NA,NA,NA,NA,NA,NA,NA,NA,NA,NA,NA,NA,NA,NA,NA,NA,NA,NA,NA,NA,NA
Liver,Exponential,Age,None,Both,40 to 49,CRN,-1.075449815971438,NA,NA,NA,NA,NA,NA,NA,NA,NA,NA,NA,NA,NA,NA,NA,NA,NA,NA,NA,NA,NA,NA,NA
Liver,Log-logistic,Age,None,Both,40 to 49,CRN,NA,-0.44082653145069195,-0.52969008096062,NA,NA,NA,NA,NA,NA,NA,NA,NA,NA,NA,NA,NA,NA,NA,NA,NA,NA,NA,NA,NA
Liver,Log-normal,Age,None,Both,40 to 49,CRN,NA,NA,NA,-0.3958506043119724,0.9619539995522293,NA,NA,NA,NA,NA,NA,NA,NA,NA,NA,NA,NA,NA,NA,NA,NA,NA,NA,NA
Liver,Generalised Gamma,Age,None,Both,40 to 49,CRN,NA,NA,NA,NA,NA,-1.5371541402295101,0.9227555884419034,-0.9941950109987777,NA,NA,NA,NA,NA,NA,NA,NA,NA,NA,NA,NA,NA,NA,NA,NA
Liver,Spline (1 knot),Age,None,Both,40 to 49,CRN,NA,NA,NA,NA,NA,NA,NA,NA,1.8796957490968822,1.1674960701557295,0.020653958223251206,-5.8998973535824915,-1.6376143807096661,2.226620815198217,NA,NA,NA,NA,NA,NA,NA,NA,NA,NA
Liver,Spline (3 knots),Age,None,Both,40 to 49,CRN,NA,NA,NA,NA,NA,NA,NA,NA,1.0113455351928498,0.9584396207179132,-0.04642354530198355,-5.8998973535824915,-2.6439165274347225,2.226620815198217,0.07390108778414459,-0.014019109558936945,-1.6376143807096661,-0.565991299021901,NA,NA,NA,NA,NA,NA
Liver,Gompertz,Age,None,Both,50 to 59,CRN,-0.2586748087515255,-0.4486835340213573,NA,NA,NA,NA,NA,NA,NA,NA,NA,NA,NA,NA,NA,NA,NA,NA,NA,NA,NA,NA,NA,NA
Liver,WeibullPH,Age,None,Both,50 to 59,CRN,NA,-0.642693781640564,-0.5478758085006052,NA,NA,NA,NA,NA,NA,NA,NA,NA,NA,NA,NA,NA,NA,NA,NA,NA,NA,NA,NA,NA
Liver,Exponential,Age,None,Both,50 to 59,CRN,-1.184070557776223,NA,NA,NA,NA,NA,NA,NA,NA,NA,NA,NA,NA,NA,NA,NA,NA,NA,NA,NA,NA,NA,NA,NA
Liver,Log-logistic,Age,None,Both,50 to 59,CRN,NA,-0.3052107820875678,0.08816794582524802,NA,NA,NA,NA,NA,NA,NA,NA,NA,NA,NA,NA,NA,NA,NA,NA,NA,NA,NA,NA,NA
Liver,Log-normal,Age,None,Both,50 to 59,CRN,NA,NA,NA,0.12626255169609776,0.8257525276626051,NA,NA,NA,NA,NA,NA,NA,NA,NA,NA,NA,NA,NA,NA,NA,NA,NA,NA,NA
Liver,Generalised Gamma,Age,None,Both,50 to 59,CRN,NA,NA,NA,NA,NA,-0.3696079436009631,0.8544528130066843,-0.5010277853197088,NA,NA,NA,NA,NA,NA,NA,NA,NA,NA,NA,NA,NA,NA,NA,NA
Liver,Spline (1 knot),Age,None,Both,50 to 59,CRN,NA,NA,NA,NA,NA,NA,NA,NA,0.8708266051412119,1.0859994596709353,0.014308889925869733,-5.8998973535824915,-0.8061471527757291,2.8964415792632403,NA,NA,NA,NA,NA,NA,NA,NA,NA,NA
Liver,Spline (3 knots),Age,None,Both,50 to 59,CRN,NA,NA,NA,NA,NA,NA,NA,NA,1.720083670770073,1.3256075195993224,0.02969306836035848,-5.8998973535824915,-1.9682639915777047,2.8964415792632403,-0.013152053543944778,0.0012871646198403758,-0.8061471527757291,0.37199969719341774,NA,NA,NA,NA,NA,NA
Liver,Gompertz,Age,None,Both,60 to 69,CRN,0.018703061330089674,-0.5968138776189432,NA,NA,NA,NA,NA,NA,NA,NA,NA,NA,NA,NA,NA,NA,NA,NA,NA,NA,NA,NA,NA,NA
Liver,WeibullPH,Age,None,Both,60 to 69,CRN,NA,-0.6692827638744551,-0.4165256105051496,NA,NA,NA,NA,NA,NA,NA,NA,NA,NA,NA,NA,NA,NA,NA,NA,NA,NA,NA,NA,NA
Liver,Exponential,Age,None,Both,60 to 69,CRN,-0.9700913557556953,NA,NA,NA,NA,NA,NA,NA,NA,NA,NA,NA,NA,NA,NA,NA,NA,NA,NA,NA,NA,NA,NA,NA
Liver,Log-logistic,Age,None,Both,60 to 69,CRN,NA,-0.3279335577784191,-0.17996488864035035,NA,NA,NA,NA,NA,NA,NA,NA,NA,NA,NA,NA,NA,NA,NA,NA,NA,NA,NA,NA,NA
Liver,Log-normal,Age,None,Both,60 to 69,CRN,NA,NA,NA,-0.1304661756824418,0.8418673896631548,NA,NA,NA,NA,NA,NA,NA,NA,NA,NA,NA,NA,NA,NA,NA,NA,NA,NA,NA
Liver,Generalised Gamma,Age,None,Both,60 to 69,CRN,NA,NA,NA,NA,NA,-0.7830759569707322,0.8626235118024179,-0.6433177747103647,NA,NA,NA,NA,NA,NA,NA,NA,NA,NA,NA,NA,NA,NA,NA,NA
Liver,Spline (1 knot),Age,None,Both,60 to 69,CRN,NA,NA,NA,NA,NA,NA,NA,NA,1.176696999058659,1.0894380713550647,0.015327673409095572,-5.8998973535824915,-1.2555064544411187,2.637294524340435,NA,NA,NA,NA,NA,NA,NA,NA,NA,NA
Liver,Spline (3 knots),Age,None,Both,60 to 69,CRN,NA,NA,NA,NA,NA,NA,NA,NA,3.152737087301482,1.6216286339543033,0.0646853764792856,-5.8998973535824915,-2.4033897921160112,2.637294524340435,-0.03701855681052204,-0.0022744812322851287,-1.2555064544411187,0.08151685767198903,NA,NA,NA,NA,NA,NA
Liver,Gompertz,Age,None,Both,70 to 79,CRN,0.3974104336970535,-0.5497960878756674,NA,NA,NA,NA,NA,NA,NA,NA,NA,NA,NA,NA,NA,NA,NA,NA,NA,NA,NA,NA,NA,NA
Liver,WeibullPH,Age,None,Both,70 to 79,CRN,NA,-0.5301390433555175,-0.02884261454343089,NA,NA,NA,NA,NA,NA,NA,NA,NA,NA,NA,NA,NA,NA,NA,NA,NA,NA,NA,NA,NA
Liver,Exponential,Age,None,Both,70 to 79,CRN,-0.3484602619308802,NA,NA,NA,NA,NA,NA,NA,NA,NA,NA,NA,NA,NA,NA,NA,NA,NA,NA,NA,NA,NA,NA,NA
Liver,Log-logistic,Age,None,Both,70 to 79,CRN,NA,-0.1094015380788257,-0.8366155587070239,NA,NA,NA,NA,NA,NA,NA,NA,NA,NA,NA,NA,NA,NA,NA,NA,NA,NA,NA,NA,NA
Liver,Log-normal,Age,None,Both,70 to 79,CRN,NA,NA,NA,-0.8120802176122679,0.63590293963432,NA,NA,NA,NA,NA,NA,NA,NA,NA,NA,NA,NA,NA,NA,NA,NA,NA,NA,NA
Liver,Generalised Gamma,Age,None,Both,70 to 79,CRN,NA,NA,NA,NA,NA,-1.0883643941622676,0.6421050218876275,-0.3149042578077454,NA,NA,NA,NA,NA,NA,NA,NA,NA,NA,NA,NA,NA,NA,NA,NA
Liver,Spline (1 knot),Age,None,Both,70 to 79,CRN,NA,NA,NA,NA,NA,NA,NA,NA,1.2460033625865494,1.0788086193401478,0.016558463590985017,-5.206750173022546,-1.3460204619819507,2.5145984395954035,NA,NA,NA,NA,NA,NA,NA,NA,NA,NA
Liver,Spline (3 knots),Age,None,Both,70 to 79,CRN,NA,NA,NA,NA,NA,NA,NA,NA,2.331867710611852,1.3966527610841075,0.025759528099665543,-5.206750173022546,-2.434161450782765,2.5145984395954035,0.02806825455231076,-0.03488542307649385,-1.3460204619819507,-0.008253141756720414,NA,NA,NA,NA,NA,NA
Liver,Gompertz,Age,None,Both,80 +,CRN,0.7289298456819973,-0.5457295490790238,NA,NA,NA,NA,NA,NA,NA,NA,NA,NA,NA,NA,NA,NA,NA,NA,NA,NA,NA,NA,NA,NA
Liver,WeibullPH,Age,None,Both,80 +,CRN,NA,-0.4213426386900611,0.32256847972194447,NA,NA,NA,NA,NA,NA,NA,NA,NA,NA,NA,NA,NA,NA,NA,NA,NA,NA,NA,NA,NA
Liver,Exponential,Age,None,Both,80 +,CRN,0.21798440700152824,NA,NA,NA,NA,NA,NA,NA,NA,NA,NA,NA,NA,NA,NA,NA,NA,NA,NA,NA,NA,NA,NA,NA
Liver,Log-logistic,Age,None,Both,80 +,CRN,NA,0.0032850348944759543,-1.259059871700556,NA,NA,NA,NA,NA,NA,NA,NA,NA,NA,NA,NA,NA,NA,NA,NA,NA,NA,NA,NA,NA
Liver,Log-normal,Age,None,Both,80 +,CRN,NA,NA,NA,-1.293244790642766,0.5439148986204029,NA,NA,NA,NA,NA,NA,NA,NA,NA,NA,NA,NA,NA,NA,NA,NA,NA,NA,NA
Liver,Generalised Gamma,Age,None,Both,80 +,CRN,NA,NA,NA,NA,NA,-1.0906658499771718,0.5205708610537861,0.2470068038050551,NA,NA,NA,NA,NA,NA,NA,NA,NA,NA,NA,NA,NA,NA,NA,NA
Liver,Spline (1 knot),Age,None,Both,80 +,CRN,NA,NA,NA,NA,NA,NA,NA,NA,1.3697233212884188,1.0116897104336136,0.010845171905783105,-5.8998973535824915,-1.3460204619819507,2.3858680669318386,NA,NA,NA,NA,NA,NA,NA,NA,NA,NA
Liver,Spline (3 knots),Age,None,Both,80 +,CRN,NA,NA,NA,NA,NA,NA,NA,NA,2.1318844253342015,1.2042239287296548,0.022415028288601285,-5.8998973535824915,-2.6040604875781623,2.3858680669318386,7.635738411626669e-4,-0.010334896580778628,-1.3460204619819507,-0.26870493477626683,NA,NA,NA,NA,NA,NA
Prostate,Gompertz,Age,None,Male,18 to 39,CRN,-4.876454736944338,0.053252539841334295,NA,NA,NA,NA,NA,NA,NA,NA,NA,NA,NA,NA,NA,NA,NA,NA,NA,NA,NA,NA,NA,NA
Prostate,WeibullPH,Age,None,Male,18 to 39,CRN,NA,0.5679111978711622,-6.421670760863406,NA,NA,NA,NA,NA,NA,NA,NA,NA,NA,NA,NA,NA,NA,NA,NA,NA,NA,NA,NA,NA
Prostate,Exponential,Age,None,Male,18 to 39,CRN,-4.484842820377262,NA,NA,NA,NA,NA,NA,NA,NA,NA,NA,NA,NA,NA,NA,NA,NA,NA,NA,NA,NA,NA,NA,NA
Prostate,Log-logistic,Age,None,Male,18 to 39,CRN,NA,0.6523483715242319,3.472023219628898,NA,NA,NA,NA,NA,NA,NA,NA,NA,NA,NA,NA,NA,NA,NA,NA,NA,NA,NA,NA,NA
Prostate,Log-normal,Age,None,Male,18 to 39,CRN,NA,NA,NA,3.499208352499284,-0.07666523919855046,NA,NA,NA,NA,NA,NA,NA,NA,NA,NA,NA,NA,NA,NA,NA,NA,NA,NA,NA
Prostate,Generalised Gamma,Age,None,Male,18 to 39,CRN,NA,NA,NA,NA,NA,2.0998508750601683,-2.8061931554973594,-39.39563408010686,NA,NA,NA,NA,NA,NA,NA,NA,NA,NA,NA,NA,NA,NA,NA,NA
Prostate,Gompertz,Age,None,Male,40 to 49,CRN,-4.525919384305059,0.02044245418275194,NA,NA,NA,NA,NA,NA,NA,NA,NA,NA,NA,NA,NA,NA,NA,NA,NA,NA,NA,NA,NA,NA
Prostate,WeibullPH,Age,None,Male,40 to 49,CRN,NA,0.07822453395591275,-4.596256237778792,NA,NA,NA,NA,NA,NA,NA,NA,NA,NA,NA,NA,NA,NA,NA,NA,NA,NA,NA,NA,NA
Prostate,Exponential,Age,None,Male,40 to 49,CRN,-4.414247739282203,NA,NA,NA,NA,NA,NA,NA,NA,NA,NA,NA,NA,NA,NA,NA,NA,NA,NA,NA,NA,NA,NA,NA
Prostate,Log-logistic,Age,None,Male,40 to 49,CRN,NA,0.1125511457059731,4.124212623180666,NA,NA,NA,NA,NA,NA,NA,NA,NA,NA,NA,NA,NA,NA,NA,NA,NA,NA,NA,NA,NA
Prostate,Log-normal,Age,None,Male,40 to 49,CRN,NA,NA,NA,4.670430544411748,0.6825935756547344,NA,NA,NA,NA,NA,NA,NA,NA,NA,NA,NA,NA,NA,NA,NA,NA,NA,NA,NA
Prostate,Generalised Gamma,Age,None,Male,40 to 49,CRN,NA,NA,NA,NA,NA,4.3240511423913945,0.08043235661097843,0.8095016746002275,NA,NA,NA,NA,NA,NA,NA,NA,NA,NA,NA,NA,NA,NA,NA,NA
Prostate,Spline (1 knot),Age,None,Male,40 to 49,CRN,NA,NA,NA,NA,NA,NA,NA,NA,-4.595794052147184,1.2340747067741669,0.01240649118120388,-2.4033897921160112,1.4747316616364534,2.939379337002859,NA,NA,NA,NA,NA,NA,NA,NA,NA,NA
Prostate,Spline (3 knots),Age,None,Male,40 to 49,CRN,NA,NA,NA,NA,NA,NA,NA,NA,-4.519395423300053,1.3831402070065668,-0.06698763916924169,-2.4033897921160112,0.7606777962571946,2.939379337002859,0.3811784796698608,-0.4340012058746206,1.4747316616364534,2.0814942279975783,NA,NA,NA,NA,NA,NA
Prostate,Gompertz,Age,None,Male,50 to 59,CRN,-4.360079328887228,0.04898073745406091,NA,NA,NA,NA,NA,NA,NA,NA,NA,NA,NA,NA,NA,NA,NA,NA,NA,NA,NA,NA,NA,NA
Prostate,WeibullPH,Age,None,Male,50 to 59,CRN,NA,0.2063461417717855,-4.596012010747821,NA,NA,NA,NA,NA,NA,NA,NA,NA,NA,NA,NA,NA,NA,NA,NA,NA,NA,NA,NA,NA
Prostate,Exponential,Age,None,Male,50 to 59,CRN,-4.062079404561245,NA,NA,NA,NA,NA,NA,NA,NA,NA,NA,NA,NA,NA,NA,NA,NA,NA,NA,NA,NA,NA,NA,NA
Prostate,Log-logistic,Age,None,Male,50 to 59,CRN,NA,0.26014156781575876,3.586662983741468,NA,NA,NA,NA,NA,NA,NA,NA,NA,NA,NA,NA,NA,NA,NA,NA,NA,NA,NA,NA,NA
Prostate,Log-normal,Age,None,Male,50 to 59,CRN,NA,NA,NA,3.912703681155405,0.4885826732143839,NA,NA,NA,NA,NA,NA,NA,NA,NA,NA,NA,NA,NA,NA,NA,NA,NA,NA,NA
Prostate,Generalised Gamma,Age,None,Male,50 to 59,CRN,NA,NA,NA,NA,NA,3.7011576222972633,-0.8596427722797959,2.0392473348680396,NA,NA,NA,NA,NA,NA,NA,NA,NA,NA,NA,NA,NA,NA,NA,NA
Prostate,Spline (1 knot),Age,None,Male,50 to 59,CRN,NA,NA,NA,NA,NA,NA,NA,NA,-4.589400256111018,1.2686060946993876,0.00266196947696614,-3.414990703794491,1.7464563688635082,2.9811052706730776,NA,NA,NA,NA,NA,NA,NA,NA,NA,NA
Prostate,Spline (3 knots),Age,None,Male,50 to 59,CRN,NA,NA,NA,NA,NA,NA,NA,NA,-4.315463474885068,1.5867209037421854,0.030876723316314112,-3.414990703794491,1.002339325388116,2.9811052706730776,0.17770524561796167,-0.3319326887021831,1.7464563688635082,2.264043479605024,NA,NA,NA,NA,NA,NA
Prostate,Gompertz,Age,None,Male,60 to 69,CRN,-4.032165412028999,0.0831979809350098,NA,NA,NA,NA,NA,NA,NA,NA,NA,NA,NA,NA,NA,NA,NA,NA,NA,NA,NA,NA,NA,NA
Prostate,WeibullPH,Age,None,Male,60 to 69,CRN,NA,0.2920113107540703,-4.30759591869839,NA,NA,NA,NA,NA,NA,NA,NA,NA,NA,NA,NA,NA,NA,NA,NA,NA,NA,NA,NA,NA
Prostate,Exponential,Age,None,Male,60 to 69,CRN,-3.5402038750103046,NA,NA,NA,NA,NA,NA,NA,NA,NA,NA,NA,NA,NA,NA,NA,NA,NA,NA,NA,NA,NA,NA,NA
Prostate,Log-logistic,Age,None,Male,60 to 69,CRN,NA,0.3708890610362617,3.038351439934257,NA,NA,NA,NA,NA,NA,NA,NA,NA,NA,NA,NA,NA,NA,NA,NA,NA,NA,NA,NA,NA
Prostate,Log-normal,Age,None,Male,60 to 69,CRN,NA,NA,NA,3.2472994424597665,0.3630001782609864,NA,NA,NA,NA,NA,NA,NA,NA,NA,NA,NA,NA,NA,NA,NA,NA,NA,NA,NA
Prostate,Generalised Gamma,Age,None,Male,60 to 69,CRN,NA,NA,NA,NA,NA,3.277487585011325,-1.2035272789995783,2.7404198708200553,NA,NA,NA,NA,NA,NA,NA,NA,NA,NA,NA,NA,NA,NA,NA,NA
Prostate,Spline (1 knot),Age,None,Male,60 to 69,CRN,NA,NA,NA,NA,NA,NA,NA,NA,-4.851326392440606,0.7953510311040635,-0.024104862116523976,-5.8998973535824915,1.7880998128105245,2.9798534449306335,NA,NA,NA,NA,NA,NA,NA,NA,NA,NA
Prostate,Spline (3 knots),Age,None,Male,60 to 69,CRN,NA,NA,NA,NA,NA,NA,NA,NA,-4.165094580427194,1.1723990781236666,-0.019442240763419334,-5.8998973535824915,1.0618724015056955,2.9798534449306335,0.43666011509285113,-0.699502461453877,1.7880998128105245,2.2860099727178973,NA,NA,NA,NA,NA,NA
Prostate,Gompertz,Age,None,Male,70 to 79,CRN,-3.0763150020735015,0.09079661809206964,NA,NA,NA,NA,NA,NA,NA,NA,NA,NA,NA,NA,NA,NA,NA,NA,NA,NA,NA,NA,NA,NA
Prostate,WeibullPH,Age,None,Male,70 to 79,CRN,NA,0.2690006469115688,-3.2572549253185326,NA,NA,NA,NA,NA,NA,NA,NA,NA,NA,NA,NA,NA,NA,NA,NA,NA,NA,NA,NA,NA
Prostate,Exponential,Age,None,Male,70 to 79,CRN,-2.6105642106625697,NA,NA,NA,NA,NA,NA,NA,NA,NA,NA,NA,NA,NA,NA,NA,NA,NA,NA,NA,NA,NA,NA,NA
Prostate,Log-logistic,Age,None,Male,70 to 79,CRN,NA,0.4237118553466942,2.2235972323756705,NA,NA,NA,NA,NA,NA,NA,NA,NA,NA,NA,NA,NA,NA,NA,NA,NA,NA,NA,NA,NA
Prostate,Log-normal,Age,None,Male,70 to 79,CRN,NA,NA,NA,2.2555563144226345,0.26294352691189876,NA,NA,NA,NA,NA,NA,NA,NA,NA,NA,NA,NA,NA,NA,NA,NA,NA,NA,NA
Prostate,Generalised Gamma,Age,None,Male,70 to 79,CRN,NA,NA,NA,NA,NA,2.6439801356133783,-0.6875886881338655,1.8541616102233962,NA,NA,NA,NA,NA,NA,NA,NA,NA,NA,NA,NA,NA,NA,NA,NA
Prostate,Spline (1 knot),Age,None,Male,70 to 79,CRN,NA,NA,NA,NA,NA,NA,NA,NA,-4.017043636075309,0.641754862972762,-0.02757250390831044,-5.8998973535824915,1.6433759931229546,2.9878934106128345,NA,NA,NA,NA,NA,NA,NA,NA,NA,NA
Prostate,Spline (3 knots),Age,None,Male,70 to 79,CRN,NA,NA,NA,NA,NA,NA,NA,NA,-3.404590525324772,0.9091131478779859,0.03241075877266855,-5.8998973535824915,0.8797403014429919,2.9878934106128345,0.11263217963435179,-0.28087607953464994,1.6433759931229546,2.1534333038629665,NA,NA,NA,NA,NA,NA
Prostate,Gompertz,Age,None,Male,80 +,CRN,-1.7468861521216827,0.049052498753312496,NA,NA,NA,NA,NA,NA,NA,NA,NA,NA,NA,NA,NA,NA,NA,NA,NA,NA,NA,NA,NA,NA
Prostate,WeibullPH,Age,None,Male,80 +,CRN,NA,0.05248201688308494,-1.6720190335603082,NA,NA,NA,NA,NA,NA,NA,NA,NA,NA,NA,NA,NA,NA,NA,NA,NA,NA,NA,NA,NA
Prostate,Exponential,Age,None,Male,80 +,CRN,-1.5819136156853075,NA,NA,NA,NA,NA,NA,NA,NA,NA,NA,NA,NA,NA,NA,NA,NA,NA,NA,NA,NA,NA,NA,NA
Prostate,Log-logistic,Age,None,Male,80 +,CRN,NA,0.29963824117759486,1.1918912101422958,NA,NA,NA,NA,NA,NA,NA,NA,NA,NA,NA,NA,NA,NA,NA,NA,NA,NA,NA,NA,NA
Prostate,Log-normal,Age,None,Male,80 +,CRN,NA,NA,NA,1.094404439110695,0.3496913791447972,NA,NA,NA,NA,NA,NA,NA,NA,NA,NA,NA,NA,NA,NA,NA,NA,NA,NA,NA
Prostate,Generalised Gamma,Age,None,Male,80 +,CRN,NA,NA,NA,NA,NA,1.7800245621710977,-0.235202386951364,1.5021831458117167,NA,NA,NA,NA,NA,NA,NA,NA,NA,NA,NA,NA,NA,NA,NA,NA
Prostate,Spline (1 knot),Age,None,Male,80 +,CRN,NA,NA,NA,NA,NA,NA,NA,NA,-2.295718442227018,0.6603473426204368,-0.013480330407543213,-5.8998973535824915,1.0266796796402333,2.9332737794403743,NA,NA,NA,NA,NA,NA,NA,NA,NA,NA
Prostate,Spline (3 knots),Age,None,Male,80 +,CRN,NA,NA,NA,NA,NA,NA,NA,NA,-1.9934288714142794,0.764061084273515,0.007796101953505365,-5.8998973535824915,0.17084037441999825,2.9332737794403743,0.044185293059561696,-0.09438757009383872,1.0266796796402333,1.6580976049483145,NA,NA,NA,NA,NA,NA
