Cancer,cohort_definition_id,number_records,number_subjects,reason_id,reason,excluded_records,excluded_subjects,Database
Colorectal,1,164865,164865,1,Qualifying initial records,0,0,CRN
Head_and_neck,2,33565,33565,1,Qualifying initial records,0,0,CRN
Liver,3,6007,6007,1,Qualifying initial records,0,0,CRN
Lung,4,84714,84714,1,Qualifying initial records,0,0,CRN
Pancreatic,5,35933,35933,1,Qualifying initial records,0,0,CRN
Stomach,6,60646,60646,1,Qualifying initial records,0,0,CRN
Colorectal,1,164865,164865,2,Excluded patients with less than 365 prior history,0,0,CRN
Head_and_neck,2,33565,33565,2,Excluded patients with less than 365 prior history,0,0,CRN
Liver,3,6007,6007,2,Excluded patients with less than 365 prior history,0,0,CRN
Lung,4,84714,84714,2,Excluded patients with less than 365 prior history,0,0,CRN
Pancreatic,5,35933,35933,2,Excluded patients with less than 365 prior history,0,0,CRN
Stomach,6,60646,60646,2,Excluded patients with less than 365 prior history,0,0,CRN
Colorectal,1,64364,64364,3,Exclude patients with any prior history of maglinancy (ex skin cancer),100501,100501,CRN
Head_and_neck,2,10929,10929,3,Exclude patients with any prior history of maglinancy (ex skin cancer),22636,22636,CRN
Liver,3,2327,2327,3,Exclude patients with any prior history of maglinancy (ex skin cancer),3680,3680,CRN
Lung,4,34958,34958,3,Exclude patients with any prior history of maglinancy (ex skin cancer),49756,49756,CRN
Pancreatic,5,11769,11769,3,Exclude patients with any prior history of maglinancy (ex skin cancer),24164,24164,CRN
Stomach,6,8041,8041,3,Exclude patients with any prior history of maglinancy (ex skin cancer),52605,52605,CRN
Colorectal,1,63315,63315,4,Exclude patients with death date same as cancer diagnosis date,1049,1049,CRN
Head_and_neck,2,10879,10879,4,Exclude patients with death date same as cancer diagnosis date,50,50,CRN
Liver,3,1913,1913,4,Exclude patients with death date same as cancer diagnosis date,414,414,CRN
Lung,4,33204,33204,4,Exclude patients with death date same as cancer diagnosis date,1754,1754,CRN
Pancreatic,5,10512,10512,4,Exclude patients with death date same as cancer diagnosis date,1257,1257,CRN
Stomach,6,7842,7842,4,Exclude patients with death date same as cancer diagnosis date,199,199,CRN
Colorectal,1,63315,63315,5,Exclude patients with multiple cancers on different sites diagnosed on same day,0,0,CRN
Head_and_neck,2,10879,10879,5,Exclude patients with multiple cancers on different sites diagnosed on same day,0,0,CRN
Liver,3,1913,1913,5,Exclude patients with multiple cancers on different sites diagnosed on same day,0,0,CRN
Lung,4,33204,33204,5,Exclude patients with multiple cancers on different sites diagnosed on same day,0,0,CRN
Pancreatic,5,10512,10512,5,Exclude patients with multiple cancers on different sites diagnosed on same day,0,0,CRN
Stomach,6,7842,7842,5,Exclude patients with multiple cancers on different sites diagnosed on same day,0,0,CRN
Colorectal,1,63315,63315,6,Removing cancer cohorts from analysis with less than 200 patients,0,0,CRN
Head_and_neck,2,10879,10879,6,Removing cancer cohorts from analysis with less than 200 patients,0,0,CRN
Liver,3,1913,1913,6,Removing cancer cohorts from analysis with less than 200 patients,0,0,CRN
Lung,4,33204,33204,6,Removing cancer cohorts from analysis with less than 200 patients,0,0,CRN
Pancreatic,5,10512,10512,6,Removing cancer cohorts from analysis with less than 200 patients,0,0,CRN
Stomach,6,7842,7842,6,Removing cancer cohorts from analysis with less than 200 patients,0,0,CRN
