Cancer,cohort_definition_id,number_records,number_subjects,reason_id,reason,excluded_records,excluded_subjects,Database
Liver,1,6007,6007,1,Qualifying initial records,0,0,CRN
Prostate,2,164838,164838,1,Qualifying initial records,0,0,CRN
Liver,1,6007,6007,2,Excluded patients with less than 365 prior history,0,0,CRN
Prostate,2,164838,164838,2,Excluded patients with less than 365 prior history,0,0,CRN
Liver,1,2327,2327,3,Exclude patients with any prior history of maglinancy (ex skin cancer),3680,3680,CRN
Prostate,2,79662,79662,3,Exclude patients with any prior history of maglinancy (ex skin cancer),85176,85176,CRN
Liver,1,1913,1913,4,Exclude patients with death date same as cancer diagnosis date,414,414,CRN
Prostate,2,78356,78356,4,Exclude patients with death date same as cancer diagnosis date,1306,1306,CRN
Liver,1,1913,1913,5,Exclude patients with multiple cancers on different sites diagnosed on same day,0,0,CRN
Prostate,2,78356,78356,5,Exclude patients with multiple cancers on different sites diagnosed on same day,0,0,CRN
Liver,1,1913,1913,6,Removing cancer cohorts from analysis with less than 200 patients,0,0,CRN
Prostate,2,78356,78356,6,Removing cancer cohorts from analysis with less than 200 patients,0,0,CRN
