Cancer,cohort_definition_id,number_records,number_subjects,reason_id,reason,excluded_records,excluded_subjects,Database
Breast,1,367836,367836,1,Qualifying initial records,0,0,NCR
Colorectal,2,324462,324462,1,Qualifying initial records,0,0,NCR
Head_and_neck,3,73106,73106,1,Qualifying initial records,0,0,NCR
Liver,4,11661,11661,1,Qualifying initial records,0,0,NCR
Lung,5,243540,243540,1,Qualifying initial records,0,0,NCR
Pancreatic,6,56099,56099,1,Qualifying initial records,0,0,NCR
Prostate,7,275297,275297,1,Qualifying initial records,0,0,NCR
Stomach,8,54293,54293,1,Qualifying initial records,0,0,NCR
Breast,1,358273,358273,2,Excluded patients with less than 365 prior history,9563,9563,NCR
Colorectal,2,316682,316682,2,Excluded patients with less than 365 prior history,7780,7780,NCR
Head_and_neck,3,71070,71070,2,Excluded patients with less than 365 prior history,2036,2036,NCR
Liver,4,11458,11458,2,Excluded patients with less than 365 prior history,203,203,NCR
Lung,5,237040,237040,2,Excluded patients with less than 365 prior history,6500,6500,NCR
Pancreatic,6,54827,54827,2,Excluded patients with less than 365 prior history,1272,1272,NCR
Prostate,7,269829,269829,2,Excluded patients with less than 365 prior history,5468,5468,NCR
Stomach,8,51979,51979,2,Excluded patients with less than 365 prior history,2314,2314,NCR
Breast,1,257915,257915,3,Exclude patients with any prior history of maglinancy (ex skin cancer),100358,100358,NCR
Colorectal,2,220259,220259,3,Exclude patients with any prior history of maglinancy (ex skin cancer),96423,96423,NCR
Head_and_neck,3,47612,47612,3,Exclude patients with any prior history of maglinancy (ex skin cancer),23458,23458,NCR
Liver,4,7628,7628,3,Exclude patients with any prior history of maglinancy (ex skin cancer),3830,3830,NCR
Lung,5,150777,150777,3,Exclude patients with any prior history of maglinancy (ex skin cancer),86263,86263,NCR
Pancreatic,6,36172,36172,3,Exclude patients with any prior history of maglinancy (ex skin cancer),18655,18655,NCR
Prostate,7,189774,189774,3,Exclude patients with any prior history of maglinancy (ex skin cancer),80055,80055,NCR
Stomach,8,31632,31632,3,Exclude patients with any prior history of maglinancy (ex skin cancer),20347,20347,NCR
Breast,1,257823,257823,4,Exclude patients with death date same as cancer diagnosis date,92,92,NCR
Colorectal,2,219920,219920,4,Exclude patients with death date same as cancer diagnosis date,339,339,NCR
Head_and_neck,3,47588,47588,4,Exclude patients with death date same as cancer diagnosis date,24,24,NCR
Liver,4,7573,7573,4,Exclude patients with death date same as cancer diagnosis date,55,55,NCR
Lung,5,150359,150359,4,Exclude patients with death date same as cancer diagnosis date,418,418,NCR
Pancreatic,6,36028,36028,4,Exclude patients with death date same as cancer diagnosis date,144,144,NCR
Prostate,7,189637,189637,4,Exclude patients with death date same as cancer diagnosis date,137,137,NCR
Stomach,8,31561,31561,4,Exclude patients with death date same as cancer diagnosis date,71,71,NCR
Stomach,8,31561,31561,5,Exclude patients with multiple cancers on different sites diagnosed on same day,0,0,NCR
Lung,5,150359,150359,5,Exclude patients with multiple cancers on different sites diagnosed on same day,0,0,NCR
Colorectal,2,219920,219920,5,Exclude patients with multiple cancers on different sites diagnosed on same day,0,0,NCR
Prostate,7,189637,189637,5,Exclude patients with multiple cancers on different sites diagnosed on same day,0,0,NCR
Liver,4,7573,7573,5,Exclude patients with multiple cancers on different sites diagnosed on same day,0,0,NCR
Pancreatic,6,36028,36028,5,Exclude patients with multiple cancers on different sites diagnosed on same day,0,0,NCR
Head_and_neck,3,47588,47588,5,Exclude patients with multiple cancers on different sites diagnosed on same day,0,0,NCR
Breast,1,257823,257823,5,Exclude patients with multiple cancers on different sites diagnosed on same day,0,0,NCR
Stomach,8,31561,31561,6,Removing cancer cohorts from analysis with less than 200 patients,0,0,NCR
Lung,5,150359,150359,6,Removing cancer cohorts from analysis with less than 200 patients,0,0,NCR
Colorectal,2,219920,219920,6,Removing cancer cohorts from analysis with less than 200 patients,0,0,NCR
Prostate,7,189637,189637,6,Removing cancer cohorts from analysis with less than 200 patients,0,0,NCR
Liver,4,7573,7573,6,Removing cancer cohorts from analysis with less than 200 patients,0,0,NCR
Pancreatic,6,36028,36028,6,Removing cancer cohorts from analysis with less than 200 patients,0,0,NCR
Head_and_neck,3,47588,47588,6,Removing cancer cohorts from analysis with less than 200 patients,0,0,NCR
Breast,1,257823,257823,6,Removing cancer cohorts from analysis with less than 200 patients,0,0,NCR
