Cancer,cohort_definition_id,number_records,number_subjects,reason_id,reason,excluded_records,excluded_subjects,Database
Stomach,8,775,775,1,Qualifying initial records,0,0,IMASIS
Lung,5,1119,1119,1,Qualifying initial records,0,0,IMASIS
Colorectal,2,2897,2897,1,Qualifying initial records,0,0,IMASIS
Prostate,7,2699,2699,1,Qualifying initial records,0,0,IMASIS
Liver,4,912,912,1,Qualifying initial records,0,0,IMASIS
Pancreatic,6,731,731,1,Qualifying initial records,0,0,IMASIS
Head_and_neck,3,1018,1018,1,Qualifying initial records,0,0,IMASIS
Breast,1,2681,2681,1,Qualifying initial records,0,0,IMASIS
Breast,1,2681,2681,2,Excluded patients with less than 365 prior history,0,0,IMASIS
Colorectal,2,2897,2897,2,Excluded patients with less than 365 prior history,0,0,IMASIS
Head_and_neck,3,1018,1018,2,Excluded patients with less than 365 prior history,0,0,IMASIS
Liver,4,912,912,2,Excluded patients with less than 365 prior history,0,0,IMASIS
Lung,5,1119,1119,2,Excluded patients with less than 365 prior history,0,0,IMASIS
Pancreatic,6,731,731,2,Excluded patients with less than 365 prior history,0,0,IMASIS
Prostate,7,2699,2699,2,Excluded patients with less than 365 prior history,0,0,IMASIS
Stomach,8,775,775,2,Excluded patients with less than 365 prior history,0,0,IMASIS
Breast,1,2633,2633,3,Exclude patients with any prior history of maglinancy (ex skin cancer),48,48,IMASIS
Colorectal,2,2725,2725,3,Exclude patients with any prior history of maglinancy (ex skin cancer),172,172,IMASIS
Head_and_neck,3,957,957,3,Exclude patients with any prior history of maglinancy (ex skin cancer),61,61,IMASIS
Liver,4,847,847,3,Exclude patients with any prior history of maglinancy (ex skin cancer),65,65,IMASIS
Lung,5,915,915,3,Exclude patients with any prior history of maglinancy (ex skin cancer),204,204,IMASIS
Pancreatic,6,661,661,3,Exclude patients with any prior history of maglinancy (ex skin cancer),70,70,IMASIS
Prostate,7,2616,2616,3,Exclude patients with any prior history of maglinancy (ex skin cancer),83,83,IMASIS
Stomach,8,721,721,3,Exclude patients with any prior history of maglinancy (ex skin cancer),54,54,IMASIS
Breast,1,2633,2633,4,Exclude patients with death date same as cancer diagnosis date,0,0,IMASIS
Colorectal,2,2725,2725,4,Exclude patients with death date same as cancer diagnosis date,0,0,IMASIS
Head_and_neck,3,957,957,4,Exclude patients with death date same as cancer diagnosis date,0,0,IMASIS
Liver,4,847,847,4,Exclude patients with death date same as cancer diagnosis date,0,0,IMASIS
Lung,5,915,915,4,Exclude patients with death date same as cancer diagnosis date,0,0,IMASIS
Pancreatic,6,661,661,4,Exclude patients with death date same as cancer diagnosis date,0,0,IMASIS
Prostate,7,2616,2616,4,Exclude patients with death date same as cancer diagnosis date,0,0,IMASIS
Stomach,8,721,721,4,Exclude patients with death date same as cancer diagnosis date,0,0,IMASIS
Breast,1,2633,2633,5,Exclude patients with multiple cancers on different sites diagnosed on same day,0,0,IMASIS
Colorectal,2,2725,2725,5,Exclude patients with multiple cancers on different sites diagnosed on same day,0,0,IMASIS
Head_and_neck,3,957,957,5,Exclude patients with multiple cancers on different sites diagnosed on same day,0,0,IMASIS
Liver,4,847,847,5,Exclude patients with multiple cancers on different sites diagnosed on same day,0,0,IMASIS
Lung,5,915,915,5,Exclude patients with multiple cancers on different sites diagnosed on same day,0,0,IMASIS
Pancreatic,6,661,661,5,Exclude patients with multiple cancers on different sites diagnosed on same day,0,0,IMASIS
Prostate,7,2616,2616,5,Exclude patients with multiple cancers on different sites diagnosed on same day,0,0,IMASIS
Stomach,8,721,721,5,Exclude patients with multiple cancers on different sites diagnosed on same day,0,0,IMASIS
Breast,1,2633,2633,6,Removing cancer cohorts from analysis with less than 200 patients,0,0,IMASIS
Colorectal,2,2725,2725,6,Removing cancer cohorts from analysis with less than 200 patients,0,0,IMASIS
Head_and_neck,3,957,957,6,Removing cancer cohorts from analysis with less than 200 patients,0,0,IMASIS
Liver,4,847,847,6,Removing cancer cohorts from analysis with less than 200 patients,0,0,IMASIS
Lung,5,915,915,6,Removing cancer cohorts from analysis with less than 200 patients,0,0,IMASIS
Pancreatic,6,661,661,6,Removing cancer cohorts from analysis with less than 200 patients,0,0,IMASIS
Prostate,7,2616,2616,6,Removing cancer cohorts from analysis with less than 200 patients,0,0,IMASIS
Stomach,8,721,721,6,Removing cancer cohorts from analysis with less than 200 patients,0,0,IMASIS
