details,0,0.5,1,2,3,4,5,6,7,8,9,10,11,12,13,14,15,16,17,18,19,Method,Cancer,Sex,Age,Stratification,Adjustment,Database
n.risk,2633,2361,2225,1935,1681,1499,1303,1146,1000,836,699,571,451,348,285,228,172,122,80,53,26,Kaplan-Meier,Breast,Both,All,None,None,IMASIS
n.event,0,63,27,47,41,30,31,25,16,13,12,16,12,<10,<10,<10,<10,<10,<10,0,<10,Kaplan-Meier,Breast,Both,All,None,None,IMASIS
n.risk,2725,2156,1898,1530,1247,1040,851,697,566,464,373,284,231,186,140,85,61,37,26,16,<10,Kaplan-Meier,Colorectal,Both,All,None,None,IMASIS
n.event,0,347,126,169,119,67,68,35,25,21,11,17,15,<10,<10,<10,<10,<10,<10,0,0,Kaplan-Meier,Colorectal,Both,All,None,None,IMASIS
n.risk,957,772,673,525,428,368,308,262,217,173,147,111,95,72,57,47,37,31,23,13,<10,Kaplan-Meier,Head_and_neck,Both,All,None,None,IMASIS
n.event,0,106,55,78,40,29,17,14,19,<10,<10,<10,<10,<10,<10,<10,<10,<10,<10,<10,<10,Kaplan-Meier,Head_and_neck,Both,All,None,None,IMASIS
n.risk,847,541,419,265,174,117,91,54,40,25,17,13,11,<10,<10,<10,<10,<10,0,0,0,Kaplan-Meier,Liver,Both,All,None,None,IMASIS
n.event,0,208,80,101,45,29,<10,15,<10,<10,<10,<10,0,<10,<10,<10,<10,0,0,0,0,Kaplan-Meier,Liver,Both,All,None,None,IMASIS
n.risk,915,594,410,257,176,140,111,93,70,51,38,29,25,18,15,<10,<10,<10,<10,<10,<10,Kaplan-Meier,Lung,Both,All,None,None,IMASIS
n.event,0,225,142,90,46,17,<10,<10,<10,<10,<10,<10,<10,<10,<10,<10,0,0,<10,0,0,Kaplan-Meier,Lung,Both,All,None,None,IMASIS
n.risk,661,297,183,103,76,57,45,39,29,21,17,13,<10,<10,<10,<10,<10,<10,<10,0,0,Kaplan-Meier,Pancreatic,Both,All,None,None,IMASIS
n.event,0,265,88,40,12,<10,<10,<10,<10,<10,<10,<10,0,<10,0,0,0,0,0,0,0,Kaplan-Meier,Pancreatic,Both,All,None,None,IMASIS
n.risk,2616,2323,2148,1844,1630,1439,1249,1083,910,769,622,492,388,306,226,151,111,69,41,24,11,Kaplan-Meier,Prostate,Male,All,None,None,IMASIS
n.event,0,127,39,73,50,57,51,44,38,28,25,25,17,21,20,15,<10,<10,<10,0,<10,Kaplan-Meier,Prostate,Male,All,None,None,IMASIS
n.risk,721,478,347,241,180,142,119,100,85,66,50,44,30,27,23,17,<10,<10,<10,<10,0,Kaplan-Meier,Stomach,Both,All,None,None,IMASIS
n.event,0,174,91,71,30,15,<10,<10,<10,<10,<10,<10,<10,<10,<10,0,0,0,0,0,0,Kaplan-Meier,Stomach,Both,All,None,None,IMASIS
n.risk,2620,2351,2216,1930,1677,1495,1299,1142,996,832,695,567,447,344,283,227,171,121,79,52,26,Kaplan-Meier,Breast,Female,All,Sex,None,IMASIS
n.event,0,63,27,47,40,30,31,25,16,13,12,16,12,<10,<10,<10,<10,<10,<10,0,<10,Kaplan-Meier,Breast,Female,All,Sex,None,IMASIS
n.risk,13,<10,<10,<10,<10,<10,<10,<10,<10,<10,<10,<10,<10,<10,<10,<10,<10,<10,<10,<10,0,Kaplan-Meier,Breast,Male,All,Sex,None,IMASIS
n.event,0,0,0,0,<10,0,0,0,0,0,0,0,0,0,<10,0,0,0,0,0,0,Kaplan-Meier,Breast,Male,All,Sex,None,IMASIS
n.risk,1186,908,799,654,529,453,371,311,252,210,172,132,106,91,69,44,31,18,13,<10,<10,Kaplan-Meier,Colorectal,Female,All,Sex,None,IMASIS
n.event,0,163,52,63,53,17,27,13,<10,<10,<10,<10,<10,<10,<10,<10,<10,0,<10,0,0,Kaplan-Meier,Colorectal,Female,All,Sex,None,IMASIS
n.risk,1539,1248,1099,876,718,587,480,386,314,254,201,152,125,95,71,41,30,19,13,<10,<10,Kaplan-Meier,Colorectal,Male,All,Sex,None,IMASIS
n.event,0,184,74,106,66,50,41,22,17,13,<10,12,<10,<10,<10,<10,0,<10,<10,0,0,Kaplan-Meier,Colorectal,Male,All,Sex,None,IMASIS
n.risk,200,168,147,118,96,84,68,56,47,33,27,20,17,14,<10,<10,<10,<10,<10,<10,0,Kaplan-Meier,Head_and_neck,Female,All,Sex,None,IMASIS
n.event,0,21,<10,14,<10,<10,<10,<10,<10,<10,0,0,<10,<10,<10,<10,0,0,0,<10,<10,Kaplan-Meier,Head_and_neck,Female,All,Sex,None,IMASIS
n.risk,757,604,526,407,332,284,240,206,170,140,120,91,78,58,49,41,31,25,18,<10,<10,Kaplan-Meier,Head_and_neck,Male,All,Sex,None,IMASIS
n.event,0,85,45,64,35,26,15,<10,17,<10,<10,<10,<10,<10,<10,<10,<10,<10,<10,<10,<10,Kaplan-Meier,Head_and_neck,Male,All,Sex,None,IMASIS
n.risk,289,190,146,86,59,39,32,17,13,<10,<10,<10,<10,<10,<10,<10,0,0,0,0,0,Kaplan-Meier,Liver,Female,All,Sex,None,IMASIS
n.event,0,64,30,39,14,11,<10,<10,<10,<10,<10,0,0,<10,0,<10,0,0,0,0,0,Kaplan-Meier,Liver,Female,All,Sex,None,IMASIS
n.risk,558,351,273,179,115,78,59,37,27,18,12,<10,<10,<10,<10,<10,<10,<10,0,0,0,Kaplan-Meier,Liver,Male,All,Sex,None,IMASIS
n.event,0,144,50,62,31,18,<10,11,<10,<10,<10,<10,0,0,<10,0,<10,0,0,0,0,Kaplan-Meier,Liver,Male,All,Sex,None,IMASIS
n.risk,189,142,108,72,52,44,38,31,28,20,17,12,<10,<10,<10,<10,<10,<10,<10,0,0,Kaplan-Meier,Lung,Female,All,Sex,None,IMASIS
n.event,0,25,19,17,<10,<10,<10,0,0,<10,<10,<10,0,<10,<10,<10,0,0,0,0,0,Kaplan-Meier,Lung,Female,All,Sex,None,IMASIS
n.risk,726,452,302,185,124,96,73,62,42,31,21,17,15,11,11,<10,<10,<10,<10,<10,<10,Kaplan-Meier,Lung,Male,All,Sex,None,IMASIS
n.event,0,200,123,73,39,15,<10,<10,<10,<10,<10,<10,<10,<10,0,0,0,0,<10,0,0,Kaplan-Meier,Lung,Male,All,Sex,None,IMASIS
n.risk,337,147,102,58,43,30,25,23,18,13,11,<10,<10,<10,<10,<10,<10,<10,<10,0,0,Kaplan-Meier,Pancreatic,Female,All,Sex,None,IMASIS
n.event,0,136,30,19,<10,<10,<10,0,<10,<10,0,<10,0,<10,0,0,0,0,0,0,0,Kaplan-Meier,Pancreatic,Female,All,Sex,None,IMASIS
n.risk,324,150,81,45,33,27,20,16,11,<10,<10,<10,<10,<10,<10,<10,<10,0,0,0,0,Kaplan-Meier,Pancreatic,Male,All,Sex,None,IMASIS
n.event,0,129,58,21,<10,<10,<10,<10,<10,<10,<10,0,0,0,0,0,0,0,0,0,0,Kaplan-Meier,Pancreatic,Male,All,Sex,None,IMASIS
n.risk,298,192,154,111,86,65,55,49,41,32,22,20,15,14,12,<10,<10,<10,0,0,0,Kaplan-Meier,Stomach,Female,All,Sex,None,IMASIS
n.event,0,77,25,23,11,<10,<10,<10,<10,0,<10,<10,<10,0,<10,0,0,0,0,0,0,Kaplan-Meier,Stomach,Female,All,Sex,None,IMASIS
n.risk,423,286,193,130,94,77,64,51,44,34,28,24,15,13,11,<10,<10,<10,<10,<10,0,Kaplan-Meier,Stomach,Male,All,Sex,None,IMASIS
n.event,0,97,66,48,19,<10,<10,0,<10,<10,<10,<10,<10,<10,<10,0,0,0,0,0,0,Kaplan-Meier,Stomach,Male,All,Sex,None,IMASIS
n.risk,2620,2351,2216,1930,1677,1495,1299,1142,996,832,695,567,447,344,283,227,171,121,79,52,26,Kaplan-Meier,Breast,Female,All,None,Sex,IMASIS
n.event,0,63,27,47,40,30,31,25,16,13,12,16,12,<10,<10,<10,<10,<10,<10,0,<10,Kaplan-Meier,Breast,Female,All,None,Sex,IMASIS
n.risk,13,<10,<10,<10,<10,<10,<10,<10,<10,<10,<10,<10,<10,<10,<10,<10,<10,<10,<10,<10,0,Kaplan-Meier,Breast,Male,All,None,Sex,IMASIS
n.event,0,0,0,0,<10,0,0,0,0,0,0,0,0,0,<10,0,0,0,0,0,0,Kaplan-Meier,Breast,Male,All,None,Sex,IMASIS
n.risk,1186,908,799,654,529,453,371,311,252,210,172,132,106,91,69,44,31,18,13,<10,<10,Kaplan-Meier,Colorectal,Female,All,None,Sex,IMASIS
n.event,0,163,52,63,53,17,27,13,<10,<10,<10,<10,<10,<10,<10,<10,<10,0,<10,0,0,Kaplan-Meier,Colorectal,Female,All,None,Sex,IMASIS
n.risk,1539,1248,1099,876,718,587,480,386,314,254,201,152,125,95,71,41,30,19,13,<10,<10,Kaplan-Meier,Colorectal,Male,All,None,Sex,IMASIS
n.event,0,184,74,106,66,50,41,22,17,13,<10,12,<10,<10,<10,<10,0,<10,<10,0,0,Kaplan-Meier,Colorectal,Male,All,None,Sex,IMASIS
n.risk,200,168,147,118,96,84,68,56,47,33,27,20,17,14,<10,<10,<10,<10,<10,<10,0,Kaplan-Meier,Head_and_neck,Female,All,None,Sex,IMASIS
n.event,0,21,<10,14,<10,<10,<10,<10,<10,<10,0,0,<10,<10,<10,<10,0,0,0,<10,<10,Kaplan-Meier,Head_and_neck,Female,All,None,Sex,IMASIS
n.risk,757,604,526,407,332,284,240,206,170,140,120,91,78,58,49,41,31,25,18,<10,<10,Kaplan-Meier,Head_and_neck,Male,All,None,Sex,IMASIS
n.event,0,85,45,64,35,26,15,<10,17,<10,<10,<10,<10,<10,<10,<10,<10,<10,<10,<10,<10,Kaplan-Meier,Head_and_neck,Male,All,None,Sex,IMASIS
n.risk,289,190,146,86,59,39,32,17,13,<10,<10,<10,<10,<10,<10,<10,0,0,0,0,0,Kaplan-Meier,Liver,Female,All,None,Sex,IMASIS
n.event,0,64,30,39,14,11,<10,<10,<10,<10,<10,0,0,<10,0,<10,0,0,0,0,0,Kaplan-Meier,Liver,Female,All,None,Sex,IMASIS
n.risk,558,351,273,179,115,78,59,37,27,18,12,<10,<10,<10,<10,<10,<10,<10,0,0,0,Kaplan-Meier,Liver,Male,All,None,Sex,IMASIS
n.event,0,144,50,62,31,18,<10,11,<10,<10,<10,<10,0,0,<10,0,<10,0,0,0,0,Kaplan-Meier,Liver,Male,All,None,Sex,IMASIS
n.risk,189,142,108,72,52,44,38,31,28,20,17,12,<10,<10,<10,<10,<10,<10,<10,0,0,Kaplan-Meier,Lung,Female,All,None,Sex,IMASIS
n.event,0,25,19,17,<10,<10,<10,0,0,<10,<10,<10,0,<10,<10,<10,0,0,0,0,0,Kaplan-Meier,Lung,Female,All,None,Sex,IMASIS
n.risk,726,452,302,185,124,96,73,62,42,31,21,17,15,11,11,<10,<10,<10,<10,<10,<10,Kaplan-Meier,Lung,Male,All,None,Sex,IMASIS
n.event,0,200,123,73,39,15,<10,<10,<10,<10,<10,<10,<10,<10,0,0,0,0,<10,0,0,Kaplan-Meier,Lung,Male,All,None,Sex,IMASIS
n.risk,337,147,102,58,43,30,25,23,18,13,11,<10,<10,<10,<10,<10,<10,<10,<10,0,0,Kaplan-Meier,Pancreatic,Female,All,None,Sex,IMASIS
n.event,0,136,30,19,<10,<10,<10,0,<10,<10,0,<10,0,<10,0,0,0,0,0,0,0,Kaplan-Meier,Pancreatic,Female,All,None,Sex,IMASIS
n.risk,324,150,81,45,33,27,20,16,11,<10,<10,<10,<10,<10,<10,<10,<10,0,0,0,0,Kaplan-Meier,Pancreatic,Male,All,None,Sex,IMASIS
n.event,0,129,58,21,<10,<10,<10,<10,<10,<10,<10,0,0,0,0,0,0,0,0,0,0,Kaplan-Meier,Pancreatic,Male,All,None,Sex,IMASIS
n.risk,298,192,154,111,86,65,55,49,41,32,22,20,15,14,12,<10,<10,<10,0,0,0,Kaplan-Meier,Stomach,Female,All,None,Sex,IMASIS
n.event,0,77,25,23,11,<10,<10,<10,<10,0,<10,<10,<10,0,<10,0,0,0,0,0,0,Kaplan-Meier,Stomach,Female,All,None,Sex,IMASIS
n.risk,423,286,193,130,94,77,64,51,44,34,28,24,15,13,11,<10,<10,<10,<10,<10,0,Kaplan-Meier,Stomach,Male,All,None,Sex,IMASIS
n.event,0,97,66,48,19,<10,<10,0,<10,<10,<10,<10,<10,<10,<10,0,0,0,0,0,0,Kaplan-Meier,Stomach,Male,All,None,Sex,IMASIS
n.risk,121,105,98,86,77,64,55,51,46,36,22,17,13,12,11,10,<10,<10,<10,<10,<10,Kaplan-Meier,Breast,Both,18 to 39,Age,None,IMASIS
n.event,0,<10,<10,<10,0,<10,<10,0,<10,0,<10,0,0,0,0,0,0,0,0,0,0,Kaplan-Meier,Breast,Both,18 to 39,Age,None,IMASIS
n.risk,388,355,331,293,262,244,211,195,168,146,126,104,88,68,61,47,37,29,15,12,<10,Kaplan-Meier,Breast,Both,40 to 49,Age,None,IMASIS
n.event,0,<10,<10,<10,<10,<10,<10,<10,<10,0,0,<10,<10,<10,0,0,0,0,0,0,<10,Kaplan-Meier,Breast,Both,40 to 49,Age,None,IMASIS
n.risk,620,571,554,483,421,384,342,297,268,226,203,167,136,110,88,73,55,40,27,17,<10,Kaplan-Meier,Breast,Both,50 to 59,Age,None,IMASIS
n.event,0,<10,<10,<10,<10,<10,<10,<10,<10,<10,<10,<10,<10,0,<10,0,0,<10,<10,0,0,Kaplan-Meier,Breast,Both,50 to 59,Age,None,IMASIS
n.risk,706,648,623,554,490,447,395,350,313,265,222,186,139,114,91,72,56,37,25,17,10,Kaplan-Meier,Breast,Both,60 to 69,Age,None,IMASIS
n.event,0,<10,<10,<10,<10,<10,<10,<10,<10,<10,<10,<10,<10,<10,<10,<10,<10,<10,0,0,0,Kaplan-Meier,Breast,Both,60 to 69,Age,None,IMASIS
n.risk,430,383,357,318,277,236,205,173,147,122,102,84,67,42,34,26,17,10,<10,<10,<10,Kaplan-Meier,Breast,Both,70 to 79,Age,None,IMASIS
n.event,0,15,<10,13,10,12,<10,<10,<10,<10,<10,<10,<10,<10,<10,<10,0,0,0,0,0,Kaplan-Meier,Breast,Both,70 to 79,Age,None,IMASIS
n.risk,368,299,262,201,154,124,95,80,58,41,24,13,<10,<10,0,0,0,0,0,0,0,Kaplan-Meier,Breast,Both,80 +,Age,None,IMASIS
n.event,0,32,10,18,18,<10,<10,<10,<10,<10,<10,<10,<10,<10,<10,0,0,0,0,0,0,Kaplan-Meier,Breast,Both,80 +,Age,None,IMASIS
n.risk,44,35,31,21,17,15,14,11,10,10,<10,<10,<10,<10,<10,<10,<10,<10,<10,0,0,Kaplan-Meier,Colorectal,Both,18 to 39,Age,None,IMASIS
n.event,0,<10,0,<10,<10,<10,0,0,<10,0,0,0,0,0,0,0,0,0,0,0,0,Kaplan-Meier,Colorectal,Both,18 to 39,Age,None,IMASIS
n.risk,93,76,68,57,41,35,31,26,19,16,13,11,10,<10,<10,<10,<10,<10,<10,<10,<10,Kaplan-Meier,Colorectal,Both,40 to 49,Age,None,IMASIS
n.event,0,<10,<10,<10,<10,<10,0,<10,<10,0,<10,0,<10,0,<10,0,0,0,0,0,0,Kaplan-Meier,Colorectal,Both,40 to 49,Age,None,IMASIS
n.risk,320,291,269,221,187,154,137,114,99,79,60,49,41,34,28,18,15,11,<10,<10,<10,Kaplan-Meier,Colorectal,Both,50 to 59,Age,None,IMASIS
n.event,0,18,10,17,14,<10,<10,<10,<10,<10,<10,0,0,<10,0,<10,0,<10,0,0,0,Kaplan-Meier,Colorectal,Both,50 to 59,Age,None,IMASIS
n.risk,554,476,425,350,302,248,208,185,158,139,124,101,87,75,60,38,27,16,12,<10,<10,Kaplan-Meier,Colorectal,Both,60 to 69,Age,None,IMASIS
n.event,0,40,23,33,19,14,14,<10,<10,<10,<10,<10,<10,<10,<10,<10,0,<10,<10,0,0,Kaplan-Meier,Colorectal,Both,60 to 69,Age,None,IMASIS
n.risk,906,750,666,551,459,402,327,270,212,172,136,99,73,55,35,17,10,<10,<10,<10,<10,Kaplan-Meier,Colorectal,Both,70 to 79,Age,None,IMASIS
n.event,0,103,44,55,42,24,29,13,11,<10,<10,14,<10,<10,<10,<10,0,0,<10,0,0,Kaplan-Meier,Colorectal,Both,70 to 79,Age,None,IMASIS
n.risk,808,528,439,330,241,186,134,91,68,48,31,16,14,10,<10,<10,<10,0,0,0,0,Kaplan-Meier,Colorectal,Both,80 +,Age,None,IMASIS
n.event,0,177,46,60,37,20,18,14,<10,<10,<10,<10,<10,<10,<10,0,<10,0,0,0,0,Kaplan-Meier,Colorectal,Both,80 +,Age,None,IMASIS
n.risk,29,25,23,18,12,10,<10,<10,<10,<10,<10,<10,<10,<10,<10,<10,<10,<10,0,0,0,Kaplan-Meier,Head_and_neck,Both,18 to 39,Age,None,IMASIS
n.event,0,<10,0,0,0,0,0,0,0,0,0,0,0,0,0,0,0,0,0,0,0,Kaplan-Meier,Head_and_neck,Both,18 to 39,Age,None,IMASIS
n.risk,98,81,74,65,55,50,44,40,32,26,24,18,16,12,10,<10,<10,<10,<10,<10,0,Kaplan-Meier,Head_and_neck,Both,40 to 49,Age,None,IMASIS
n.event,0,<10,<10,<10,<10,<10,<10,<10,<10,<10,0,<10,0,<10,0,0,0,0,<10,0,<10,Kaplan-Meier,Head_and_neck,Both,40 to 49,Age,None,IMASIS
n.risk,241,208,181,146,119,105,93,81,72,63,53,45,39,29,25,20,17,14,13,<10,<10,Kaplan-Meier,Head_and_neck,Both,50 to 59,Age,None,IMASIS
n.event,0,17,13,20,11,<10,<10,<10,<10,<10,<10,<10,0,<10,<10,<10,<10,<10,0,<10,<10,Kaplan-Meier,Head_and_neck,Both,50 to 59,Age,None,IMASIS
n.risk,273,223,195,148,126,108,89,74,62,49,41,31,26,21,16,14,<10,<10,<10,<10,<10,Kaplan-Meier,Head_and_neck,Both,60 to 69,Age,None,IMASIS
n.event,0,30,17,25,<10,<10,<10,<10,<10,<10,<10,<10,<10,0,<10,<10,<10,0,0,0,<10,Kaplan-Meier,Head_and_neck,Both,60 to 69,Age,None,IMASIS
n.risk,194,148,128,98,78,67,53,44,37,24,20,10,<10,<10,<10,<10,<10,<10,<10,0,0,Kaplan-Meier,Head_and_neck,Both,70 to 79,Age,None,IMASIS
n.event,0,30,13,18,14,<10,<10,<10,<10,<10,<10,<10,<10,<10,<10,0,0,0,0,<10,0,Kaplan-Meier,Head_and_neck,Both,70 to 79,Age,None,IMASIS
n.risk,122,87,72,50,38,28,21,16,<10,<10,<10,<10,<10,<10,<10,0,0,0,0,0,0,Kaplan-Meier,Head_and_neck,Both,80 +,Age,None,IMASIS
n.event,0,20,<10,12,<10,<10,<10,<10,<10,0,0,0,<10,0,0,0,0,0,0,0,0,Kaplan-Meier,Head_and_neck,Both,80 +,Age,None,IMASIS
n.risk,<10,<10,<10,<10,<10,<10,<10,<10,<10,<10,0,0,0,0,0,0,0,0,0,0,0,Kaplan-Meier,Liver,Both,18 to 39,Age,None,IMASIS
n.event,0,0,<10,0,0,0,0,0,0,0,0,0,0,0,0,0,0,0,0,0,0,Kaplan-Meier,Liver,Both,18 to 39,Age,None,IMASIS
n.risk,42,18,13,10,<10,<10,<10,<10,<10,<10,<10,<10,<10,<10,<10,0,0,0,0,0,0,Kaplan-Meier,Liver,Both,40 to 49,Age,None,IMASIS
n.event,0,19,<10,<10,<10,<10,0,0,0,0,0,0,0,0,0,0,0,0,0,0,0,Kaplan-Meier,Liver,Both,40 to 49,Age,None,IMASIS
n.risk,125,85,62,43,28,17,12,<10,<10,<10,<10,<10,<10,<10,0,0,0,0,0,0,0,Kaplan-Meier,Liver,Both,50 to 59,Age,None,IMASIS
n.event,0,25,15,12,<10,<10,<10,<10,0,0,0,<10,0,0,<10,0,0,0,0,0,0,Kaplan-Meier,Liver,Both,50 to 59,Age,None,IMASIS
n.risk,192,128,106,69,45,33,27,22,17,11,<10,<10,<10,<10,<10,<10,<10,<10,0,0,0,Kaplan-Meier,Liver,Both,60 to 69,Age,None,IMASIS
n.event,0,43,17,29,11,<10,<10,<10,<10,<10,<10,<10,0,<10,0,0,<10,0,0,0,0,Kaplan-Meier,Liver,Both,60 to 69,Age,None,IMASIS
n.risk,285,204,161,103,72,51,42,19,12,<10,<10,<10,<10,<10,<10,0,0,0,0,0,0,Kaplan-Meier,Liver,Both,70 to 79,Age,None,IMASIS
n.event,0,62,25,36,19,13,<10,10,<10,<10,<10,<10,0,0,0,<10,0,0,0,0,0,Kaplan-Meier,Liver,Both,70 to 79,Age,None,IMASIS
n.risk,194,102,74,37,20,11,<10,<10,<10,0,0,0,0,0,0,0,0,0,0,0,0,Kaplan-Meier,Liver,Both,80 +,Age,None,IMASIS
n.event,0,59,19,22,<10,<10,<10,<10,0,<10,0,0,0,0,0,0,0,0,0,0,0,Kaplan-Meier,Liver,Both,80 +,Age,None,IMASIS
n.risk,11,<10,<10,0,0,0,0,0,0,0,0,0,0,0,0,0,0,0,0,0,0,Kaplan-Meier,Lung,Both,18 to 39,Age,None,IMASIS
n.event,0,<10,0,<10,0,0,0,0,0,0,0,0,0,0,0,0,0,0,0,0,0,Kaplan-Meier,Lung,Both,18 to 39,Age,None,IMASIS
n.risk,59,37,25,18,11,<10,<10,<10,<10,<10,<10,<10,<10,<10,<10,<10,<10,<10,<10,<10,<10,Kaplan-Meier,Lung,Both,40 to 49,Age,None,IMASIS
n.event,0,13,<10,<10,<10,<10,0,<10,0,<10,0,0,0,0,0,0,0,0,0,0,0,Kaplan-Meier,Lung,Both,40 to 49,Age,None,IMASIS
n.risk,160,132,94,60,44,35,28,25,21,14,11,<10,<10,<10,<10,<10,<10,<10,<10,0,0,Kaplan-Meier,Lung,Both,50 to 59,Age,None,IMASIS
n.event,0,19,28,27,<10,<10,<10,<10,<10,<10,<10,<10,<10,0,0,0,0,0,<10,0,0,Kaplan-Meier,Lung,Both,50 to 59,Age,None,IMASIS
n.risk,232,164,123,76,53,45,35,26,16,12,10,<10,<10,<10,<10,<10,<10,<10,<10,0,0,Kaplan-Meier,Lung,Both,60 to 69,Age,None,IMASIS
n.event,0,47,31,22,15,<10,<10,<10,<10,<10,<10,<10,0,<10,0,0,0,0,0,0,0,Kaplan-Meier,Lung,Both,60 to 69,Age,None,IMASIS
n.risk,274,171,113,75,53,42,34,29,22,16,<10,<10,<10,<10,<10,<10,0,0,0,0,0,Kaplan-Meier,Lung,Both,70 to 79,Age,None,IMASIS
n.event,0,76,47,22,11,<10,<10,<10,<10,<10,<10,0,0,<10,<10,0,0,0,0,0,0,Kaplan-Meier,Lung,Both,70 to 79,Age,None,IMASIS
n.risk,179,85,51,28,15,<10,<10,<10,<10,<10,<10,<10,<10,<10,<10,0,0,0,0,0,0,Kaplan-Meier,Lung,Both,80 +,Age,None,IMASIS
n.event,0,65,27,13,11,<10,<10,0,0,0,0,0,0,0,0,<10,0,0,0,0,0,Kaplan-Meier,Lung,Both,80 +,Age,None,IMASIS
n.risk,<10,<10,<10,<10,<10,<10,<10,<10,<10,<10,<10,<10,<10,<10,<10,0,0,0,0,0,0,Kaplan-Meier,Pancreatic,Both,18 to 39,Age,None,IMASIS
n.event,0,0,<10,0,0,0,0,0,0,0,0,0,0,0,0,0,0,0,0,0,0,Kaplan-Meier,Pancreatic,Both,18 to 39,Age,None,IMASIS
n.risk,25,17,11,<10,<10,<10,<10,<10,<10,<10,<10,<10,<10,<10,0,0,0,0,0,0,0,Kaplan-Meier,Pancreatic,Both,40 to 49,Age,None,IMASIS
n.event,0,<10,<10,0,<10,0,<10,<10,0,0,0,0,0,<10,0,0,0,0,0,0,0,Kaplan-Meier,Pancreatic,Both,40 to 49,Age,None,IMASIS
n.risk,99,59,37,22,16,14,12,11,11,<10,<10,<10,<10,<10,<10,<10,<10,0,0,0,0,Kaplan-Meier,Pancreatic,Both,50 to 59,Age,None,IMASIS
n.event,0,35,20,10,<10,<10,0,<10,0,<10,<10,0,0,0,0,0,0,0,0,0,0,Kaplan-Meier,Pancreatic,Both,50 to 59,Age,None,IMASIS
n.risk,132,62,44,26,20,13,11,<10,<10,<10,<10,<10,<10,<10,<10,<10,<10,<10,<10,0,0,Kaplan-Meier,Pancreatic,Both,60 to 69,Age,None,IMASIS
n.event,0,52,15,<10,<10,<10,0,0,<10,0,0,0,0,0,0,0,0,0,0,0,0,Kaplan-Meier,Pancreatic,Both,60 to 69,Age,None,IMASIS
n.risk,172,78,48,21,14,12,<10,<10,<10,<10,<10,<10,0,0,0,0,0,0,0,0,0,Kaplan-Meier,Pancreatic,Both,70 to 79,Age,None,IMASIS
n.event,0,65,21,12,<10,<10,<10,0,<10,<10,0,<10,0,0,0,0,0,0,0,0,0,Kaplan-Meier,Pancreatic,Both,70 to 79,Age,None,IMASIS
n.risk,228,77,40,22,15,10,<10,<10,<10,<10,0,0,0,0,0,0,0,0,0,0,0,Kaplan-Meier,Pancreatic,Both,80 +,Age,None,IMASIS
n.event,0,109,27,11,<10,<10,<10,0,0,<10,0,0,0,0,0,0,0,0,0,0,0,Kaplan-Meier,Pancreatic,Both,80 +,Age,None,IMASIS
n.risk,<10,0,0,0,0,0,0,0,0,0,0,0,0,0,0,0,0,0,0,0,0,Kaplan-Meier,Prostate,Male,18 to 39,Age,None,IMASIS
n.event,0,0,0,0,0,0,0,0,0,0,0,0,0,0,0,0,0,0,0,0,0,Kaplan-Meier,Prostate,Male,18 to 39,Age,None,IMASIS
n.risk,16,15,15,13,11,11,11,<10,<10,<10,<10,<10,<10,<10,<10,<10,<10,<10,<10,0,0,Kaplan-Meier,Prostate,Male,40 to 49,Age,None,IMASIS
n.event,0,0,0,<10,0,0,0,0,0,0,0,<10,0,0,0,0,0,0,0,0,0,Kaplan-Meier,Prostate,Male,40 to 49,Age,None,IMASIS
n.risk,257,241,228,199,183,171,157,133,117,101,84,68,54,41,29,18,13,12,<10,<10,<10,Kaplan-Meier,Prostate,Male,50 to 59,Age,None,IMASIS
n.event,0,<10,0,0,0,0,<10,<10,<10,0,<10,<10,<10,<10,<10,0,0,0,0,0,0,Kaplan-Meier,Prostate,Male,50 to 59,Age,None,IMASIS
n.risk,821,777,729,653,585,532,473,411,359,313,260,207,166,134,103,74,58,38,24,14,<10,Kaplan-Meier,Prostate,Male,60 to 69,Age,None,IMASIS
n.event,0,<10,<10,13,<10,11,13,15,<10,<10,<10,12,<10,<10,<10,<10,<10,<10,<10,0,<10,Kaplan-Meier,Prostate,Male,60 to 69,Age,None,IMASIS
n.risk,1023,919,866,757,677,595,516,458,379,316,256,200,158,123,89,55,38,18,10,<10,<10,Kaplan-Meier,Prostate,Male,70 to 79,Age,None,IMASIS
n.event,0,47,10,27,26,29,23,20,23,20,14,11,<10,13,11,13,<10,<10,<10,0,<10,Kaplan-Meier,Prostate,Male,70 to 79,Age,None,IMASIS
n.risk,498,371,310,222,174,130,92,73,48,34,18,14,<10,<10,<10,<10,<10,0,0,0,0,Kaplan-Meier,Prostate,Male,80 +,Age,None,IMASIS
n.event,0,69,23,32,15,17,11,<10,<10,<10,<10,0,<10,<10,0,0,<10,<10,0,0,0,Kaplan-Meier,Prostate,Male,80 +,Age,None,IMASIS
n.risk,10,<10,<10,<10,<10,<10,<10,<10,<10,<10,<10,<10,<10,<10,<10,<10,0,0,0,0,0,Kaplan-Meier,Stomach,Both,18 to 39,Age,None,IMASIS
n.event,0,<10,<10,<10,0,0,0,0,0,0,0,0,0,0,0,0,0,0,0,0,0,Kaplan-Meier,Stomach,Both,18 to 39,Age,None,IMASIS
n.risk,38,28,19,16,10,<10,<10,<10,<10,<10,<10,<10,<10,<10,<10,<10,<10,<10,0,0,0,Kaplan-Meier,Stomach,Both,40 to 49,Age,None,IMASIS
n.event,0,<10,<10,<10,<10,0,0,0,0,0,<10,0,0,0,0,0,0,0,0,0,0,Kaplan-Meier,Stomach,Both,40 to 49,Age,None,IMASIS
n.risk,96,74,56,40,32,24,21,21,19,18,13,12,<10,<10,<10,<10,<10,<10,<10,<10,0,Kaplan-Meier,Stomach,Both,50 to 59,Age,None,IMASIS
n.event,0,16,14,<10,<10,<10,0,0,0,0,0,0,0,0,<10,0,0,0,0,0,0,Kaplan-Meier,Stomach,Both,50 to 59,Age,None,IMASIS
n.risk,137,104,79,50,40,31,25,22,20,15,13,11,<10,<10,<10,<10,<10,<10,0,0,0,Kaplan-Meier,Stomach,Both,60 to 69,Age,None,IMASIS
n.event,0,21,18,23,<10,<10,<10,0,<10,<10,0,<10,<10,0,<10,0,0,0,0,0,0,Kaplan-Meier,Stomach,Both,60 to 69,Age,None,IMASIS
n.risk,223,151,113,84,62,48,40,31,27,16,12,11,<10,<10,<10,<10,<10,<10,0,0,0,Kaplan-Meier,Stomach,Both,70 to 79,Age,None,IMASIS
n.event,0,56,28,15,14,<10,<10,<10,<10,<10,<10,<10,0,<10,0,0,0,0,0,0,0,Kaplan-Meier,Stomach,Both,70 to 79,Age,None,IMASIS
n.risk,217,114,74,48,34,28,22,15,<10,<10,<10,<10,<10,<10,<10,0,0,0,0,0,0,Kaplan-Meier,Stomach,Both,80 +,Age,None,IMASIS
n.event,0,71,25,19,<10,<10,<10,0,0,<10,0,0,<10,0,0,0,0,0,0,0,0,Kaplan-Meier,Stomach,Both,80 +,Age,None,IMASIS
n.risk,121,105,98,86,77,64,55,51,46,36,22,17,13,12,11,10,<10,<10,<10,<10,<10,Kaplan-Meier,Breast,Both,18 to 39,None,Age,IMASIS
n.event,0,<10,<10,<10,0,<10,<10,0,<10,0,<10,0,0,0,0,0,0,0,0,0,0,Kaplan-Meier,Breast,Both,18 to 39,None,Age,IMASIS
n.risk,388,355,331,293,262,244,211,195,168,146,126,104,88,68,61,47,37,29,15,12,<10,Kaplan-Meier,Breast,Both,40 to 49,None,Age,IMASIS
n.event,0,<10,<10,<10,<10,<10,<10,<10,<10,0,0,<10,<10,<10,0,0,0,0,0,0,<10,Kaplan-Meier,Breast,Both,40 to 49,None,Age,IMASIS
n.risk,620,571,554,483,421,384,342,297,268,226,203,167,136,110,88,73,55,40,27,17,<10,Kaplan-Meier,Breast,Both,50 to 59,None,Age,IMASIS
n.event,0,<10,<10,<10,<10,<10,<10,<10,<10,<10,<10,<10,<10,0,<10,0,0,<10,<10,0,0,Kaplan-Meier,Breast,Both,50 to 59,None,Age,IMASIS
n.risk,706,648,623,554,490,447,395,350,313,265,222,186,139,114,91,72,56,37,25,17,10,Kaplan-Meier,Breast,Both,60 to 69,None,Age,IMASIS
n.event,0,<10,<10,<10,<10,<10,<10,<10,<10,<10,<10,<10,<10,<10,<10,<10,<10,<10,0,0,0,Kaplan-Meier,Breast,Both,60 to 69,None,Age,IMASIS
n.risk,430,383,357,318,277,236,205,173,147,122,102,84,67,42,34,26,17,10,<10,<10,<10,Kaplan-Meier,Breast,Both,70 to 79,None,Age,IMASIS
n.event,0,15,<10,13,10,12,<10,<10,<10,<10,<10,<10,<10,<10,<10,<10,0,0,0,0,0,Kaplan-Meier,Breast,Both,70 to 79,None,Age,IMASIS
n.risk,368,299,262,201,154,124,95,80,58,41,24,13,<10,<10,0,0,0,0,0,0,0,Kaplan-Meier,Breast,Both,80 +,None,Age,IMASIS
n.event,0,32,10,18,18,<10,<10,<10,<10,<10,<10,<10,<10,<10,<10,0,0,0,0,0,0,Kaplan-Meier,Breast,Both,80 +,None,Age,IMASIS
n.risk,44,35,31,21,17,15,14,11,10,10,<10,<10,<10,<10,<10,<10,<10,<10,<10,0,0,Kaplan-Meier,Colorectal,Both,18 to 39,None,Age,IMASIS
n.event,0,<10,0,<10,<10,<10,0,0,<10,0,0,0,0,0,0,0,0,0,0,0,0,Kaplan-Meier,Colorectal,Both,18 to 39,None,Age,IMASIS
n.risk,93,76,68,57,41,35,31,26,19,16,13,11,10,<10,<10,<10,<10,<10,<10,<10,<10,Kaplan-Meier,Colorectal,Both,40 to 49,None,Age,IMASIS
n.event,0,<10,<10,<10,<10,<10,0,<10,<10,0,<10,0,<10,0,<10,0,0,0,0,0,0,Kaplan-Meier,Colorectal,Both,40 to 49,None,Age,IMASIS
n.risk,320,291,269,221,187,154,137,114,99,79,60,49,41,34,28,18,15,11,<10,<10,<10,Kaplan-Meier,Colorectal,Both,50 to 59,None,Age,IMASIS
n.event,0,18,10,17,14,<10,<10,<10,<10,<10,<10,0,0,<10,0,<10,0,<10,0,0,0,Kaplan-Meier,Colorectal,Both,50 to 59,None,Age,IMASIS
n.risk,554,476,425,350,302,248,208,185,158,139,124,101,87,75,60,38,27,16,12,<10,<10,Kaplan-Meier,Colorectal,Both,60 to 69,None,Age,IMASIS
n.event,0,40,23,33,19,14,14,<10,<10,<10,<10,<10,<10,<10,<10,<10,0,<10,<10,0,0,Kaplan-Meier,Colorectal,Both,60 to 69,None,Age,IMASIS
n.risk,906,750,666,551,459,402,327,270,212,172,136,99,73,55,35,17,10,<10,<10,<10,<10,Kaplan-Meier,Colorectal,Both,70 to 79,None,Age,IMASIS
n.event,0,103,44,55,42,24,29,13,11,<10,<10,14,<10,<10,<10,<10,0,0,<10,0,0,Kaplan-Meier,Colorectal,Both,70 to 79,None,Age,IMASIS
n.risk,808,528,439,330,241,186,134,91,68,48,31,16,14,10,<10,<10,<10,0,0,0,0,Kaplan-Meier,Colorectal,Both,80 +,None,Age,IMASIS
n.event,0,177,46,60,37,20,18,14,<10,<10,<10,<10,<10,<10,<10,0,<10,0,0,0,0,Kaplan-Meier,Colorectal,Both,80 +,None,Age,IMASIS
n.risk,29,25,23,18,12,10,<10,<10,<10,<10,<10,<10,<10,<10,<10,<10,<10,<10,0,0,0,Kaplan-Meier,Head_and_neck,Both,18 to 39,None,Age,IMASIS
n.event,0,<10,0,0,0,0,0,0,0,0,0,0,0,0,0,0,0,0,0,0,0,Kaplan-Meier,Head_and_neck,Both,18 to 39,None,Age,IMASIS
n.risk,98,81,74,65,55,50,44,40,32,26,24,18,16,12,10,<10,<10,<10,<10,<10,0,Kaplan-Meier,Head_and_neck,Both,40 to 49,None,Age,IMASIS
n.event,0,<10,<10,<10,<10,<10,<10,<10,<10,<10,0,<10,0,<10,0,0,0,0,<10,0,<10,Kaplan-Meier,Head_and_neck,Both,40 to 49,None,Age,IMASIS
n.risk,241,208,181,146,119,105,93,81,72,63,53,45,39,29,25,20,17,14,13,<10,<10,Kaplan-Meier,Head_and_neck,Both,50 to 59,None,Age,IMASIS
n.event,0,17,13,20,11,<10,<10,<10,<10,<10,<10,<10,0,<10,<10,<10,<10,<10,0,<10,<10,Kaplan-Meier,Head_and_neck,Both,50 to 59,None,Age,IMASIS
n.risk,273,223,195,148,126,108,89,74,62,49,41,31,26,21,16,14,<10,<10,<10,<10,<10,Kaplan-Meier,Head_and_neck,Both,60 to 69,None,Age,IMASIS
n.event,0,30,17,25,<10,<10,<10,<10,<10,<10,<10,<10,<10,0,<10,<10,<10,0,0,0,<10,Kaplan-Meier,Head_and_neck,Both,60 to 69,None,Age,IMASIS
n.risk,194,148,128,98,78,67,53,44,37,24,20,10,<10,<10,<10,<10,<10,<10,<10,0,0,Kaplan-Meier,Head_and_neck,Both,70 to 79,None,Age,IMASIS
n.event,0,30,13,18,14,<10,<10,<10,<10,<10,<10,<10,<10,<10,<10,0,0,0,0,<10,0,Kaplan-Meier,Head_and_neck,Both,70 to 79,None,Age,IMASIS
n.risk,122,87,72,50,38,28,21,16,<10,<10,<10,<10,<10,<10,<10,0,0,0,0,0,0,Kaplan-Meier,Head_and_neck,Both,80 +,None,Age,IMASIS
n.event,0,20,<10,12,<10,<10,<10,<10,<10,0,0,0,<10,0,0,0,0,0,0,0,0,Kaplan-Meier,Head_and_neck,Both,80 +,None,Age,IMASIS
n.risk,<10,<10,<10,<10,<10,<10,<10,<10,<10,<10,0,0,0,0,0,0,0,0,0,0,0,Kaplan-Meier,Liver,Both,18 to 39,None,Age,IMASIS
n.event,0,0,<10,0,0,0,0,0,0,0,0,0,0,0,0,0,0,0,0,0,0,Kaplan-Meier,Liver,Both,18 to 39,None,Age,IMASIS
n.risk,42,18,13,10,<10,<10,<10,<10,<10,<10,<10,<10,<10,<10,<10,0,0,0,0,0,0,Kaplan-Meier,Liver,Both,40 to 49,None,Age,IMASIS
n.event,0,19,<10,<10,<10,<10,0,0,0,0,0,0,0,0,0,0,0,0,0,0,0,Kaplan-Meier,Liver,Both,40 to 49,None,Age,IMASIS
n.risk,125,85,62,43,28,17,12,<10,<10,<10,<10,<10,<10,<10,0,0,0,0,0,0,0,Kaplan-Meier,Liver,Both,50 to 59,None,Age,IMASIS
n.event,0,25,15,12,<10,<10,<10,<10,0,0,0,<10,0,0,<10,0,0,0,0,0,0,Kaplan-Meier,Liver,Both,50 to 59,None,Age,IMASIS
n.risk,192,128,106,69,45,33,27,22,17,11,<10,<10,<10,<10,<10,<10,<10,<10,0,0,0,Kaplan-Meier,Liver,Both,60 to 69,None,Age,IMASIS
n.event,0,43,17,29,11,<10,<10,<10,<10,<10,<10,<10,0,<10,0,0,<10,0,0,0,0,Kaplan-Meier,Liver,Both,60 to 69,None,Age,IMASIS
n.risk,285,204,161,103,72,51,42,19,12,<10,<10,<10,<10,<10,<10,0,0,0,0,0,0,Kaplan-Meier,Liver,Both,70 to 79,None,Age,IMASIS
n.event,0,62,25,36,19,13,<10,10,<10,<10,<10,<10,0,0,0,<10,0,0,0,0,0,Kaplan-Meier,Liver,Both,70 to 79,None,Age,IMASIS
n.risk,194,102,74,37,20,11,<10,<10,<10,0,0,0,0,0,0,0,0,0,0,0,0,Kaplan-Meier,Liver,Both,80 +,None,Age,IMASIS
n.event,0,59,19,22,<10,<10,<10,<10,0,<10,0,0,0,0,0,0,0,0,0,0,0,Kaplan-Meier,Liver,Both,80 +,None,Age,IMASIS
n.risk,11,<10,<10,0,0,0,0,0,0,0,0,0,0,0,0,0,0,0,0,0,0,Kaplan-Meier,Lung,Both,18 to 39,None,Age,IMASIS
n.event,0,<10,0,<10,0,0,0,0,0,0,0,0,0,0,0,0,0,0,0,0,0,Kaplan-Meier,Lung,Both,18 to 39,None,Age,IMASIS
n.risk,59,37,25,18,11,<10,<10,<10,<10,<10,<10,<10,<10,<10,<10,<10,<10,<10,<10,<10,<10,Kaplan-Meier,Lung,Both,40 to 49,None,Age,IMASIS
n.event,0,13,<10,<10,<10,<10,0,<10,0,<10,0,0,0,0,0,0,0,0,0,0,0,Kaplan-Meier,Lung,Both,40 to 49,None,Age,IMASIS
n.risk,160,132,94,60,44,35,28,25,21,14,11,<10,<10,<10,<10,<10,<10,<10,<10,0,0,Kaplan-Meier,Lung,Both,50 to 59,None,Age,IMASIS
n.event,0,19,28,27,<10,<10,<10,<10,<10,<10,<10,<10,<10,0,0,0,0,0,<10,0,0,Kaplan-Meier,Lung,Both,50 to 59,None,Age,IMASIS
n.risk,232,164,123,76,53,45,35,26,16,12,10,<10,<10,<10,<10,<10,<10,<10,<10,0,0,Kaplan-Meier,Lung,Both,60 to 69,None,Age,IMASIS
n.event,0,47,31,22,15,<10,<10,<10,<10,<10,<10,<10,0,<10,0,0,0,0,0,0,0,Kaplan-Meier,Lung,Both,60 to 69,None,Age,IMASIS
n.risk,274,171,113,75,53,42,34,29,22,16,<10,<10,<10,<10,<10,<10,0,0,0,0,0,Kaplan-Meier,Lung,Both,70 to 79,None,Age,IMASIS
n.event,0,76,47,22,11,<10,<10,<10,<10,<10,<10,0,0,<10,<10,0,0,0,0,0,0,Kaplan-Meier,Lung,Both,70 to 79,None,Age,IMASIS
n.risk,179,85,51,28,15,<10,<10,<10,<10,<10,<10,<10,<10,<10,<10,0,0,0,0,0,0,Kaplan-Meier,Lung,Both,80 +,None,Age,IMASIS
n.event,0,65,27,13,11,<10,<10,0,0,0,0,0,0,0,0,<10,0,0,0,0,0,Kaplan-Meier,Lung,Both,80 +,None,Age,IMASIS
n.risk,<10,<10,<10,<10,<10,<10,<10,<10,<10,<10,<10,<10,<10,<10,<10,0,0,0,0,0,0,Kaplan-Meier,Pancreatic,Both,18 to 39,None,Age,IMASIS
n.event,0,0,<10,0,0,0,0,0,0,0,0,0,0,0,0,0,0,0,0,0,0,Kaplan-Meier,Pancreatic,Both,18 to 39,None,Age,IMASIS
n.risk,25,17,11,<10,<10,<10,<10,<10,<10,<10,<10,<10,<10,<10,0,0,0,0,0,0,0,Kaplan-Meier,Pancreatic,Both,40 to 49,None,Age,IMASIS
n.event,0,<10,<10,0,<10,0,<10,<10,0,0,0,0,0,<10,0,0,0,0,0,0,0,Kaplan-Meier,Pancreatic,Both,40 to 49,None,Age,IMASIS
n.risk,99,59,37,22,16,14,12,11,11,<10,<10,<10,<10,<10,<10,<10,<10,0,0,0,0,Kaplan-Meier,Pancreatic,Both,50 to 59,None,Age,IMASIS
n.event,0,35,20,10,<10,<10,0,<10,0,<10,<10,0,0,0,0,0,0,0,0,0,0,Kaplan-Meier,Pancreatic,Both,50 to 59,None,Age,IMASIS
n.risk,132,62,44,26,20,13,11,<10,<10,<10,<10,<10,<10,<10,<10,<10,<10,<10,<10,0,0,Kaplan-Meier,Pancreatic,Both,60 to 69,None,Age,IMASIS
n.event,0,52,15,<10,<10,<10,0,0,<10,0,0,0,0,0,0,0,0,0,0,0,0,Kaplan-Meier,Pancreatic,Both,60 to 69,None,Age,IMASIS
n.risk,172,78,48,21,14,12,<10,<10,<10,<10,<10,<10,0,0,0,0,0,0,0,0,0,Kaplan-Meier,Pancreatic,Both,70 to 79,None,Age,IMASIS
n.event,0,65,21,12,<10,<10,<10,0,<10,<10,0,<10,0,0,0,0,0,0,0,0,0,Kaplan-Meier,Pancreatic,Both,70 to 79,None,Age,IMASIS
n.risk,228,77,40,22,15,10,<10,<10,<10,<10,0,0,0,0,0,0,0,0,0,0,0,Kaplan-Meier,Pancreatic,Both,80 +,None,Age,IMASIS
n.event,0,109,27,11,<10,<10,<10,0,0,<10,0,0,0,0,0,0,0,0,0,0,0,Kaplan-Meier,Pancreatic,Both,80 +,None,Age,IMASIS
n.risk,<10,0,0,0,0,0,0,0,0,0,0,0,0,0,0,0,0,0,0,0,0,Kaplan-Meier,Prostate,Male,18 to 39,None,Age,IMASIS
n.event,0,0,0,0,0,0,0,0,0,0,0,0,0,0,0,0,0,0,0,0,0,Kaplan-Meier,Prostate,Male,18 to 39,None,Age,IMASIS
n.risk,16,15,15,13,11,11,11,<10,<10,<10,<10,<10,<10,<10,<10,<10,<10,<10,<10,0,0,Kaplan-Meier,Prostate,Male,40 to 49,None,Age,IMASIS
n.event,0,0,0,<10,0,0,0,0,0,0,0,<10,0,0,0,0,0,0,0,0,0,Kaplan-Meier,Prostate,Male,40 to 49,None,Age,IMASIS
n.risk,257,241,228,199,183,171,157,133,117,101,84,68,54,41,29,18,13,12,<10,<10,<10,Kaplan-Meier,Prostate,Male,50 to 59,None,Age,IMASIS
n.event,0,<10,0,0,0,0,<10,<10,<10,0,<10,<10,<10,<10,<10,0,0,0,0,0,0,Kaplan-Meier,Prostate,Male,50 to 59,None,Age,IMASIS
n.risk,821,777,729,653,585,532,473,411,359,313,260,207,166,134,103,74,58,38,24,14,<10,Kaplan-Meier,Prostate,Male,60 to 69,None,Age,IMASIS
n.event,0,<10,<10,13,<10,11,13,15,<10,<10,<10,12,<10,<10,<10,<10,<10,<10,<10,0,<10,Kaplan-Meier,Prostate,Male,60 to 69,None,Age,IMASIS
n.risk,1023,919,866,757,677,595,516,458,379,316,256,200,158,123,89,55,38,18,10,<10,<10,Kaplan-Meier,Prostate,Male,70 to 79,None,Age,IMASIS
n.event,0,47,10,27,26,29,23,20,23,20,14,11,<10,13,11,13,<10,<10,<10,0,<10,Kaplan-Meier,Prostate,Male,70 to 79,None,Age,IMASIS
n.risk,498,371,310,222,174,130,92,73,48,34,18,14,<10,<10,<10,<10,<10,0,0,0,0,Kaplan-Meier,Prostate,Male,80 +,None,Age,IMASIS
n.event,0,69,23,32,15,17,11,<10,<10,<10,<10,0,<10,<10,0,0,<10,<10,0,0,0,Kaplan-Meier,Prostate,Male,80 +,None,Age,IMASIS
n.risk,10,<10,<10,<10,<10,<10,<10,<10,<10,<10,<10,<10,<10,<10,<10,<10,0,0,0,0,0,Kaplan-Meier,Stomach,Both,18 to 39,None,Age,IMASIS
n.event,0,<10,<10,<10,0,0,0,0,0,0,0,0,0,0,0,0,0,0,0,0,0,Kaplan-Meier,Stomach,Both,18 to 39,None,Age,IMASIS
n.risk,38,28,19,16,10,<10,<10,<10,<10,<10,<10,<10,<10,<10,<10,<10,<10,<10,0,0,0,Kaplan-Meier,Stomach,Both,40 to 49,None,Age,IMASIS
n.event,0,<10,<10,<10,<10,0,0,0,0,0,<10,0,0,0,0,0,0,0,0,0,0,Kaplan-Meier,Stomach,Both,40 to 49,None,Age,IMASIS
n.risk,96,74,56,40,32,24,21,21,19,18,13,12,<10,<10,<10,<10,<10,<10,<10,<10,0,Kaplan-Meier,Stomach,Both,50 to 59,None,Age,IMASIS
n.event,0,16,14,<10,<10,<10,0,0,0,0,0,0,0,0,<10,0,0,0,0,0,0,Kaplan-Meier,Stomach,Both,50 to 59,None,Age,IMASIS
n.risk,137,104,79,50,40,31,25,22,20,15,13,11,<10,<10,<10,<10,<10,<10,0,0,0,Kaplan-Meier,Stomach,Both,60 to 69,None,Age,IMASIS
n.event,0,21,18,23,<10,<10,<10,0,<10,<10,0,<10,<10,0,<10,0,0,0,0,0,0,Kaplan-Meier,Stomach,Both,60 to 69,None,Age,IMASIS
n.risk,223,151,113,84,62,48,40,31,27,16,12,11,<10,<10,<10,<10,<10,<10,0,0,0,Kaplan-Meier,Stomach,Both,70 to 79,None,Age,IMASIS
n.event,0,56,28,15,14,<10,<10,<10,<10,<10,<10,<10,0,<10,0,0,0,0,0,0,0,Kaplan-Meier,Stomach,Both,70 to 79,None,Age,IMASIS
n.risk,217,114,74,48,34,28,22,15,<10,<10,<10,<10,<10,<10,<10,0,0,0,0,0,0,Kaplan-Meier,Stomach,Both,80 +,None,Age,IMASIS
n.event,0,71,25,19,<10,<10,<10,0,0,<10,0,0,<10,0,0,0,0,0,0,0,0,Kaplan-Meier,Stomach,Both,80 +,None,Age,IMASIS
n.risk,366,297,260,201,154,124,95,80,58,41,24,13,<10,<10,0,0,0,0,0,0,0,Kaplan-Meier,Breast,Female,80 +,agesex,None,IMASIS
n.event,0,32,10,18,18,<10,<10,<10,<10,<10,<10,<10,<10,<10,0,0,0,0,0,0,0,Kaplan-Meier,Breast,Female,80 +,agesex,None,IMASIS
n.risk,<10,<10,<10,0,0,0,0,0,0,0,0,0,0,0,0,0,0,0,0,0,0,Kaplan-Meier,Breast,Male,80 +,agesex,None,IMASIS
n.event,0,0,0,0,0,0,0,0,0,0,0,0,0,0,0,0,0,0,0,0,0,Kaplan-Meier,Breast,Male,80 +,agesex,None,IMASIS
n.risk,20,16,16,13,11,<10,<10,<10,<10,<10,<10,<10,<10,<10,<10,<10,<10,<10,<10,0,0,Kaplan-Meier,Colorectal,Female,18 to 39,agesex,None,IMASIS
n.event,0,<10,0,<10,<10,<10,0,0,0,0,0,0,0,0,0,0,0,0,0,0,0,Kaplan-Meier,Colorectal,Female,18 to 39,agesex,None,IMASIS
n.risk,24,19,15,<10,<10,<10,<10,<10,<10,<10,<10,<10,<10,<10,<10,<10,<10,0,0,0,0,Kaplan-Meier,Colorectal,Male,18 to 39,agesex,None,IMASIS
n.event,0,<10,0,<10,0,0,0,0,<10,0,0,0,0,0,0,0,0,0,0,0,0,Kaplan-Meier,Colorectal,Male,18 to 39,agesex,None,IMASIS
n.risk,35,28,27,20,14,12,10,<10,<10,<10,<10,<10,<10,<10,<10,<10,<10,<10,0,0,0,Kaplan-Meier,Colorectal,Female,40 to 49,agesex,None,IMASIS
n.event,0,<10,0,<10,<10,0,0,<10,0,0,0,0,0,0,<10,0,0,0,0,0,0,Kaplan-Meier,Colorectal,Female,40 to 49,agesex,None,IMASIS
n.risk,58,48,41,37,27,23,21,19,15,12,<10,<10,<10,<10,<10,<10,<10,<10,<10,<10,<10,Kaplan-Meier,Colorectal,Male,40 to 49,agesex,None,IMASIS
n.event,0,<10,<10,<10,<10,<10,0,0,<10,0,<10,0,<10,0,0,0,0,0,0,0,0,Kaplan-Meier,Colorectal,Male,40 to 49,agesex,None,IMASIS
n.risk,112,103,98,80,68,55,51,45,39,35,27,23,21,19,15,10,<10,<10,<10,<10,<10,Kaplan-Meier,Colorectal,Female,50 to 59,agesex,None,IMASIS
n.event,0,<10,<10,<10,<10,<10,<10,<10,<10,0,0,0,0,<10,0,0,0,0,0,0,0,Kaplan-Meier,Colorectal,Female,50 to 59,agesex,None,IMASIS
n.risk,208,188,171,141,119,99,86,69,60,44,33,26,20,15,13,<10,<10,<10,<10,<10,0,Kaplan-Meier,Colorectal,Male,50 to 59,agesex,None,IMASIS
n.event,0,13,<10,10,<10,<10,<10,<10,<10,<10,<10,0,0,0,0,<10,0,<10,0,0,0,Kaplan-Meier,Colorectal,Male,50 to 59,agesex,None,IMASIS
n.risk,200,172,152,126,109,92,80,72,66,54,51,42,35,31,27,17,12,<10,<10,<10,0,Kaplan-Meier,Colorectal,Female,60 to 69,agesex,None,IMASIS
n.event,0,12,<10,12,<10,<10,<10,<10,0,<10,0,0,<10,0,0,<10,0,0,<10,0,0,Kaplan-Meier,Colorectal,Female,60 to 69,agesex,None,IMASIS
n.risk,354,304,273,224,193,156,128,113,92,85,73,59,52,44,33,21,15,10,<10,<10,<10,Kaplan-Meier,Colorectal,Male,60 to 69,agesex,None,IMASIS
n.event,0,28,17,21,13,11,11,<10,<10,<10,<10,<10,<10,<10,<10,0,0,<10,0,0,0,Kaplan-Meier,Colorectal,Male,60 to 69,agesex,None,IMASIS
n.risk,383,319,286,247,213,189,151,129,99,83,64,48,34,27,16,<10,<10,<10,<10,<10,<10,Kaplan-Meier,Colorectal,Female,70 to 79,agesex,None,IMASIS
n.event,0,41,20,15,16,<10,12,<10,<10,<10,<10,<10,<10,<10,<10,<10,0,0,0,0,0,Kaplan-Meier,Colorectal,Female,70 to 79,agesex,None,IMASIS
n.risk,523,431,380,304,246,213,176,141,113,89,72,51,39,28,19,<10,<10,<10,<10,<10,0,Kaplan-Meier,Colorectal,Male,70 to 79,agesex,None,IMASIS
n.event,0,62,24,40,26,18,17,<10,<10,<10,<10,11,<10,<10,<10,<10,0,0,<10,0,0,Kaplan-Meier,Colorectal,Male,70 to 79,agesex,None,IMASIS
n.risk,436,270,220,168,114,96,71,51,37,27,20,10,<10,<10,<10,<10,<10,0,0,0,0,Kaplan-Meier,Colorectal,Female,80 +,agesex,None,IMASIS
n.event,0,100,22,27,22,<10,<10,<10,<10,<10,<10,<10,0,0,<10,0,<10,0,0,0,0,Kaplan-Meier,Colorectal,Female,80 +,agesex,None,IMASIS
n.risk,372,258,219,162,127,90,63,40,31,21,11,<10,<10,<10,<10,0,0,0,0,0,0,Kaplan-Meier,Colorectal,Male,80 +,agesex,None,IMASIS
n.event,0,77,24,33,15,14,<10,10,<10,<10,<10,0,<10,<10,0,0,0,0,0,0,0,Kaplan-Meier,Colorectal,Male,80 +,agesex,None,IMASIS
n.risk,24,23,21,18,15,13,10,<10,<10,<10,<10,<10,<10,<10,<10,<10,<10,<10,<10,<10,0,Kaplan-Meier,Head_and_neck,Female,40 to 49,agesex,None,IMASIS
n.event,0,0,0,<10,0,<10,<10,0,<10,0,0,0,0,0,0,0,0,0,0,0,<10,Kaplan-Meier,Head_and_neck,Female,40 to 49,agesex,None,IMASIS
n.risk,74,58,53,47,40,37,34,31,25,21,20,14,12,<10,<10,<10,<10,<10,<10,0,0,Kaplan-Meier,Head_and_neck,Male,40 to 49,agesex,None,IMASIS
n.event,0,<10,<10,<10,<10,<10,0,<10,<10,<10,0,<10,0,<10,0,0,0,0,<10,0,0,Kaplan-Meier,Head_and_neck,Male,40 to 49,agesex,None,IMASIS
n.risk,41,37,35,28,24,20,18,16,15,11,<10,<10,<10,<10,<10,<10,<10,<10,<10,<10,0,Kaplan-Meier,Head_and_neck,Female,50 to 59,agesex,None,IMASIS
n.event,0,<10,<10,<10,<10,<10,0,<10,0,0,0,0,0,0,0,<10,0,0,0,<10,0,Kaplan-Meier,Head_and_neck,Female,50 to 59,agesex,None,IMASIS
n.risk,200,171,146,118,95,85,75,65,57,52,44,38,32,23,21,17,14,11,10,<10,<10,Kaplan-Meier,Head_and_neck,Male,50 to 59,agesex,None,IMASIS
n.event,0,13,11,16,10,<10,<10,<10,<10,<10,<10,<10,0,<10,<10,<10,<10,<10,0,0,<10,Kaplan-Meier,Head_and_neck,Male,50 to 59,agesex,None,IMASIS
n.risk,37,33,26,21,18,17,12,<10,<10,<10,<10,<10,<10,<10,<10,<10,<10,<10,<10,<10,0,Kaplan-Meier,Head_and_neck,Female,60 to 69,agesex,None,IMASIS
n.event,0,<10,<10,<10,<10,0,0,0,0,0,0,0,0,0,0,0,0,0,0,0,0,Kaplan-Meier,Head_and_neck,Female,60 to 69,agesex,None,IMASIS
n.risk,236,190,169,127,108,91,77,65,55,43,36,28,24,20,15,13,<10,<10,<10,<10,<10,Kaplan-Meier,Head_and_neck,Male,60 to 69,agesex,None,IMASIS
n.event,0,27,14,22,<10,<10,<10,<10,<10,<10,<10,<10,<10,0,<10,<10,<10,0,0,0,<10,Kaplan-Meier,Head_and_neck,Male,60 to 69,agesex,None,IMASIS
n.risk,41,32,27,24,20,19,15,13,11,<10,<10,<10,<10,<10,0,0,0,0,0,0,0,Kaplan-Meier,Head_and_neck,Female,70 to 79,agesex,None,IMASIS
n.event,0,<10,<10,<10,<10,0,<10,<10,<10,<10,0,0,0,<10,<10,0,0,0,0,0,0,Kaplan-Meier,Head_and_neck,Female,70 to 79,agesex,None,IMASIS
n.risk,153,116,101,74,58,48,38,31,26,19,15,<10,<10,<10,<10,<10,<10,<10,<10,0,0,Kaplan-Meier,Head_and_neck,Male,70 to 79,agesex,None,IMASIS
n.event,0,25,10,16,12,<10,<10,<10,<10,<10,<10,<10,<10,0,0,0,0,0,0,<10,0,Kaplan-Meier,Head_and_neck,Male,70 to 79,agesex,None,IMASIS
n.risk,50,36,31,21,16,12,11,<10,<10,<10,<10,<10,0,0,0,0,0,0,0,0,0,Kaplan-Meier,Head_and_neck,Female,80 +,agesex,None,IMASIS
n.event,0,<10,<10,<10,<10,<10,0,<10,0,0,0,0,<10,0,0,0,0,0,0,0,0,Kaplan-Meier,Head_and_neck,Female,80 +,agesex,None,IMASIS
n.risk,72,51,41,29,22,16,10,<10,<10,<10,<10,<10,<10,<10,<10,0,0,0,0,0,0,Kaplan-Meier,Head_and_neck,Male,80 +,agesex,None,IMASIS
n.event,0,11,<10,<10,<10,<10,<10,<10,<10,0,0,0,0,0,0,0,0,0,0,0,0,Kaplan-Meier,Head_and_neck,Male,80 +,agesex,None,IMASIS
n.risk,<10,<10,<10,<10,<10,0,0,0,0,0,0,0,0,0,0,0,0,0,0,0,0,Kaplan-Meier,Liver,Female,40 to 49,agesex,None,IMASIS
n.event,0,<10,<10,<10,<10,0,0,0,0,0,0,0,0,0,0,0,0,0,0,0,0,Kaplan-Meier,Liver,Female,40 to 49,agesex,None,IMASIS
n.risk,36,13,10,<10,<10,<10,<10,<10,<10,<10,<10,<10,<10,<10,<10,0,0,0,0,0,0,Kaplan-Meier,Liver,Male,40 to 49,agesex,None,IMASIS
n.event,0,18,<10,<10,<10,<10,0,0,0,0,0,0,0,0,0,0,0,0,0,0,0,Kaplan-Meier,Liver,Male,40 to 49,agesex,None,IMASIS
n.risk,12,<10,<10,<10,<10,<10,<10,<10,<10,<10,<10,<10,<10,<10,0,0,0,0,0,0,0,Kaplan-Meier,Liver,Female,50 to 59,agesex,None,IMASIS
n.event,0,<10,<10,<10,0,0,0,0,0,0,0,0,0,0,0,0,0,0,0,0,0,Kaplan-Meier,Liver,Female,50 to 59,agesex,None,IMASIS
n.risk,113,77,57,40,26,15,11,<10,<10,<10,<10,<10,<10,<10,0,0,0,0,0,0,0,Kaplan-Meier,Liver,Male,50 to 59,agesex,None,IMASIS
n.event,0,23,14,11,<10,<10,<10,<10,0,0,0,<10,0,0,<10,0,0,0,0,0,0,Kaplan-Meier,Liver,Male,50 to 59,agesex,None,IMASIS
n.risk,37,30,25,15,<10,<10,<10,<10,<10,<10,<10,<10,<10,<10,<10,<10,0,0,0,0,0,Kaplan-Meier,Liver,Female,60 to 69,agesex,None,IMASIS
n.event,0,<10,<10,<10,<10,<10,0,0,0,0,0,0,0,<10,0,0,0,0,0,0,0,Kaplan-Meier,Liver,Female,60 to 69,agesex,None,IMASIS
n.risk,155,98,81,54,37,30,24,19,14,<10,<10,<10,<10,<10,<10,<10,<10,<10,0,0,0,Kaplan-Meier,Liver,Male,60 to 69,agesex,None,IMASIS
n.event,0,39,13,21,<10,<10,<10,<10,<10,<10,<10,<10,0,0,0,0,<10,0,0,0,0,Kaplan-Meier,Liver,Male,60 to 69,agesex,None,IMASIS
n.risk,126,96,75,44,35,27,23,11,<10,<10,<10,<10,<10,<10,<10,0,0,0,0,0,0,Kaplan-Meier,Liver,Female,70 to 79,agesex,None,IMASIS
n.event,0,22,16,20,<10,<10,<10,<10,<10,<10,<10,0,0,0,0,<10,0,0,0,0,0,Kaplan-Meier,Liver,Female,70 to 79,agesex,None,IMASIS
n.risk,159,108,86,59,37,24,19,<10,<10,<10,<10,<10,<10,0,0,0,0,0,0,0,0,Kaplan-Meier,Liver,Male,70 to 79,agesex,None,IMASIS
n.event,0,40,<10,16,12,<10,<10,<10,<10,<10,<10,<10,0,0,0,0,0,0,0,0,0,Kaplan-Meier,Liver,Male,70 to 79,agesex,None,IMASIS
n.risk,106,49,36,20,11,<10,<10,<10,<10,0,0,0,0,0,0,0,0,0,0,0,0,Kaplan-Meier,Liver,Female,80 +,agesex,None,IMASIS
n.event,0,35,<10,<10,<10,<10,<10,0,0,0,0,0,0,0,0,0,0,0,0,0,0,Kaplan-Meier,Liver,Female,80 +,agesex,None,IMASIS
n.risk,88,53,38,17,<10,<10,<10,<10,<10,0,0,0,0,0,0,0,0,0,0,0,0,Kaplan-Meier,Liver,Male,80 +,agesex,None,IMASIS
n.event,0,24,11,13,<10,<10,<10,<10,0,<10,0,0,0,0,0,0,0,0,0,0,0,Kaplan-Meier,Liver,Male,80 +,agesex,None,IMASIS
n.risk,<10,<10,<10,0,0,0,0,0,0,0,0,0,0,0,0,0,0,0,0,0,0,Kaplan-Meier,Lung,Male,18 to 39,agesex,None,IMASIS
n.event,0,<10,0,<10,0,0,0,0,0,0,0,0,0,0,0,0,0,0,0,0,0,Kaplan-Meier,Lung,Male,18 to 39,agesex,None,IMASIS
n.risk,19,13,<10,<10,<10,<10,<10,<10,<10,<10,<10,<10,<10,<10,<10,0,0,0,0,0,0,Kaplan-Meier,Lung,Female,40 to 49,agesex,None,IMASIS
n.event,0,<10,<10,<10,0,0,0,0,0,0,0,0,0,0,0,0,0,0,0,0,0,Kaplan-Meier,Lung,Female,40 to 49,agesex,None,IMASIS
n.risk,40,24,16,13,<10,<10,<10,<10,<10,<10,<10,<10,<10,<10,<10,<10,<10,<10,<10,<10,<10,Kaplan-Meier,Lung,Male,40 to 49,agesex,None,IMASIS
n.event,0,11,<10,<10,<10,<10,0,<10,0,<10,0,0,0,0,0,0,0,0,0,0,0,Kaplan-Meier,Lung,Male,40 to 49,agesex,None,IMASIS
n.risk,36,34,24,18,13,13,11,<10,<10,<10,<10,<10,<10,<10,<10,<10,<10,<10,<10,0,0,Kaplan-Meier,Lung,Female,50 to 59,agesex,None,IMASIS
n.event,0,<10,<10,<10,<10,0,<10,0,0,<10,0,<10,0,0,0,0,0,0,0,0,0,Kaplan-Meier,Lung,Female,50 to 59,agesex,None,IMASIS
n.risk,124,98,70,42,31,22,17,16,12,<10,<10,<10,<10,<10,<10,<10,<10,<10,0,0,0,Kaplan-Meier,Lung,Male,50 to 59,agesex,None,IMASIS
n.event,0,17,23,24,<10,<10,<10,<10,<10,0,<10,<10,<10,0,0,0,0,0,<10,0,0,Kaplan-Meier,Lung,Male,50 to 59,agesex,None,IMASIS
n.risk,46,39,33,24,16,13,11,<10,<10,<10,<10,<10,<10,0,0,0,0,0,0,0,0,Kaplan-Meier,Lung,Female,60 to 69,agesex,None,IMASIS
n.event,0,<10,<10,<10,<10,0,<10,0,0,0,0,<10,0,0,0,0,0,0,0,0,0,Kaplan-Meier,Lung,Female,60 to 69,agesex,None,IMASIS
n.risk,186,125,90,52,37,32,24,19,12,<10,<10,<10,<10,<10,<10,<10,<10,<10,<10,0,0,Kaplan-Meier,Lung,Male,60 to 69,agesex,None,IMASIS
n.event,0,44,29,17,12,<10,<10,<10,<10,<10,<10,0,0,<10,0,0,0,0,0,0,0,Kaplan-Meier,Lung,Male,60 to 69,agesex,None,IMASIS
n.risk,48,35,30,18,14,11,10,<10,<10,<10,<10,<10,<10,<10,0,0,0,0,0,0,0,Kaplan-Meier,Lung,Female,70 to 79,agesex,None,IMASIS
n.event,0,<10,<10,<10,<10,<10,0,0,0,<10,<10,0,0,<10,<10,0,0,0,0,0,0,Kaplan-Meier,Lung,Female,70 to 79,agesex,None,IMASIS
n.risk,226,136,83,57,39,31,24,20,13,<10,<10,<10,<10,<10,<10,<10,0,0,0,0,0,Kaplan-Meier,Lung,Male,70 to 79,agesex,None,IMASIS
n.event,0,69,43,15,10,<10,<10,<10,<10,<10,<10,0,0,0,0,0,0,0,0,0,0,Kaplan-Meier,Lung,Male,70 to 79,agesex,None,IMASIS
n.risk,37,18,10,<10,<10,<10,<10,<10,<10,<10,<10,<10,<10,<10,<10,0,0,0,0,0,0,Kaplan-Meier,Lung,Female,80 +,agesex,None,IMASIS
n.event,0,11,<10,0,<10,0,0,0,0,0,0,0,0,0,0,<10,0,0,0,0,0,Kaplan-Meier,Lung,Female,80 +,agesex,None,IMASIS
n.risk,142,67,41,21,10,<10,<10,<10,<10,<10,<10,0,0,0,0,0,0,0,0,0,0,Kaplan-Meier,Lung,Male,80 +,agesex,None,IMASIS
n.event,0,54,22,13,<10,<10,<10,0,0,0,0,0,0,0,0,0,0,0,0,0,0,Kaplan-Meier,Lung,Male,80 +,agesex,None,IMASIS
n.risk,<10,<10,<10,<10,<10,<10,<10,<10,<10,<10,<10,<10,<10,0,0,0,0,0,0,0,0,Kaplan-Meier,Pancreatic,Female,40 to 49,agesex,None,IMASIS
n.event,0,<10,<10,0,0,0,<10,0,0,0,0,0,0,<10,0,0,0,0,0,0,0,Kaplan-Meier,Pancreatic,Female,40 to 49,agesex,None,IMASIS
n.risk,16,11,<10,<10,<10,<10,<10,<10,<10,<10,<10,<10,<10,<10,0,0,0,0,0,0,0,Kaplan-Meier,Pancreatic,Male,40 to 49,agesex,None,IMASIS
n.event,0,<10,<10,0,<10,0,0,<10,0,0,0,0,0,0,0,0,0,0,0,0,0,Kaplan-Meier,Pancreatic,Male,40 to 49,agesex,None,IMASIS
n.risk,29,15,11,<10,<10,<10,<10,<10,<10,<10,<10,<10,<10,<10,<10,<10,<10,0,0,0,0,Kaplan-Meier,Pancreatic,Female,50 to 59,agesex,None,IMASIS
n.event,0,12,<10,<10,<10,0,0,0,0,0,0,0,0,0,0,0,0,0,0,0,0,Kaplan-Meier,Pancreatic,Female,50 to 59,agesex,None,IMASIS
n.risk,70,44,26,16,12,10,<10,<10,<10,<10,<10,<10,<10,<10,<10,<10,<10,0,0,0,0,Kaplan-Meier,Pancreatic,Male,50 to 59,agesex,None,IMASIS
n.event,0,23,17,<10,<10,<10,0,<10,0,<10,<10,0,0,0,0,0,0,0,0,0,0,Kaplan-Meier,Pancreatic,Male,50 to 59,agesex,None,IMASIS
n.risk,48,28,23,16,11,<10,<10,<10,<10,<10,<10,<10,<10,<10,<10,<10,<10,<10,<10,0,0,Kaplan-Meier,Pancreatic,Female,60 to 69,agesex,None,IMASIS
n.event,0,15,<10,<10,<10,<10,0,0,0,0,0,0,0,0,0,0,0,0,0,0,0,Kaplan-Meier,Pancreatic,Female,60 to 69,agesex,None,IMASIS
n.risk,84,34,21,10,<10,<10,<10,<10,0,0,0,0,0,0,0,0,0,0,0,0,0,Kaplan-Meier,Pancreatic,Male,60 to 69,agesex,None,IMASIS
n.event,0,37,12,<10,<10,<10,0,0,<10,0,0,0,0,0,0,0,0,0,0,0,0,Kaplan-Meier,Pancreatic,Male,60 to 69,agesex,None,IMASIS
n.risk,85,43,30,13,11,<10,<10,<10,<10,<10,<10,<10,0,0,0,0,0,0,0,0,0,Kaplan-Meier,Pancreatic,Female,70 to 79,agesex,None,IMASIS
n.event,0,27,<10,<10,0,<10,<10,0,<10,<10,0,<10,0,0,0,0,0,0,0,0,0,Kaplan-Meier,Pancreatic,Female,70 to 79,agesex,None,IMASIS
n.risk,87,35,18,<10,<10,<10,<10,<10,0,0,0,0,0,0,0,0,0,0,0,0,0,Kaplan-Meier,Pancreatic,Male,70 to 79,agesex,None,IMASIS
n.event,0,38,14,<10,<10,0,0,0,0,0,0,0,0,0,0,0,0,0,0,0,0,Kaplan-Meier,Pancreatic,Male,70 to 79,agesex,None,IMASIS
n.risk,164,53,31,18,12,<10,<10,<10,<10,<10,0,0,0,0,0,0,0,0,0,0,0,Kaplan-Meier,Pancreatic,Female,80 +,agesex,None,IMASIS
n.event,0,81,16,<10,<10,<10,0,0,0,<10,0,0,0,0,0,0,0,0,0,0,0,Kaplan-Meier,Pancreatic,Female,80 +,agesex,None,IMASIS
n.risk,64,24,<10,<10,<10,<10,<10,<10,<10,0,0,0,0,0,0,0,0,0,0,0,0,Kaplan-Meier,Pancreatic,Male,80 +,agesex,None,IMASIS
n.event,0,28,11,<10,<10,0,<10,0,0,<10,0,0,0,0,0,0,0,0,0,0,0,Kaplan-Meier,Pancreatic,Male,80 +,agesex,None,IMASIS
n.risk,<10,<10,<10,<10,<10,<10,<10,<10,<10,<10,<10,<10,<10,<10,<10,<10,0,0,0,0,0,Kaplan-Meier,Stomach,Male,18 to 39,agesex,None,IMASIS
n.event,0,<10,<10,<10,0,0,0,0,0,0,0,0,0,0,0,0,0,0,0,0,0,Kaplan-Meier,Stomach,Male,18 to 39,agesex,None,IMASIS
n.risk,11,<10,<10,<10,<10,<10,<10,<10,<10,<10,<10,<10,<10,<10,<10,<10,<10,<10,0,0,0,Kaplan-Meier,Stomach,Female,40 to 49,agesex,None,IMASIS
n.event,0,<10,<10,0,0,0,0,0,0,0,0,0,0,0,0,0,0,0,0,0,0,Kaplan-Meier,Stomach,Female,40 to 49,agesex,None,IMASIS
n.risk,27,20,13,10,<10,<10,<10,<10,<10,<10,<10,<10,0,0,0,0,0,0,0,0,0,Kaplan-Meier,Stomach,Male,40 to 49,agesex,None,IMASIS
n.event,0,<10,<10,<10,<10,0,0,0,0,0,<10,0,0,0,0,0,0,0,0,0,0,Kaplan-Meier,Stomach,Male,40 to 49,agesex,None,IMASIS
n.risk,33,29,23,15,14,10,<10,<10,<10,<10,<10,<10,<10,<10,<10,<10,<10,<10,0,0,0,Kaplan-Meier,Stomach,Female,50 to 59,agesex,None,IMASIS
n.event,0,<10,<10,<10,<10,<10,0,0,0,0,0,0,0,0,0,0,0,0,0,0,0,Kaplan-Meier,Stomach,Female,50 to 59,agesex,None,IMASIS
n.risk,63,45,33,25,18,14,12,12,11,10,<10,<10,<10,<10,<10,<10,<10,<10,<10,<10,0,Kaplan-Meier,Stomach,Male,50 to 59,agesex,None,IMASIS
n.event,0,12,10,<10,<10,<10,0,0,0,0,0,0,0,0,<10,0,0,0,0,0,0,Kaplan-Meier,Stomach,Male,50 to 59,agesex,None,IMASIS
n.risk,50,35,31,24,18,16,12,12,10,<10,<10,<10,<10,<10,<10,<10,<10,0,0,0,0,Kaplan-Meier,Stomach,Female,60 to 69,agesex,None,IMASIS
n.event,0,<10,<10,<10,<10,<10,<10,0,<10,0,0,<10,<10,0,<10,0,0,0,0,0,0,Kaplan-Meier,Stomach,Female,60 to 69,agesex,None,IMASIS
n.risk,87,69,48,26,22,15,13,10,10,<10,<10,<10,<10,<10,<10,<10,<10,<10,0,0,0,Kaplan-Meier,Stomach,Male,60 to 69,agesex,None,IMASIS
n.event,0,12,16,18,<10,<10,0,0,0,<10,0,0,<10,0,0,0,0,0,0,0,0,Kaplan-Meier,Stomach,Male,60 to 69,agesex,None,IMASIS
n.risk,95,68,57,43,32,22,18,16,14,<10,<10,<10,<10,<10,<10,<10,<10,<10,0,0,0,Kaplan-Meier,Stomach,Female,70 to 79,agesex,None,IMASIS
n.event,0,19,<10,<10,<10,<10,<10,<10,0,0,<10,0,0,0,0,0,0,0,0,0,0,Kaplan-Meier,Stomach,Female,70 to 79,agesex,None,IMASIS
n.risk,128,83,56,41,30,26,22,15,13,<10,<10,<10,<10,<10,<10,0,0,0,0,0,0,Kaplan-Meier,Stomach,Male,70 to 79,agesex,None,IMASIS
n.event,0,37,21,10,<10,<10,<10,0,<10,<10,0,<10,0,<10,0,0,0,0,0,0,0,Kaplan-Meier,Stomach,Male,70 to 79,agesex,None,IMASIS
n.risk,106,49,34,22,17,13,12,<10,<10,<10,<10,<10,<10,<10,<10,0,0,0,0,0,0,Kaplan-Meier,Stomach,Female,80 +,agesex,None,IMASIS
n.event,0,43,11,<10,<10,<10,<10,0,0,0,0,0,0,0,0,0,0,0,0,0,0,Kaplan-Meier,Stomach,Female,80 +,agesex,None,IMASIS
n.risk,111,65,40,26,17,15,10,<10,<10,<10,<10,<10,0,0,0,0,0,0,0,0,0,Kaplan-Meier,Stomach,Male,80 +,agesex,None,IMASIS
n.event,0,28,14,12,<10,<10,<10,0,0,<10,0,0,<10,0,0,0,0,0,0,0,0,Kaplan-Meier,Stomach,Male,80 +,agesex,None,IMASIS
