Cancer,cohort_definition_id,number_records,number_subjects,reason_id,reason,excluded_records,excluded_subjects,Database
Stomach,8,2306,2306,1,Qualifying initial records,0,0,ULSM
Lung,5,1556,1556,1,Qualifying initial records,0,0,ULSM
Colorectal,2,3710,3710,1,Qualifying initial records,0,0,ULSM
Prostate,7,2746,2746,1,Qualifying initial records,0,0,ULSM
Liver,4,407,407,1,Qualifying initial records,0,0,ULSM
Pancreatic,6,714,714,1,Qualifying initial records,0,0,ULSM
Head_and_neck,3,1389,1389,1,Qualifying initial records,0,0,ULSM
Breast,1,3986,3986,1,Qualifying initial records,0,0,ULSM
Breast,1,3176,3176,2,Excluded patients with less than 365 prior history,810,810,ULSM
Colorectal,2,2647,2647,2,Excluded patients with less than 365 prior history,1063,1063,ULSM
Head_and_neck,3,1012,1012,2,Excluded patients with less than 365 prior history,377,377,ULSM
Liver,4,352,352,2,Excluded patients with less than 365 prior history,55,55,ULSM
Lung,5,1260,1260,2,Excluded patients with less than 365 prior history,296,296,ULSM
Pancreatic,6,574,574,2,Excluded patients with less than 365 prior history,140,140,ULSM
Prostate,7,2245,2245,2,Excluded patients with less than 365 prior history,501,501,ULSM
Stomach,8,1683,1683,2,Excluded patients with less than 365 prior history,623,623,ULSM
Breast,1,1927,1927,3,Exclude patients with any prior history of maglinancy (ex skin cancer),1249,1249,ULSM
Colorectal,2,1891,1891,3,Exclude patients with any prior history of maglinancy (ex skin cancer),756,756,ULSM
Head_and_neck,3,715,715,3,Exclude patients with any prior history of maglinancy (ex skin cancer),297,297,ULSM
Liver,4,218,218,3,Exclude patients with any prior history of maglinancy (ex skin cancer),134,134,ULSM
Lung,5,632,632,3,Exclude patients with any prior history of maglinancy (ex skin cancer),628,628,ULSM
Pancreatic,6,359,359,3,Exclude patients with any prior history of maglinancy (ex skin cancer),215,215,ULSM
Prostate,7,1379,1379,3,Exclude patients with any prior history of maglinancy (ex skin cancer),866,866,ULSM
Stomach,8,1186,1186,3,Exclude patients with any prior history of maglinancy (ex skin cancer),497,497,ULSM
Stomach,8,1079,1079,4,Exclude patients with death date same as cancer diagnosis date,107,107,ULSM
Lung,5,504,504,4,Exclude patients with death date same as cancer diagnosis date,128,128,ULSM
Colorectal,2,1770,1770,4,Exclude patients with death date same as cancer diagnosis date,121,121,ULSM
Prostate,7,1277,1277,4,Exclude patients with death date same as cancer diagnosis date,102,102,ULSM
Liver,4,183,183,4,Exclude patients with death date same as cancer diagnosis date,35,35,ULSM
Pancreatic,6,284,284,4,Exclude patients with death date same as cancer diagnosis date,75,75,ULSM
Head_and_neck,3,683,683,4,Exclude patients with death date same as cancer diagnosis date,32,32,ULSM
Breast,1,1893,1893,4,Exclude patients with death date same as cancer diagnosis date,34,34,ULSM
Stomach,8,1079,1079,5,Exclude patients with multiple cancers on different sites diagnosed on same day,0,0,ULSM
Lung,5,504,504,5,Exclude patients with multiple cancers on different sites diagnosed on same day,0,0,ULSM
Colorectal,2,1770,1770,5,Exclude patients with multiple cancers on different sites diagnosed on same day,0,0,ULSM
Prostate,7,1277,1277,5,Exclude patients with multiple cancers on different sites diagnosed on same day,0,0,ULSM
Liver,4,183,183,5,Exclude patients with multiple cancers on different sites diagnosed on same day,0,0,ULSM
Pancreatic,6,284,284,5,Exclude patients with multiple cancers on different sites diagnosed on same day,0,0,ULSM
Head_and_neck,3,683,683,5,Exclude patients with multiple cancers on different sites diagnosed on same day,0,0,ULSM
Breast,1,1893,1893,5,Exclude patients with multiple cancers on different sites diagnosed on same day,0,0,ULSM
Stomach,8,1079,1079,6,Removing cancer cohorts from analysis with less than 200 patients,0,0,ULSM
Lung,5,504,504,6,Removing cancer cohorts from analysis with less than 200 patients,0,0,ULSM
Colorectal,2,1770,1770,6,Removing cancer cohorts from analysis with less than 200 patients,0,0,ULSM
Prostate,7,1277,1277,6,Removing cancer cohorts from analysis with less than 200 patients,0,0,ULSM
Liver,4,0,0,6,Removing cancer cohorts from analysis with less than 200 patients,183,183,ULSM
Pancreatic,6,284,284,6,Removing cancer cohorts from analysis with less than 200 patients,0,0,ULSM
Head_and_neck,3,683,683,6,Removing cancer cohorts from analysis with less than 200 patients,0,0,ULSM
Breast,1,1893,1893,6,Removing cancer cohorts from analysis with less than 200 patients,0,0,ULSM
