cdm_name,cdm_source_name,cdm_description,cdm_documentation_reference,cdm_version,cdm_holder,cdm_release_date,vocabulary_version,person_count,observation_period_count,earliest_observation_period_start_date,latest_observation_period_end_date,snapshot_date,Database,StudyPeriodStartDate
ULSM,ULSM,ULSM,ulsm.ehden.mtg.pt,5.4,ulsm,2023-11-01,v5.0 31-AUG-23,7534,7534,1001-10-01,3023-03-13,2024-01-14,ULSM,2000-01-01
ULSM,ULSM,ULSM,ulsm.ehden.mtg.pt,5.4,ulsm,2023-11-01,v5.0 31-AUG-23,7534,7534,1001-10-01,3023-03-13,2024-01-14,ULSM,2000-01-01
ULSM,ULSM,ULSM,ulsm.ehden.mtg.pt,5.4,ulsm,2023-11-01,v5.0 31-AUG-23,7534,7534,1001-10-01,3023-03-13,2024-01-14,ULSM,2000-01-01
ULSM,ULSM,ULSM,ulsm.ehden.mtg.pt,5.4,ulsm,2023-11-01,v5.0 31-AUG-23,7534,7534,1001-10-01,3023-03-13,2024-01-14,ULSM,2000-01-01
