details,0,0.5,1,2,3,4,5,6,7,8,9,10,11,12,13,14,15,16,17,Method,Cancer,Sex,Age,Stratification,Adjustment,Database
n.risk,1893,1718,1586,1386,1227,1068,924,767,666,555,457,375,298,224,166,107,63,28,<10,Kaplan-Meier,Breast,Both,All,None,None,ULSM
n.event,0,35,15,36,15,19,17,15,<10,<10,<10,<10,<10,<10,<10,<10,<10,0,0,Kaplan-Meier,Breast,Both,All,None,None,ULSM
n.risk,1770,1491,1337,1092,934,816,680,571,488,396,323,245,195,124,82,50,33,13,<10,Kaplan-Meier,Colorectal,Both,All,None,None,ULSM
n.event,0,107,49,87,39,22,15,20,<10,<10,<10,<10,<10,<10,<10,<10,0,<10,0,Kaplan-Meier,Colorectal,Both,All,None,None,ULSM
n.risk,683,558,479,401,340,298,257,221,180,138,121,97,70,56,45,30,18,<10,0,Kaplan-Meier,Head_and_neck,Both,All,None,None,ULSM
n.event,0,46,26,20,14,<10,<10,<10,<10,<10,<10,<10,<10,<10,0,0,0,0,0,Kaplan-Meier,Head_and_neck,Both,All,None,None,ULSM
n.risk,504,217,128,52,29,18,11,<10,<10,<10,<10,<10,<10,<10,<10,<10,0,0,0,Kaplan-Meier,Lung,Both,All,None,None,ULSM
n.event,0,167,52,36,<10,<10,0,<10,0,0,0,0,<10,0,0,0,0,0,0,Kaplan-Meier,Lung,Both,All,None,None,ULSM
n.risk,284,148,114,81,64,53,44,36,28,22,20,13,12,<10,<10,<10,<10,0,0,Kaplan-Meier,Pancreatic,Both,All,None,None,ULSM
n.event,0,58,14,12,<10,<10,<10,<10,<10,0,0,0,0,<10,0,0,0,0,0,Kaplan-Meier,Pancreatic,Both,All,None,None,ULSM
n.risk,1277,1103,996,848,720,611,525,443,298,237,188,144,104,66,49,31,19,<10,<10,Kaplan-Meier,Prostate,Male,All,None,None,ULSM
n.event,0,57,32,33,27,12,<10,<10,<10,<10,<10,<10,<10,<10,<10,<10,<10,<10,0,Kaplan-Meier,Prostate,Male,All,None,None,ULSM
n.risk,1079,776,641,489,419,360,298,262,226,186,153,125,103,79,62,43,25,17,<10,Kaplan-Meier,Stomach,Both,All,None,None,ULSM
n.event,0,131,63,49,22,<10,<10,<10,<10,0,<10,<10,0,<10,0,<10,<10,0,0,Kaplan-Meier,Stomach,Both,All,None,None,ULSM
n.risk,1664,1516,1409,1233,1092,946,823,687,596,495,406,335,267,197,145,94,56,25,<10,Kaplan-Meier,Breast,Female,All,Sex,None,ULSM
n.event,0,27,14,31,14,18,15,14,<10,<10,<10,<10,<10,<10,<10,<10,<10,0,0,Kaplan-Meier,Breast,Female,All,Sex,None,ULSM
n.risk,229,202,177,153,135,122,101,80,70,60,51,40,31,27,21,13,<10,<10,0,Kaplan-Meier,Breast,Male,All,Sex,None,ULSM
n.event,0,<10,<10,<10,<10,<10,<10,<10,0,0,<10,<10,0,<10,0,0,0,0,0,Kaplan-Meier,Breast,Male,All,Sex,None,ULSM
n.risk,886,764,689,577,503,438,356,304,260,211,173,136,113,70,50,30,21,<10,0,Kaplan-Meier,Colorectal,Female,All,Sex,None,ULSM
n.event,0,41,17,40,18,<10,<10,<10,<10,<10,<10,<10,<10,<10,<10,0,0,0,0,Kaplan-Meier,Colorectal,Female,All,Sex,None,ULSM
n.risk,884,727,648,515,431,378,324,267,228,185,150,109,82,54,32,20,12,<10,<10,Kaplan-Meier,Colorectal,Male,All,Sex,None,ULSM
n.event,0,66,32,47,21,13,<10,13,<10,<10,<10,<10,<10,<10,<10,<10,0,<10,0,Kaplan-Meier,Colorectal,Male,All,Sex,None,ULSM
n.risk,216,190,175,154,136,125,105,90,79,68,59,47,36,30,26,16,<10,<10,0,Kaplan-Meier,Head_and_neck,Female,All,Sex,None,ULSM
n.event,0,<10,<10,<10,<10,<10,<10,0,<10,0,<10,0,0,0,0,0,0,0,0,Kaplan-Meier,Head_and_neck,Female,All,Sex,None,ULSM
n.risk,467,368,304,247,204,173,152,131,101,70,62,50,34,26,19,14,<10,<10,0,Kaplan-Meier,Head_and_neck,Male,All,Sex,None,ULSM
n.event,0,40,23,17,12,<10,<10,<10,<10,<10,0,<10,<10,<10,0,0,0,0,0,Kaplan-Meier,Head_and_neck,Male,All,Sex,None,ULSM
n.risk,88,41,30,15,<10,<10,<10,<10,<10,<10,<10,<10,0,0,0,0,0,0,0,Kaplan-Meier,Lung,Female,All,Sex,None,ULSM
n.event,0,18,<10,<10,0,0,0,0,0,0,0,0,<10,0,0,0,0,0,0,Kaplan-Meier,Lung,Female,All,Sex,None,ULSM
n.risk,416,176,98,37,19,12,<10,<10,<10,<10,<10,<10,<10,<10,<10,<10,0,0,0,Kaplan-Meier,Lung,Male,All,Sex,None,ULSM
n.event,0,149,48,28,<10,<10,0,<10,0,0,0,0,0,0,0,0,0,0,0,Kaplan-Meier,Lung,Male,All,Sex,None,ULSM
n.risk,151,83,66,49,40,31,26,22,17,13,11,<10,<10,<10,<10,<10,0,0,0,Kaplan-Meier,Pancreatic,Female,All,Sex,None,ULSM
n.event,0,29,<10,<10,<10,0,0,0,<10,0,0,0,0,0,0,0,0,0,0,Kaplan-Meier,Pancreatic,Female,All,Sex,None,ULSM
n.risk,133,65,48,32,24,22,18,14,11,<10,<10,<10,<10,<10,<10,<10,<10,0,0,Kaplan-Meier,Pancreatic,Male,All,Sex,None,ULSM
n.event,0,29,<10,<10,<10,<10,<10,<10,0,0,0,0,0,<10,0,0,0,0,0,Kaplan-Meier,Pancreatic,Male,All,Sex,None,ULSM
n.risk,512,379,324,266,241,208,172,149,130,110,94,79,68,54,46,35,21,14,<10,Kaplan-Meier,Stomach,Female,All,Sex,None,ULSM
n.event,0,53,27,<10,<10,<10,<10,<10,<10,0,<10,<10,0,<10,0,<10,<10,0,0,Kaplan-Meier,Stomach,Female,All,Sex,None,ULSM
n.risk,567,397,317,223,178,152,126,113,96,76,59,46,35,25,16,<10,<10,<10,0,Kaplan-Meier,Stomach,Male,All,Sex,None,ULSM
n.event,0,78,36,39,15,<10,<10,<10,<10,0,<10,<10,0,<10,0,<10,0,0,0,Kaplan-Meier,Stomach,Male,All,Sex,None,ULSM
n.risk,1664,1516,1409,1233,1092,946,823,687,596,495,406,335,267,197,145,94,56,25,<10,Kaplan-Meier,Breast,Female,All,None,Sex,ULSM
n.event,0,27,14,31,14,18,15,14,<10,<10,<10,<10,<10,<10,<10,<10,<10,0,0,Kaplan-Meier,Breast,Female,All,None,Sex,ULSM
n.risk,229,202,177,153,135,122,101,80,70,60,51,40,31,27,21,13,<10,<10,0,Kaplan-Meier,Breast,Male,All,None,Sex,ULSM
n.event,0,<10,<10,<10,<10,<10,<10,<10,0,0,<10,<10,0,<10,0,0,0,0,0,Kaplan-Meier,Breast,Male,All,None,Sex,ULSM
n.risk,886,764,689,577,503,438,356,304,260,211,173,136,113,70,50,30,21,<10,0,Kaplan-Meier,Colorectal,Female,All,None,Sex,ULSM
n.event,0,41,17,40,18,<10,<10,<10,<10,<10,<10,<10,<10,<10,<10,0,0,0,0,Kaplan-Meier,Colorectal,Female,All,None,Sex,ULSM
n.risk,884,727,648,515,431,378,324,267,228,185,150,109,82,54,32,20,12,<10,<10,Kaplan-Meier,Colorectal,Male,All,None,Sex,ULSM
n.event,0,66,32,47,21,13,<10,13,<10,<10,<10,<10,<10,<10,<10,<10,0,<10,0,Kaplan-Meier,Colorectal,Male,All,None,Sex,ULSM
n.risk,216,190,175,154,136,125,105,90,79,68,59,47,36,30,26,16,<10,<10,0,Kaplan-Meier,Head_and_neck,Female,All,None,Sex,ULSM
n.event,0,<10,<10,<10,<10,<10,<10,0,<10,0,<10,0,0,0,0,0,0,0,0,Kaplan-Meier,Head_and_neck,Female,All,None,Sex,ULSM
n.risk,467,368,304,247,204,173,152,131,101,70,62,50,34,26,19,14,<10,<10,0,Kaplan-Meier,Head_and_neck,Male,All,None,Sex,ULSM
n.event,0,40,23,17,12,<10,<10,<10,<10,<10,0,<10,<10,<10,0,0,0,0,0,Kaplan-Meier,Head_and_neck,Male,All,None,Sex,ULSM
n.risk,88,41,30,15,<10,<10,<10,<10,<10,<10,<10,<10,0,0,0,0,0,0,0,Kaplan-Meier,Lung,Female,All,None,Sex,ULSM
n.event,0,18,<10,<10,0,0,0,0,0,0,0,0,<10,0,0,0,0,0,0,Kaplan-Meier,Lung,Female,All,None,Sex,ULSM
n.risk,416,176,98,37,19,12,<10,<10,<10,<10,<10,<10,<10,<10,<10,<10,0,0,0,Kaplan-Meier,Lung,Male,All,None,Sex,ULSM
n.event,0,149,48,28,<10,<10,0,<10,0,0,0,0,0,0,0,0,0,0,0,Kaplan-Meier,Lung,Male,All,None,Sex,ULSM
n.risk,151,83,66,49,40,31,26,22,17,13,11,<10,<10,<10,<10,<10,0,0,0,Kaplan-Meier,Pancreatic,Female,All,None,Sex,ULSM
n.event,0,29,<10,<10,<10,0,0,0,<10,0,0,0,0,0,0,0,0,0,0,Kaplan-Meier,Pancreatic,Female,All,None,Sex,ULSM
n.risk,133,65,48,32,24,22,18,14,11,<10,<10,<10,<10,<10,<10,<10,<10,0,0,Kaplan-Meier,Pancreatic,Male,All,None,Sex,ULSM
n.event,0,29,<10,<10,<10,<10,<10,<10,0,0,0,0,0,<10,0,0,0,0,0,Kaplan-Meier,Pancreatic,Male,All,None,Sex,ULSM
n.risk,512,379,324,266,241,208,172,149,130,110,94,79,68,54,46,35,21,14,<10,Kaplan-Meier,Stomach,Female,All,None,Sex,ULSM
n.event,0,53,27,<10,<10,<10,<10,<10,<10,0,<10,<10,0,<10,0,<10,<10,0,0,Kaplan-Meier,Stomach,Female,All,None,Sex,ULSM
n.risk,567,397,317,223,178,152,126,113,96,76,59,46,35,25,16,<10,<10,<10,0,Kaplan-Meier,Stomach,Male,All,None,Sex,ULSM
n.event,0,78,36,39,15,<10,<10,<10,<10,0,<10,<10,0,<10,0,<10,0,0,0,Kaplan-Meier,Stomach,Male,All,None,Sex,ULSM
n.risk,239,210,200,176,162,148,132,117,104,86,74,63,58,44,35,26,14,<10,<10,Kaplan-Meier,Breast,Both,18 to 39,Age,None,ULSM
n.event,0,0,<10,<10,<10,<10,<10,0,0,0,<10,0,0,0,0,0,0,0,0,Kaplan-Meier,Breast,Both,18 to 39,Age,None,ULSM
n.risk,341,318,298,265,240,212,186,160,146,125,104,85,67,55,39,22,15,<10,<10,Kaplan-Meier,Breast,Both,40 to 49,Age,None,ULSM
n.event,0,<10,<10,<10,<10,<10,<10,<10,<10,<10,<10,<10,<10,<10,<10,0,0,0,0,Kaplan-Meier,Breast,Both,40 to 49,Age,None,ULSM
n.risk,415,390,372,331,295,266,232,196,177,153,126,103,78,58,42,24,15,<10,<10,Kaplan-Meier,Breast,Both,50 to 59,Age,None,ULSM
n.event,0,<10,0,<10,<10,<10,<10,0,0,0,<10,<10,<10,<10,0,0,0,0,0,Kaplan-Meier,Breast,Both,50 to 59,Age,None,ULSM
n.risk,413,380,351,314,278,243,214,171,136,107,87,74,58,42,32,24,12,<10,0,Kaplan-Meier,Breast,Both,60 to 69,Age,None,ULSM
n.event,0,<10,<10,<10,<10,<10,<10,<10,<10,<10,<10,<10,0,<10,<10,0,0,0,0,Kaplan-Meier,Breast,Both,60 to 69,Age,None,ULSM
n.risk,293,266,236,206,178,148,122,95,81,64,51,40,31,21,16,10,<10,<10,0,Kaplan-Meier,Breast,Both,70 to 79,Age,None,ULSM
n.event,0,<10,<10,<10,<10,<10,<10,<10,<10,<10,<10,<10,<10,<10,0,<10,0,0,0,Kaplan-Meier,Breast,Both,70 to 79,Age,None,ULSM
n.risk,192,154,129,94,74,51,38,28,22,20,15,10,<10,<10,<10,<10,0,0,0,Kaplan-Meier,Breast,Both,80 +,Age,None,ULSM
n.event,0,12,<10,<10,<10,<10,<10,<10,<10,0,0,<10,<10,0,<10,<10,<10,0,0,Kaplan-Meier,Breast,Both,80 +,Age,None,ULSM
n.risk,135,120,113,106,96,89,77,70,63,55,42,35,27,22,16,12,<10,<10,0,Kaplan-Meier,Colorectal,Both,18 to 39,Age,None,ULSM
n.event,0,<10,0,<10,0,0,0,<10,0,0,0,0,0,0,0,0,0,0,0,Kaplan-Meier,Colorectal,Both,18 to 39,Age,None,ULSM
n.risk,136,120,106,91,81,71,62,55,50,39,31,24,17,10,<10,<10,<10,<10,0,Kaplan-Meier,Colorectal,Both,40 to 49,Age,None,ULSM
n.event,0,<10,<10,<10,<10,<10,0,<10,0,0,0,0,0,0,0,0,0,0,0,Kaplan-Meier,Colorectal,Both,40 to 49,Age,None,ULSM
n.risk,278,257,238,207,185,171,144,123,107,92,81,58,48,29,24,16,11,<10,<10,Kaplan-Meier,Colorectal,Both,50 to 59,Age,None,ULSM
n.event,0,<10,<10,12,<10,<10,<10,<10,0,<10,0,0,0,<10,0,<10,0,0,0,Kaplan-Meier,Colorectal,Both,50 to 59,Age,None,ULSM
n.risk,418,372,347,279,244,216,183,152,134,111,92,77,62,40,22,12,<10,<10,0,Kaplan-Meier,Colorectal,Both,60 to 69,Age,None,ULSM
n.event,0,17,<10,19,<10,<10,<10,<10,<10,<10,<10,<10,<10,<10,<10,<10,0,0,0,Kaplan-Meier,Colorectal,Both,60 to 69,Age,None,ULSM
n.risk,444,364,325,258,217,188,154,121,98,75,58,41,33,19,12,<10,<10,0,0,Kaplan-Meier,Colorectal,Both,70 to 79,Age,None,ULSM
n.event,0,36,14,32,10,<10,<10,<10,<10,<10,<10,<10,<10,<10,<10,0,0,<10,0,Kaplan-Meier,Colorectal,Both,70 to 79,Age,None,ULSM
n.risk,359,258,208,151,111,81,60,50,36,24,19,10,<10,<10,0,0,0,0,0,Kaplan-Meier,Colorectal,Both,80 +,Age,None,ULSM
n.event,0,42,17,20,15,10,<10,<10,<10,<10,<10,<10,<10,<10,0,0,0,0,0,Kaplan-Meier,Colorectal,Both,80 +,Age,None,ULSM
n.risk,86,71,65,57,52,47,42,35,33,28,25,22,18,15,14,<10,<10,<10,0,Kaplan-Meier,Head_and_neck,Both,18 to 39,Age,None,ULSM
n.event,0,0,<10,<10,0,0,0,0,0,0,0,0,0,0,0,0,0,0,0,Kaplan-Meier,Head_and_neck,Both,18 to 39,Age,None,ULSM
n.risk,77,61,54,43,31,29,24,20,15,<10,<10,<10,<10,<10,<10,<10,<10,<10,0,Kaplan-Meier,Head_and_neck,Both,40 to 49,Age,None,ULSM
n.event,0,<10,<10,<10,<10,0,<10,0,0,0,0,0,0,0,0,0,0,0,0,Kaplan-Meier,Head_and_neck,Both,40 to 49,Age,None,ULSM
n.risk,173,144,122,105,89,75,65,59,48,35,31,23,18,13,13,10,<10,<10,0,Kaplan-Meier,Head_and_neck,Both,50 to 59,Age,None,ULSM
n.event,0,12,<10,<10,<10,<10,<10,0,<10,<10,0,<10,<10,0,0,0,0,0,0,Kaplan-Meier,Head_and_neck,Both,50 to 59,Age,None,ULSM
n.risk,175,147,125,107,94,76,66,55,42,31,26,21,11,<10,<10,<10,<10,<10,0,Kaplan-Meier,Head_and_neck,Both,60 to 69,Age,None,ULSM
n.event,0,13,<10,<10,<10,<10,<10,<10,<10,<10,0,0,0,<10,0,0,0,0,0,Kaplan-Meier,Head_and_neck,Both,60 to 69,Age,None,ULSM
n.risk,119,100,84,67,55,54,48,44,34,29,26,20,16,12,<10,<10,<10,0,0,Kaplan-Meier,Head_and_neck,Both,70 to 79,Age,None,ULSM
n.event,0,<10,<10,<10,<10,0,0,<10,<10,<10,<10,0,0,0,0,0,0,0,0,Kaplan-Meier,Head_and_neck,Both,70 to 79,Age,None,ULSM
n.risk,53,35,29,22,19,17,12,<10,<10,<10,<10,<10,<10,<10,<10,0,0,0,0,Kaplan-Meier,Head_and_neck,Both,80 +,Age,None,ULSM
n.event,0,11,<10,<10,<10,<10,<10,<10,0,0,0,0,0,0,0,0,0,0,0,Kaplan-Meier,Head_and_neck,Both,80 +,Age,None,ULSM
n.risk,<10,<10,<10,<10,<10,<10,0,0,0,0,0,0,0,0,0,0,0,0,0,Kaplan-Meier,Lung,Both,18 to 39,Age,None,ULSM
n.event,0,<10,0,0,0,0,0,0,0,0,0,0,0,0,0,0,0,0,0,Kaplan-Meier,Lung,Both,18 to 39,Age,None,ULSM
n.risk,27,14,<10,<10,<10,<10,0,0,0,0,0,0,0,0,0,0,0,0,0,Kaplan-Meier,Lung,Both,40 to 49,Age,None,ULSM
n.event,0,<10,<10,<10,0,0,0,0,0,0,0,0,0,0,0,0,0,0,0,Kaplan-Meier,Lung,Both,40 to 49,Age,None,ULSM
n.risk,97,44,25,<10,<10,<10,<10,<10,0,0,0,0,0,0,0,0,0,0,0,Kaplan-Meier,Lung,Both,50 to 59,Age,None,ULSM
n.event,0,34,16,11,<10,<10,0,0,0,0,0,0,0,0,0,0,0,0,0,Kaplan-Meier,Lung,Both,50 to 59,Age,None,ULSM
n.risk,175,91,61,24,12,<10,<10,<10,<10,<10,<10,<10,<10,<10,<10,<10,0,0,0,Kaplan-Meier,Lung,Both,60 to 69,Age,None,ULSM
n.event,0,50,17,18,<10,<10,0,<10,0,0,0,0,0,0,0,0,0,0,0,Kaplan-Meier,Lung,Both,60 to 69,Age,None,ULSM
n.risk,135,45,26,14,<10,<10,<10,<10,<10,<10,<10,<10,0,0,0,0,0,0,0,Kaplan-Meier,Lung,Both,70 to 79,Age,None,ULSM
n.event,0,46,10,<10,<10,<10,0,0,0,0,0,0,<10,0,0,0,0,0,0,Kaplan-Meier,Lung,Both,70 to 79,Age,None,ULSM
n.risk,64,20,<10,<10,<10,<10,<10,<10,0,0,0,0,0,0,0,0,0,0,0,Kaplan-Meier,Lung,Both,80 +,Age,None,ULSM
n.event,0,28,<10,<10,0,0,0,0,0,0,0,0,0,0,0,0,0,0,0,Kaplan-Meier,Lung,Both,80 +,Age,None,ULSM
n.risk,15,12,12,12,12,<10,<10,<10,<10,<10,<10,<10,<10,<10,<10,<10,<10,0,0,Kaplan-Meier,Pancreatic,Both,18 to 39,Age,None,ULSM
n.event,0,0,0,0,0,0,0,0,0,0,0,0,0,0,0,0,0,0,0,Kaplan-Meier,Pancreatic,Both,18 to 39,Age,None,ULSM
n.risk,21,15,14,13,13,13,13,13,12,<10,<10,<10,<10,<10,<10,<10,0,0,0,Kaplan-Meier,Pancreatic,Both,40 to 49,Age,None,ULSM
n.event,0,<10,0,0,0,0,0,0,0,0,0,0,0,0,0,0,0,0,0,Kaplan-Meier,Pancreatic,Both,40 to 49,Age,None,ULSM
n.risk,44,27,22,15,13,10,<10,<10,<10,<10,<10,<10,<10,<10,<10,<10,0,0,0,Kaplan-Meier,Pancreatic,Both,50 to 59,Age,None,ULSM
n.event,0,11,<10,<10,<10,<10,0,<10,0,0,0,0,0,0,0,0,0,0,0,Kaplan-Meier,Pancreatic,Both,50 to 59,Age,None,ULSM
n.risk,61,34,27,16,12,11,<10,<10,<10,<10,<10,<10,<10,0,0,0,0,0,0,Kaplan-Meier,Pancreatic,Both,60 to 69,Age,None,ULSM
n.event,0,<10,<10,<10,0,0,<10,0,0,0,0,0,0,<10,0,0,0,0,0,Kaplan-Meier,Pancreatic,Both,60 to 69,Age,None,ULSM
n.risk,88,41,27,17,10,<10,<10,<10,<10,<10,<10,0,0,0,0,0,0,0,0,Kaplan-Meier,Pancreatic,Both,70 to 79,Age,None,ULSM
n.event,0,19,<10,<10,<10,0,0,0,<10,0,0,0,0,0,0,0,0,0,0,Kaplan-Meier,Pancreatic,Both,70 to 79,Age,None,ULSM
n.risk,55,19,12,<10,<10,<10,<10,<10,0,0,0,0,0,0,0,0,0,0,0,Kaplan-Meier,Pancreatic,Both,80 +,Age,None,ULSM
n.event,0,15,<10,<10,0,0,0,0,<10,0,0,0,0,0,0,0,0,0,0,Kaplan-Meier,Pancreatic,Both,80 +,Age,None,ULSM
n.risk,17,16,13,11,<10,<10,<10,<10,<10,<10,<10,<10,<10,<10,<10,<10,<10,<10,0,Kaplan-Meier,Prostate,Male,18 to 39,Age,None,ULSM
n.event,0,0,0,0,0,0,0,0,0,0,0,0,0,0,0,0,0,0,0,Kaplan-Meier,Prostate,Male,18 to 39,Age,None,ULSM
n.risk,14,14,13,11,<10,<10,<10,<10,<10,<10,<10,<10,<10,<10,<10,<10,0,0,0,Kaplan-Meier,Prostate,Male,40 to 49,Age,None,ULSM
n.event,0,0,<10,0,0,0,0,0,0,0,0,0,0,0,0,0,0,0,0,Kaplan-Meier,Prostate,Male,40 to 49,Age,None,ULSM
n.risk,125,117,105,99,89,79,69,60,47,37,31,26,19,17,13,10,<10,<10,<10,Kaplan-Meier,Prostate,Male,50 to 59,Age,None,ULSM
n.event,0,<10,<10,0,<10,0,0,0,0,0,0,0,<10,0,0,0,<10,0,0,Kaplan-Meier,Prostate,Male,50 to 59,Age,None,ULSM
n.risk,381,347,332,294,261,227,185,160,125,104,86,69,51,33,23,12,<10,<10,<10,Kaplan-Meier,Prostate,Male,60 to 69,Age,None,ULSM
n.event,0,<10,<10,<10,<10,0,<10,<10,0,<10,<10,0,0,0,<10,0,<10,0,0,Kaplan-Meier,Prostate,Male,60 to 69,Age,None,ULSM
n.risk,429,380,341,289,252,210,188,158,94,71,54,40,29,12,<10,<10,<10,0,0,Kaplan-Meier,Prostate,Male,70 to 79,Age,None,ULSM
n.event,0,16,12,13,<10,<10,<10,<10,<10,<10,<10,<10,0,<10,<10,<10,0,0,0,Kaplan-Meier,Prostate,Male,70 to 79,Age,None,ULSM
n.risk,311,229,192,144,100,77,68,54,22,18,12,<10,<10,<10,<10,<10,<10,0,0,Kaplan-Meier,Prostate,Male,80 +,Age,None,ULSM
n.event,0,32,14,16,15,<10,<10,<10,<10,<10,<10,<10,<10,0,0,0,0,<10,0,Kaplan-Meier,Prostate,Male,80 +,Age,None,ULSM
n.risk,84,69,65,58,52,49,43,38,35,28,25,21,17,14,12,<10,<10,<10,0,Kaplan-Meier,Stomach,Both,18 to 39,Age,None,ULSM
n.event,0,<10,<10,0,<10,0,<10,0,0,0,0,0,0,0,0,0,0,0,0,Kaplan-Meier,Stomach,Both,18 to 39,Age,None,ULSM
n.risk,87,74,64,51,44,41,36,33,27,22,17,14,13,11,11,<10,<10,<10,0,Kaplan-Meier,Stomach,Both,40 to 49,Age,None,ULSM
n.event,0,<10,<10,<10,<10,0,0,0,0,0,0,0,0,0,0,0,0,0,0,Kaplan-Meier,Stomach,Both,40 to 49,Age,None,ULSM
n.risk,181,140,123,101,92,86,76,68,58,51,47,36,30,26,22,18,11,<10,<10,Kaplan-Meier,Stomach,Both,50 to 59,Age,None,ULSM
n.event,0,22,10,<10,<10,<10,0,0,<10,0,0,<10,0,0,0,0,0,0,0,Kaplan-Meier,Stomach,Both,50 to 59,Age,None,ULSM
n.risk,257,203,164,125,105,88,71,63,53,40,35,31,22,17,10,<10,<10,<10,0,Kaplan-Meier,Stomach,Both,60 to 69,Age,None,ULSM
n.event,0,26,17,17,<10,0,<10,0,<10,0,0,<10,0,<10,0,<10,<10,0,0,Kaplan-Meier,Stomach,Both,60 to 69,Age,None,ULSM
n.risk,293,194,158,111,92,69,56,47,42,36,24,20,18,11,<10,<10,<10,0,0,Kaplan-Meier,Stomach,Both,70 to 79,Age,None,ULSM
n.event,0,43,17,16,<10,<10,<10,<10,0,0,<10,<10,0,<10,0,<10,0,0,0,Kaplan-Meier,Stomach,Both,70 to 79,Age,None,ULSM
n.risk,177,96,67,43,34,27,16,13,11,<10,<10,<10,<10,0,0,0,0,0,0,Kaplan-Meier,Stomach,Both,80 +,Age,None,ULSM
n.event,0,32,13,<10,<10,<10,<10,<10,<10,0,<10,0,0,<10,0,0,0,0,0,Kaplan-Meier,Stomach,Both,80 +,Age,None,ULSM
n.risk,239,210,200,176,162,148,132,117,104,86,74,63,58,44,35,26,14,<10,<10,Kaplan-Meier,Breast,Both,18 to 39,None,Age,ULSM
n.event,0,0,<10,<10,<10,<10,<10,0,0,0,<10,0,0,0,0,0,0,0,0,Kaplan-Meier,Breast,Both,18 to 39,None,Age,ULSM
n.risk,341,318,298,265,240,212,186,160,146,125,104,85,67,55,39,22,15,<10,<10,Kaplan-Meier,Breast,Both,40 to 49,None,Age,ULSM
n.event,0,<10,<10,<10,<10,<10,<10,<10,<10,<10,<10,<10,<10,<10,<10,0,0,0,0,Kaplan-Meier,Breast,Both,40 to 49,None,Age,ULSM
n.risk,415,390,372,331,295,266,232,196,177,153,126,103,78,58,42,24,15,<10,<10,Kaplan-Meier,Breast,Both,50 to 59,None,Age,ULSM
n.event,0,<10,0,<10,<10,<10,<10,0,0,0,<10,<10,<10,<10,0,0,0,0,0,Kaplan-Meier,Breast,Both,50 to 59,None,Age,ULSM
n.risk,413,380,351,314,278,243,214,171,136,107,87,74,58,42,32,24,12,<10,0,Kaplan-Meier,Breast,Both,60 to 69,None,Age,ULSM
n.event,0,<10,<10,<10,<10,<10,<10,<10,<10,<10,<10,<10,0,<10,<10,0,0,0,0,Kaplan-Meier,Breast,Both,60 to 69,None,Age,ULSM
n.risk,293,266,236,206,178,148,122,95,81,64,51,40,31,21,16,10,<10,<10,0,Kaplan-Meier,Breast,Both,70 to 79,None,Age,ULSM
n.event,0,<10,<10,<10,<10,<10,<10,<10,<10,<10,<10,<10,<10,<10,0,<10,0,0,0,Kaplan-Meier,Breast,Both,70 to 79,None,Age,ULSM
n.risk,192,154,129,94,74,51,38,28,22,20,15,10,<10,<10,<10,<10,0,0,0,Kaplan-Meier,Breast,Both,80 +,None,Age,ULSM
n.event,0,12,<10,<10,<10,<10,<10,<10,<10,0,0,<10,<10,0,<10,<10,<10,0,0,Kaplan-Meier,Breast,Both,80 +,None,Age,ULSM
n.risk,135,120,113,106,96,89,77,70,63,55,42,35,27,22,16,12,<10,<10,0,Kaplan-Meier,Colorectal,Both,18 to 39,None,Age,ULSM
n.event,0,<10,0,<10,0,0,0,<10,0,0,0,0,0,0,0,0,0,0,0,Kaplan-Meier,Colorectal,Both,18 to 39,None,Age,ULSM
n.risk,136,120,106,91,81,71,62,55,50,39,31,24,17,10,<10,<10,<10,<10,0,Kaplan-Meier,Colorectal,Both,40 to 49,None,Age,ULSM
n.event,0,<10,<10,<10,<10,<10,0,<10,0,0,0,0,0,0,0,0,0,0,0,Kaplan-Meier,Colorectal,Both,40 to 49,None,Age,ULSM
n.risk,278,257,238,207,185,171,144,123,107,92,81,58,48,29,24,16,11,<10,<10,Kaplan-Meier,Colorectal,Both,50 to 59,None,Age,ULSM
n.event,0,<10,<10,12,<10,<10,<10,<10,0,<10,0,0,0,<10,0,<10,0,0,0,Kaplan-Meier,Colorectal,Both,50 to 59,None,Age,ULSM
n.risk,418,372,347,279,244,216,183,152,134,111,92,77,62,40,22,12,<10,<10,0,Kaplan-Meier,Colorectal,Both,60 to 69,None,Age,ULSM
n.event,0,17,<10,19,<10,<10,<10,<10,<10,<10,<10,<10,<10,<10,<10,<10,0,0,0,Kaplan-Meier,Colorectal,Both,60 to 69,None,Age,ULSM
n.risk,444,364,325,258,217,188,154,121,98,75,58,41,33,19,12,<10,<10,0,0,Kaplan-Meier,Colorectal,Both,70 to 79,None,Age,ULSM
n.event,0,36,14,32,10,<10,<10,<10,<10,<10,<10,<10,<10,<10,<10,0,0,<10,0,Kaplan-Meier,Colorectal,Both,70 to 79,None,Age,ULSM
n.risk,359,258,208,151,111,81,60,50,36,24,19,10,<10,<10,0,0,0,0,0,Kaplan-Meier,Colorectal,Both,80 +,None,Age,ULSM
n.event,0,42,17,20,15,10,<10,<10,<10,<10,<10,<10,<10,<10,0,0,0,0,0,Kaplan-Meier,Colorectal,Both,80 +,None,Age,ULSM
n.risk,86,71,65,57,52,47,42,35,33,28,25,22,18,15,14,<10,<10,<10,0,Kaplan-Meier,Head_and_neck,Both,18 to 39,None,Age,ULSM
n.event,0,0,<10,<10,0,0,0,0,0,0,0,0,0,0,0,0,0,0,0,Kaplan-Meier,Head_and_neck,Both,18 to 39,None,Age,ULSM
n.risk,77,61,54,43,31,29,24,20,15,<10,<10,<10,<10,<10,<10,<10,<10,<10,0,Kaplan-Meier,Head_and_neck,Both,40 to 49,None,Age,ULSM
n.event,0,<10,<10,<10,<10,0,<10,0,0,0,0,0,0,0,0,0,0,0,0,Kaplan-Meier,Head_and_neck,Both,40 to 49,None,Age,ULSM
n.risk,173,144,122,105,89,75,65,59,48,35,31,23,18,13,13,10,<10,<10,0,Kaplan-Meier,Head_and_neck,Both,50 to 59,None,Age,ULSM
n.event,0,12,<10,<10,<10,<10,<10,0,<10,<10,0,<10,<10,0,0,0,0,0,0,Kaplan-Meier,Head_and_neck,Both,50 to 59,None,Age,ULSM
n.risk,175,147,125,107,94,76,66,55,42,31,26,21,11,<10,<10,<10,<10,<10,0,Kaplan-Meier,Head_and_neck,Both,60 to 69,None,Age,ULSM
n.event,0,13,<10,<10,<10,<10,<10,<10,<10,<10,0,0,0,<10,0,0,0,0,0,Kaplan-Meier,Head_and_neck,Both,60 to 69,None,Age,ULSM
n.risk,119,100,84,67,55,54,48,44,34,29,26,20,16,12,<10,<10,<10,0,0,Kaplan-Meier,Head_and_neck,Both,70 to 79,None,Age,ULSM
n.event,0,<10,<10,<10,<10,0,0,<10,<10,<10,<10,0,0,0,0,0,0,0,0,Kaplan-Meier,Head_and_neck,Both,70 to 79,None,Age,ULSM
n.risk,53,35,29,22,19,17,12,<10,<10,<10,<10,<10,<10,<10,<10,0,0,0,0,Kaplan-Meier,Head_and_neck,Both,80 +,None,Age,ULSM
n.event,0,11,<10,<10,<10,<10,<10,<10,0,0,0,0,0,0,0,0,0,0,0,Kaplan-Meier,Head_and_neck,Both,80 +,None,Age,ULSM
n.risk,<10,<10,<10,<10,<10,<10,0,0,0,0,0,0,0,0,0,0,0,0,0,Kaplan-Meier,Lung,Both,18 to 39,None,Age,ULSM
n.event,0,<10,0,0,0,0,0,0,0,0,0,0,0,0,0,0,0,0,0,Kaplan-Meier,Lung,Both,18 to 39,None,Age,ULSM
n.risk,27,14,<10,<10,<10,<10,0,0,0,0,0,0,0,0,0,0,0,0,0,Kaplan-Meier,Lung,Both,40 to 49,None,Age,ULSM
n.event,0,<10,<10,<10,0,0,0,0,0,0,0,0,0,0,0,0,0,0,0,Kaplan-Meier,Lung,Both,40 to 49,None,Age,ULSM
n.risk,97,44,25,<10,<10,<10,<10,<10,0,0,0,0,0,0,0,0,0,0,0,Kaplan-Meier,Lung,Both,50 to 59,None,Age,ULSM
n.event,0,34,16,11,<10,<10,0,0,0,0,0,0,0,0,0,0,0,0,0,Kaplan-Meier,Lung,Both,50 to 59,None,Age,ULSM
n.risk,175,91,61,24,12,<10,<10,<10,<10,<10,<10,<10,<10,<10,<10,<10,0,0,0,Kaplan-Meier,Lung,Both,60 to 69,None,Age,ULSM
n.event,0,50,17,18,<10,<10,0,<10,0,0,0,0,0,0,0,0,0,0,0,Kaplan-Meier,Lung,Both,60 to 69,None,Age,ULSM
n.risk,135,45,26,14,<10,<10,<10,<10,<10,<10,<10,<10,0,0,0,0,0,0,0,Kaplan-Meier,Lung,Both,70 to 79,None,Age,ULSM
n.event,0,46,10,<10,<10,<10,0,0,0,0,0,0,<10,0,0,0,0,0,0,Kaplan-Meier,Lung,Both,70 to 79,None,Age,ULSM
n.risk,64,20,<10,<10,<10,<10,<10,<10,0,0,0,0,0,0,0,0,0,0,0,Kaplan-Meier,Lung,Both,80 +,None,Age,ULSM
n.event,0,28,<10,<10,0,0,0,0,0,0,0,0,0,0,0,0,0,0,0,Kaplan-Meier,Lung,Both,80 +,None,Age,ULSM
n.risk,15,12,12,12,12,<10,<10,<10,<10,<10,<10,<10,<10,<10,<10,<10,<10,0,0,Kaplan-Meier,Pancreatic,Both,18 to 39,None,Age,ULSM
n.event,0,0,0,0,0,0,0,0,0,0,0,0,0,0,0,0,0,0,0,Kaplan-Meier,Pancreatic,Both,18 to 39,None,Age,ULSM
n.risk,21,15,14,13,13,13,13,13,12,<10,<10,<10,<10,<10,<10,<10,0,0,0,Kaplan-Meier,Pancreatic,Both,40 to 49,None,Age,ULSM
n.event,0,<10,0,0,0,0,0,0,0,0,0,0,0,0,0,0,0,0,0,Kaplan-Meier,Pancreatic,Both,40 to 49,None,Age,ULSM
n.risk,44,27,22,15,13,10,<10,<10,<10,<10,<10,<10,<10,<10,<10,<10,0,0,0,Kaplan-Meier,Pancreatic,Both,50 to 59,None,Age,ULSM
n.event,0,11,<10,<10,<10,<10,0,<10,0,0,0,0,0,0,0,0,0,0,0,Kaplan-Meier,Pancreatic,Both,50 to 59,None,Age,ULSM
n.risk,61,34,27,16,12,11,<10,<10,<10,<10,<10,<10,<10,0,0,0,0,0,0,Kaplan-Meier,Pancreatic,Both,60 to 69,None,Age,ULSM
n.event,0,<10,<10,<10,0,0,<10,0,0,0,0,0,0,<10,0,0,0,0,0,Kaplan-Meier,Pancreatic,Both,60 to 69,None,Age,ULSM
n.risk,88,41,27,17,10,<10,<10,<10,<10,<10,<10,0,0,0,0,0,0,0,0,Kaplan-Meier,Pancreatic,Both,70 to 79,None,Age,ULSM
n.event,0,19,<10,<10,<10,0,0,0,<10,0,0,0,0,0,0,0,0,0,0,Kaplan-Meier,Pancreatic,Both,70 to 79,None,Age,ULSM
n.risk,55,19,12,<10,<10,<10,<10,<10,0,0,0,0,0,0,0,0,0,0,0,Kaplan-Meier,Pancreatic,Both,80 +,None,Age,ULSM
n.event,0,15,<10,<10,0,0,0,0,<10,0,0,0,0,0,0,0,0,0,0,Kaplan-Meier,Pancreatic,Both,80 +,None,Age,ULSM
n.risk,17,16,13,11,<10,<10,<10,<10,<10,<10,<10,<10,<10,<10,<10,<10,<10,<10,0,Kaplan-Meier,Prostate,Male,18 to 39,None,Age,ULSM
n.event,0,0,0,0,0,0,0,0,0,0,0,0,0,0,0,0,0,0,0,Kaplan-Meier,Prostate,Male,18 to 39,None,Age,ULSM
n.risk,14,14,13,11,<10,<10,<10,<10,<10,<10,<10,<10,<10,<10,<10,<10,0,0,0,Kaplan-Meier,Prostate,Male,40 to 49,None,Age,ULSM
n.event,0,0,<10,0,0,0,0,0,0,0,0,0,0,0,0,0,0,0,0,Kaplan-Meier,Prostate,Male,40 to 49,None,Age,ULSM
n.risk,125,117,105,99,89,79,69,60,47,37,31,26,19,17,13,10,<10,<10,<10,Kaplan-Meier,Prostate,Male,50 to 59,None,Age,ULSM
n.event,0,<10,<10,0,<10,0,0,0,0,0,0,0,<10,0,0,0,<10,0,0,Kaplan-Meier,Prostate,Male,50 to 59,None,Age,ULSM
n.risk,381,347,332,294,261,227,185,160,125,104,86,69,51,33,23,12,<10,<10,<10,Kaplan-Meier,Prostate,Male,60 to 69,None,Age,ULSM
n.event,0,<10,<10,<10,<10,0,<10,<10,0,<10,<10,0,0,0,<10,0,<10,0,0,Kaplan-Meier,Prostate,Male,60 to 69,None,Age,ULSM
n.risk,429,380,341,289,252,210,188,158,94,71,54,40,29,12,<10,<10,<10,0,0,Kaplan-Meier,Prostate,Male,70 to 79,None,Age,ULSM
n.event,0,16,12,13,<10,<10,<10,<10,<10,<10,<10,<10,0,<10,<10,<10,0,0,0,Kaplan-Meier,Prostate,Male,70 to 79,None,Age,ULSM
n.risk,311,229,192,144,100,77,68,54,22,18,12,<10,<10,<10,<10,<10,<10,0,0,Kaplan-Meier,Prostate,Male,80 +,None,Age,ULSM
n.event,0,32,14,16,15,<10,<10,<10,<10,<10,<10,<10,<10,0,0,0,0,<10,0,Kaplan-Meier,Prostate,Male,80 +,None,Age,ULSM
n.risk,84,69,65,58,52,49,43,38,35,28,25,21,17,14,12,<10,<10,<10,0,Kaplan-Meier,Stomach,Both,18 to 39,None,Age,ULSM
n.event,0,<10,<10,0,<10,0,<10,0,0,0,0,0,0,0,0,0,0,0,0,Kaplan-Meier,Stomach,Both,18 to 39,None,Age,ULSM
n.risk,87,74,64,51,44,41,36,33,27,22,17,14,13,11,11,<10,<10,<10,0,Kaplan-Meier,Stomach,Both,40 to 49,None,Age,ULSM
n.event,0,<10,<10,<10,<10,0,0,0,0,0,0,0,0,0,0,0,0,0,0,Kaplan-Meier,Stomach,Both,40 to 49,None,Age,ULSM
n.risk,181,140,123,101,92,86,76,68,58,51,47,36,30,26,22,18,11,<10,<10,Kaplan-Meier,Stomach,Both,50 to 59,None,Age,ULSM
n.event,0,22,10,<10,<10,<10,0,0,<10,0,0,<10,0,0,0,0,0,0,0,Kaplan-Meier,Stomach,Both,50 to 59,None,Age,ULSM
n.risk,257,203,164,125,105,88,71,63,53,40,35,31,22,17,10,<10,<10,<10,0,Kaplan-Meier,Stomach,Both,60 to 69,None,Age,ULSM
n.event,0,26,17,17,<10,0,<10,0,<10,0,0,<10,0,<10,0,<10,<10,0,0,Kaplan-Meier,Stomach,Both,60 to 69,None,Age,ULSM
n.risk,293,194,158,111,92,69,56,47,42,36,24,20,18,11,<10,<10,<10,0,0,Kaplan-Meier,Stomach,Both,70 to 79,None,Age,ULSM
n.event,0,43,17,16,<10,<10,<10,<10,0,0,<10,<10,0,<10,0,<10,0,0,0,Kaplan-Meier,Stomach,Both,70 to 79,None,Age,ULSM
n.risk,177,96,67,43,34,27,16,13,11,<10,<10,<10,<10,0,0,0,0,0,0,Kaplan-Meier,Stomach,Both,80 +,None,Age,ULSM
n.event,0,32,13,<10,<10,<10,<10,<10,<10,0,<10,0,0,<10,0,0,0,0,0,Kaplan-Meier,Stomach,Both,80 +,None,Age,ULSM
n.risk,189,166,159,140,129,119,109,99,87,72,62,56,51,37,30,22,11,<10,<10,Kaplan-Meier,Breast,Female,18 to 39,agesex,None,ULSM
n.event,0,0,<10,<10,<10,<10,<10,0,0,0,<10,0,0,0,0,0,0,0,0,Kaplan-Meier,Breast,Female,18 to 39,agesex,None,ULSM
n.risk,50,44,41,36,33,29,23,18,17,14,12,<10,<10,<10,<10,<10,<10,<10,0,Kaplan-Meier,Breast,Male,18 to 39,agesex,None,ULSM
n.event,0,0,0,0,0,0,0,0,0,0,0,0,0,0,0,0,0,0,0,Kaplan-Meier,Breast,Male,18 to 39,agesex,None,ULSM
n.risk,310,288,272,241,218,191,168,144,133,116,97,79,64,52,37,22,15,<10,<10,Kaplan-Meier,Breast,Female,40 to 49,agesex,None,ULSM
n.event,0,<10,<10,<10,<10,<10,<10,<10,<10,<10,<10,0,<10,<10,<10,0,0,0,0,Kaplan-Meier,Breast,Female,40 to 49,agesex,None,ULSM
n.risk,31,30,26,24,22,21,18,16,13,<10,<10,<10,<10,<10,<10,0,0,0,0,Kaplan-Meier,Breast,Male,40 to 49,agesex,None,ULSM
n.event,0,0,0,<10,0,0,0,0,0,0,0,<10,0,0,0,0,0,0,0,Kaplan-Meier,Breast,Male,40 to 49,agesex,None,ULSM
n.risk,377,355,340,303,269,241,213,180,165,141,115,95,71,53,38,22,15,<10,<10,Kaplan-Meier,Breast,Female,50 to 59,agesex,None,ULSM
n.event,0,<10,0,<10,<10,<10,<10,0,0,0,<10,<10,<10,<10,0,0,0,0,0,Kaplan-Meier,Breast,Female,50 to 59,agesex,None,ULSM
n.risk,38,35,32,28,26,25,19,16,12,12,11,<10,<10,<10,<10,<10,0,0,0,Kaplan-Meier,Breast,Male,50 to 59,agesex,None,ULSM
n.event,0,<10,0,0,0,0,0,0,0,0,0,0,0,<10,0,0,0,0,0,Kaplan-Meier,Breast,Male,50 to 59,agesex,None,ULSM
n.risk,368,337,312,281,250,217,189,155,121,93,73,61,49,35,26,19,<10,<10,0,Kaplan-Meier,Breast,Female,60 to 69,agesex,None,ULSM
n.event,0,<10,<10,<10,<10,<10,<10,<10,<10,<10,<10,<10,0,<10,<10,0,0,0,0,Kaplan-Meier,Breast,Female,60 to 69,agesex,None,ULSM
n.risk,45,43,39,33,28,26,25,16,15,14,14,13,<10,<10,<10,<10,<10,<10,0,Kaplan-Meier,Breast,Male,60 to 69,agesex,None,ULSM
n.event,0,<10,<10,<10,<10,<10,0,0,0,0,0,0,0,0,0,0,0,0,0,Kaplan-Meier,Breast,Male,60 to 69,agesex,None,ULSM
n.risk,246,226,203,178,154,129,107,82,69,54,44,34,26,16,12,<10,<10,<10,0,Kaplan-Meier,Breast,Female,70 to 79,agesex,None,ULSM
n.event,0,<10,<10,<10,<10,<10,<10,<10,<10,<10,0,<10,<10,<10,0,<10,0,0,0,Kaplan-Meier,Breast,Female,70 to 79,agesex,None,ULSM
n.risk,47,40,33,28,24,19,15,13,12,10,<10,<10,<10,<10,<10,<10,<10,0,0,Kaplan-Meier,Breast,Male,70 to 79,agesex,None,ULSM
n.event,0,<10,0,<10,0,0,<10,<10,0,0,<10,0,0,0,0,0,0,0,0,Kaplan-Meier,Breast,Male,70 to 79,agesex,None,ULSM
n.risk,174,144,123,90,72,49,37,27,21,19,15,10,<10,<10,<10,<10,0,0,0,Kaplan-Meier,Breast,Female,80 +,agesex,None,ULSM
n.event,0,<10,<10,<10,<10,<10,<10,<10,<10,0,0,<10,<10,0,<10,<10,<10,0,0,Kaplan-Meier,Breast,Female,80 +,agesex,None,ULSM
n.risk,18,10,<10,<10,<10,<10,<10,<10,<10,<10,0,0,0,0,0,0,0,0,0,Kaplan-Meier,Breast,Male,80 +,agesex,None,ULSM
n.event,0,<10,0,0,0,0,<10,0,0,0,0,0,0,0,0,0,0,0,0,Kaplan-Meier,Breast,Male,80 +,agesex,None,ULSM
n.risk,91,80,75,70,62,59,49,44,41,36,26,23,18,13,<10,<10,<10,<10,0,Kaplan-Meier,Colorectal,Female,18 to 39,agesex,None,ULSM
n.event,0,0,0,0,0,0,0,0,0,0,0,0,0,0,0,0,0,0,0,Kaplan-Meier,Colorectal,Female,18 to 39,agesex,None,ULSM
n.risk,44,40,38,36,34,30,28,26,22,19,16,12,<10,<10,<10,<10,<10,<10,0,Kaplan-Meier,Colorectal,Male,18 to 39,agesex,None,ULSM
n.event,0,<10,0,<10,0,0,0,<10,0,0,0,0,0,0,0,0,0,0,0,Kaplan-Meier,Colorectal,Male,18 to 39,agesex,None,ULSM
n.risk,87,79,69,59,55,48,40,36,32,23,19,15,11,<10,<10,<10,<10,0,0,Kaplan-Meier,Colorectal,Female,40 to 49,agesex,None,ULSM
n.event,0,<10,<10,<10,<10,<10,0,0,0,0,0,0,0,0,0,0,0,0,0,Kaplan-Meier,Colorectal,Female,40 to 49,agesex,None,ULSM
n.risk,49,41,37,32,26,23,22,19,18,16,12,<10,<10,<10,<10,<10,<10,<10,0,Kaplan-Meier,Colorectal,Male,40 to 49,agesex,None,ULSM
n.event,0,<10,<10,<10,0,0,0,<10,0,0,0,0,0,0,0,0,0,0,0,Kaplan-Meier,Colorectal,Male,40 to 49,agesex,None,ULSM
n.risk,126,117,111,96,88,79,65,58,49,47,40,32,27,15,14,10,<10,<10,0,Kaplan-Meier,Colorectal,Female,50 to 59,agesex,None,ULSM
n.event,0,<10,<10,<10,<10,0,<10,<10,0,0,0,0,0,<10,0,0,0,0,0,Kaplan-Meier,Colorectal,Female,50 to 59,agesex,None,ULSM
n.risk,152,140,127,111,97,92,79,65,58,45,41,26,21,14,10,<10,<10,<10,<10,Kaplan-Meier,Colorectal,Male,50 to 59,agesex,None,ULSM
n.event,0,<10,<10,<10,<10,<10,<10,<10,0,<10,0,0,0,0,0,<10,0,0,0,Kaplan-Meier,Colorectal,Male,50 to 59,agesex,None,ULSM
n.risk,180,168,159,133,117,104,89,75,65,53,45,36,30,18,11,<10,<10,<10,0,Kaplan-Meier,Colorectal,Female,60 to 69,agesex,None,ULSM
n.event,0,<10,<10,<10,<10,<10,<10,<10,0,0,<10,0,0,<10,<10,0,0,0,0,Kaplan-Meier,Colorectal,Female,60 to 69,agesex,None,ULSM
n.risk,238,204,188,146,127,112,94,77,69,58,47,41,32,22,11,<10,<10,0,0,Kaplan-Meier,Colorectal,Male,60 to 69,agesex,None,ULSM
n.event,0,12,<10,10,<10,<10,<10,<10,<10,<10,<10,<10,<10,<10,0,<10,0,0,0,Kaplan-Meier,Colorectal,Male,60 to 69,agesex,None,ULSM
n.risk,205,173,157,129,112,96,76,60,51,38,33,24,22,12,<10,<10,<10,0,0,Kaplan-Meier,Colorectal,Female,70 to 79,agesex,None,ULSM
n.event,0,14,<10,13,<10,<10,<10,<10,<10,<10,<10,0,<10,<10,0,0,0,0,0,Kaplan-Meier,Colorectal,Female,70 to 79,agesex,None,ULSM
n.risk,239,191,168,129,105,92,78,61,47,37,25,17,11,<10,<10,<10,<10,0,0,Kaplan-Meier,Colorectal,Male,70 to 79,agesex,None,ULSM
n.event,0,22,11,19,<10,<10,<10,<10,<10,<10,0,<10,0,<10,<10,0,0,<10,0,Kaplan-Meier,Colorectal,Male,70 to 79,agesex,None,ULSM
n.risk,197,147,118,90,69,52,37,31,22,14,10,<10,<10,<10,0,0,0,0,0,Kaplan-Meier,Colorectal,Female,80 +,agesex,None,ULSM
n.event,0,17,<10,10,<10,<10,<10,0,0,<10,0,<10,0,<10,0,0,0,0,0,Kaplan-Meier,Colorectal,Female,80 +,agesex,None,ULSM
n.risk,162,111,90,61,42,29,23,19,14,10,<10,<10,<10,<10,0,0,0,0,0,Kaplan-Meier,Colorectal,Male,80 +,agesex,None,ULSM
n.event,0,25,<10,10,<10,<10,<10,<10,<10,0,<10,0,<10,0,0,0,0,0,0,Kaplan-Meier,Colorectal,Male,80 +,agesex,None,ULSM
n.risk,55,47,47,44,40,37,34,28,28,25,22,19,15,13,12,<10,<10,<10,0,Kaplan-Meier,Head_and_neck,Female,18 to 39,agesex,None,ULSM
n.event,0,0,0,0,0,0,0,0,0,0,0,0,0,0,0,0,0,0,0,Kaplan-Meier,Head_and_neck,Female,18 to 39,agesex,None,ULSM
n.risk,31,24,18,13,12,10,<10,<10,<10,<10,<10,<10,<10,<10,<10,<10,<10,0,0,Kaplan-Meier,Head_and_neck,Male,18 to 39,agesex,None,ULSM
n.event,0,0,<10,<10,0,0,0,0,0,0,0,0,0,0,0,0,0,0,0,Kaplan-Meier,Head_and_neck,Male,18 to 39,agesex,None,ULSM
n.risk,24,23,21,16,13,12,<10,<10,<10,<10,<10,<10,<10,<10,<10,<10,<10,<10,0,Kaplan-Meier,Head_and_neck,Female,40 to 49,agesex,None,ULSM
n.event,0,0,0,<10,0,0,0,0,0,0,0,0,0,0,0,0,0,0,0,Kaplan-Meier,Head_and_neck,Female,40 to 49,agesex,None,ULSM
n.risk,53,38,33,27,18,17,15,12,<10,<10,<10,<10,<10,<10,<10,<10,<10,0,0,Kaplan-Meier,Head_and_neck,Male,40 to 49,agesex,None,ULSM
n.event,0,<10,<10,<10,<10,0,<10,0,0,0,0,0,0,0,0,0,0,0,0,Kaplan-Meier,Head_and_neck,Male,40 to 49,agesex,None,ULSM
n.risk,45,41,37,34,30,25,20,18,15,13,10,<10,<10,<10,<10,<10,<10,<10,0,Kaplan-Meier,Head_and_neck,Female,50 to 59,agesex,None,ULSM
n.event,0,0,<10,0,0,<10,0,0,0,0,0,0,0,0,0,0,0,0,0,Kaplan-Meier,Head_and_neck,Female,50 to 59,agesex,None,ULSM
n.risk,128,103,85,71,59,50,45,41,33,22,21,15,12,<10,<10,<10,<10,<10,0,Kaplan-Meier,Head_and_neck,Male,50 to 59,agesex,None,ULSM
n.event,0,12,<10,<10,<10,<10,<10,0,<10,<10,0,<10,<10,0,0,0,0,0,0,Kaplan-Meier,Head_and_neck,Male,50 to 59,agesex,None,ULSM
n.risk,42,38,35,31,28,26,23,19,15,11,11,<10,<10,<10,<10,<10,<10,<10,0,Kaplan-Meier,Head_and_neck,Female,60 to 69,agesex,None,ULSM
n.event,0,<10,0,0,0,0,<10,0,<10,0,0,0,0,0,0,0,0,0,0,Kaplan-Meier,Head_and_neck,Female,60 to 69,agesex,None,ULSM
n.risk,133,109,90,76,66,50,43,36,27,20,15,12,<10,<10,<10,<10,<10,0,0,Kaplan-Meier,Head_and_neck,Male,60 to 69,agesex,None,ULSM
n.event,0,12,<10,<10,<10,<10,<10,<10,<10,<10,0,0,0,<10,0,0,0,0,0,Kaplan-Meier,Head_and_neck,Male,60 to 69,agesex,None,ULSM
n.risk,29,27,22,20,17,17,15,14,12,12,10,<10,<10,<10,<10,<10,0,0,0,Kaplan-Meier,Head_and_neck,Female,70 to 79,agesex,None,ULSM
n.event,0,<10,<10,<10,<10,0,0,0,0,0,<10,0,0,0,0,0,0,0,0,Kaplan-Meier,Head_and_neck,Female,70 to 79,agesex,None,ULSM
n.risk,90,73,62,47,38,37,33,30,22,17,16,14,11,<10,<10,<10,<10,0,0,Kaplan-Meier,Head_and_neck,Male,70 to 79,agesex,None,ULSM
n.event,0,<10,<10,<10,<10,0,0,<10,<10,<10,0,0,0,0,0,0,0,0,0,Kaplan-Meier,Head_and_neck,Male,70 to 79,agesex,None,ULSM
n.risk,21,14,13,<10,<10,<10,<10,<10,<10,<10,<10,<10,<10,<10,<10,0,0,0,0,Kaplan-Meier,Head_and_neck,Female,80 +,agesex,None,ULSM
n.event,0,<10,0,<10,<10,0,<10,0,0,0,0,0,0,0,0,0,0,0,0,Kaplan-Meier,Head_and_neck,Female,80 +,agesex,None,ULSM
n.risk,32,21,16,13,11,<10,<10,<10,<10,<10,<10,<10,0,0,0,0,0,0,0,Kaplan-Meier,Head_and_neck,Male,80 +,agesex,None,ULSM
n.event,0,<10,<10,<10,0,<10,0,<10,0,0,0,0,0,0,0,0,0,0,0,Kaplan-Meier,Head_and_neck,Male,80 +,agesex,None,ULSM
n.risk,<10,<10,0,0,0,0,0,0,0,0,0,0,0,0,0,0,0,0,0,Kaplan-Meier,Lung,Male,18 to 39,agesex,None,ULSM
n.event,0,<10,0,0,0,0,0,0,0,0,0,0,0,0,0,0,0,0,0,Kaplan-Meier,Lung,Male,18 to 39,agesex,None,ULSM
n.risk,10,<10,<10,<10,<10,<10,0,0,0,0,0,0,0,0,0,0,0,0,0,Kaplan-Meier,Lung,Female,40 to 49,agesex,None,ULSM
n.event,0,<10,<10,<10,0,0,0,0,0,0,0,0,0,0,0,0,0,0,0,Kaplan-Meier,Lung,Female,40 to 49,agesex,None,ULSM
n.risk,17,<10,<10,<10,0,0,0,0,0,0,0,0,0,0,0,0,0,0,0,Kaplan-Meier,Lung,Male,40 to 49,agesex,None,ULSM
n.event,0,<10,<10,0,0,0,0,0,0,0,0,0,0,0,0,0,0,0,0,Kaplan-Meier,Lung,Male,40 to 49,agesex,None,ULSM
n.risk,16,<10,<10,<10,<10,<10,0,0,0,0,0,0,0,0,0,0,0,0,0,Kaplan-Meier,Lung,Female,50 to 59,agesex,None,ULSM
n.event,0,<10,0,<10,0,0,0,0,0,0,0,0,0,0,0,0,0,0,0,Kaplan-Meier,Lung,Female,50 to 59,agesex,None,ULSM
n.risk,81,35,17,<10,<10,<10,<10,<10,0,0,0,0,0,0,0,0,0,0,0,Kaplan-Meier,Lung,Male,50 to 59,agesex,None,ULSM
n.event,0,30,16,<10,<10,<10,0,0,0,0,0,0,0,0,0,0,0,0,0,Kaplan-Meier,Lung,Male,50 to 59,agesex,None,ULSM
n.risk,23,14,10,<10,<10,<10,<10,<10,0,0,0,0,0,0,0,0,0,0,0,Kaplan-Meier,Lung,Female,60 to 69,agesex,None,ULSM
n.event,0,<10,<10,<10,0,0,0,0,0,0,0,0,0,0,0,0,0,0,0,Kaplan-Meier,Lung,Female,60 to 69,agesex,None,ULSM
n.risk,152,77,51,20,10,<10,<10,<10,<10,<10,<10,<10,<10,<10,<10,<10,0,0,0,Kaplan-Meier,Lung,Male,60 to 69,agesex,None,ULSM
n.event,0,47,16,14,<10,<10,0,<10,0,0,0,0,0,0,0,0,0,0,0,Kaplan-Meier,Lung,Male,60 to 69,agesex,None,ULSM
n.risk,23,<10,<10,<10,<10,<10,<10,<10,<10,<10,<10,<10,0,0,0,0,0,0,0,Kaplan-Meier,Lung,Female,70 to 79,agesex,None,ULSM
n.event,0,<10,<10,0,0,0,0,0,0,0,0,0,<10,0,0,0,0,0,0,Kaplan-Meier,Lung,Female,70 to 79,agesex,None,ULSM
n.risk,112,37,20,<10,<10,<10,<10,<10,<10,<10,0,0,0,0,0,0,0,0,0,Kaplan-Meier,Lung,Male,70 to 79,agesex,None,ULSM
n.event,0,41,<10,<10,<10,<10,0,0,0,0,0,0,0,0,0,0,0,0,0,Kaplan-Meier,Lung,Male,70 to 79,agesex,None,ULSM
n.risk,14,<10,<10,0,0,0,0,0,0,0,0,0,0,0,0,0,0,0,0,Kaplan-Meier,Lung,Female,80 +,agesex,None,ULSM
n.event,0,<10,0,0,0,0,0,0,0,0,0,0,0,0,0,0,0,0,0,Kaplan-Meier,Lung,Female,80 +,agesex,None,ULSM
n.risk,50,17,<10,<10,<10,<10,<10,<10,0,0,0,0,0,0,0,0,0,0,0,Kaplan-Meier,Lung,Male,80 +,agesex,None,ULSM
n.event,0,23,<10,<10,0,0,0,0,0,0,0,0,0,0,0,0,0,0,0,Kaplan-Meier,Lung,Male,80 +,agesex,None,ULSM
n.risk,<10,<10,<10,<10,<10,<10,<10,<10,<10,<10,<10,<10,<10,<10,<10,<10,0,0,0,Kaplan-Meier,Pancreatic,Female,18 to 39,agesex,None,ULSM
n.event,0,0,0,0,0,0,0,0,0,0,0,0,0,0,0,0,0,0,0,Kaplan-Meier,Pancreatic,Female,18 to 39,agesex,None,ULSM
n.risk,<10,<10,<10,<10,<10,<10,<10,<10,<10,<10,<10,<10,<10,<10,<10,<10,<10,0,0,Kaplan-Meier,Pancreatic,Male,18 to 39,agesex,None,ULSM
n.event,0,0,0,0,0,0,0,0,0,0,0,0,0,0,0,0,0,0,0,Kaplan-Meier,Pancreatic,Male,18 to 39,agesex,None,ULSM
n.risk,<10,<10,<10,<10,<10,<10,<10,<10,<10,<10,<10,<10,<10,<10,<10,<10,0,0,0,Kaplan-Meier,Pancreatic,Female,40 to 49,agesex,None,ULSM
n.event,0,0,0,0,0,0,0,0,0,0,0,0,0,0,0,0,0,0,0,Kaplan-Meier,Pancreatic,Female,40 to 49,agesex,None,ULSM
n.risk,12,<10,<10,<10,<10,<10,<10,<10,<10,<10,<10,<10,<10,<10,<10,0,0,0,0,Kaplan-Meier,Pancreatic,Male,40 to 49,agesex,None,ULSM
n.event,0,<10,0,0,0,0,0,0,0,0,0,0,0,0,0,0,0,0,0,Kaplan-Meier,Pancreatic,Male,40 to 49,agesex,None,ULSM
n.risk,23,14,12,<10,<10,<10,<10,<10,<10,<10,<10,<10,<10,<10,<10,0,0,0,0,Kaplan-Meier,Pancreatic,Female,50 to 59,agesex,None,ULSM
n.event,0,<10,<10,<10,0,0,0,0,0,0,0,0,0,0,0,0,0,0,0,Kaplan-Meier,Pancreatic,Female,50 to 59,agesex,None,ULSM
n.risk,21,13,10,<10,<10,<10,<10,<10,<10,<10,<10,<10,<10,<10,<10,<10,0,0,0,Kaplan-Meier,Pancreatic,Male,50 to 59,agesex,None,ULSM
n.event,0,<10,<10,<10,<10,<10,0,<10,0,0,0,0,0,0,0,0,0,0,0,Kaplan-Meier,Pancreatic,Male,50 to 59,agesex,None,ULSM
n.risk,27,19,15,<10,<10,<10,<10,<10,<10,<10,<10,0,0,0,0,0,0,0,0,Kaplan-Meier,Pancreatic,Female,60 to 69,agesex,None,ULSM
n.event,0,<10,0,<10,0,0,0,0,0,0,0,0,0,0,0,0,0,0,0,Kaplan-Meier,Pancreatic,Female,60 to 69,agesex,None,ULSM
n.risk,34,15,12,<10,<10,<10,<10,<10,<10,<10,<10,<10,<10,0,0,0,0,0,0,Kaplan-Meier,Pancreatic,Male,60 to 69,agesex,None,ULSM
n.event,0,<10,<10,<10,0,0,<10,0,0,0,0,0,0,<10,0,0,0,0,0,Kaplan-Meier,Pancreatic,Male,60 to 69,agesex,None,ULSM
n.risk,53,25,18,12,<10,<10,<10,<10,<10,<10,<10,0,0,0,0,0,0,0,0,Kaplan-Meier,Pancreatic,Female,70 to 79,agesex,None,ULSM
n.event,0,11,<10,<10,<10,0,0,0,<10,0,0,0,0,0,0,0,0,0,0,Kaplan-Meier,Pancreatic,Female,70 to 79,agesex,None,ULSM
n.risk,35,16,<10,<10,<10,<10,<10,<10,0,0,0,0,0,0,0,0,0,0,0,Kaplan-Meier,Pancreatic,Male,70 to 79,agesex,None,ULSM
n.event,0,<10,<10,<10,<10,0,0,0,0,0,0,0,0,0,0,0,0,0,0,Kaplan-Meier,Pancreatic,Male,70 to 79,agesex,None,ULSM
n.risk,30,<10,<10,<10,<10,<10,<10,<10,0,0,0,0,0,0,0,0,0,0,0,Kaplan-Meier,Pancreatic,Female,80 +,agesex,None,ULSM
n.event,0,10,<10,0,0,0,0,0,<10,0,0,0,0,0,0,0,0,0,0,Kaplan-Meier,Pancreatic,Female,80 +,agesex,None,ULSM
n.risk,25,11,<10,<10,<10,<10,<10,0,0,0,0,0,0,0,0,0,0,0,0,Kaplan-Meier,Pancreatic,Male,80 +,agesex,None,ULSM
n.event,0,<10,<10,<10,0,0,0,0,0,0,0,0,0,0,0,0,0,0,0,Kaplan-Meier,Pancreatic,Male,80 +,agesex,None,ULSM
n.risk,24,17,14,12,10,10,<10,<10,<10,<10,<10,<10,<10,<10,<10,0,0,0,0,Kaplan-Meier,Stomach,Male,18 to 39,agesex,None,ULSM
n.event,0,<10,<10,0,0,0,<10,0,0,0,0,0,0,0,0,0,0,0,0,Kaplan-Meier,Stomach,Male,18 to 39,agesex,None,ULSM
n.risk,49,43,39,32,30,28,23,20,16,13,13,12,11,<10,<10,<10,<10,<10,0,Kaplan-Meier,Stomach,Female,40 to 49,agesex,None,ULSM
n.event,0,<10,<10,<10,0,0,0,0,0,0,0,0,0,0,0,0,0,0,0,Kaplan-Meier,Stomach,Female,40 to 49,agesex,None,ULSM
n.risk,38,31,25,19,14,13,13,13,11,<10,<10,<10,<10,<10,<10,<10,<10,<10,0,Kaplan-Meier,Stomach,Male,40 to 49,agesex,None,ULSM
n.event,0,<10,<10,<10,<10,0,0,0,0,0,0,0,0,0,0,0,0,0,0,Kaplan-Meier,Stomach,Male,40 to 49,agesex,None,ULSM
n.risk,80,65,58,52,51,48,41,39,37,32,29,25,23,21,17,14,10,<10,<10,Kaplan-Meier,Stomach,Female,50 to 59,agesex,None,ULSM
n.event,0,<10,<10,<10,<10,0,0,0,0,0,0,0,0,0,0,0,0,0,0,Kaplan-Meier,Stomach,Female,50 to 59,agesex,None,ULSM
n.risk,101,75,65,49,41,38,35,29,21,19,18,11,<10,<10,<10,<10,<10,<10,0,Kaplan-Meier,Stomach,Male,50 to 59,agesex,None,ULSM
n.event,0,13,<10,<10,<10,<10,0,0,<10,0,0,<10,0,0,0,0,0,0,0,Kaplan-Meier,Stomach,Male,50 to 59,agesex,None,ULSM
n.risk,85,73,63,52,46,41,34,30,24,20,17,15,12,<10,<10,<10,<10,<10,0,Kaplan-Meier,Stomach,Female,60 to 69,agesex,None,ULSM
n.event,0,<10,<10,<10,0,0,<10,0,<10,0,0,0,0,0,0,0,<10,0,0,Kaplan-Meier,Stomach,Female,60 to 69,agesex,None,ULSM
n.risk,172,130,101,73,59,47,37,33,29,20,18,16,10,<10,<10,<10,<10,<10,0,Kaplan-Meier,Stomach,Male,60 to 69,agesex,None,ULSM
n.event,0,19,13,14,<10,0,<10,0,0,0,0,<10,0,<10,0,<10,0,0,0,Kaplan-Meier,Stomach,Male,60 to 69,agesex,None,ULSM
n.risk,137,89,75,58,53,39,30,23,20,17,12,<10,<10,<10,<10,<10,<10,0,0,Kaplan-Meier,Stomach,Female,70 to 79,agesex,None,ULSM
n.event,0,20,<10,<10,<10,<10,<10,<10,0,0,<10,<10,0,<10,0,<10,0,0,0,Kaplan-Meier,Stomach,Female,70 to 79,agesex,None,ULSM
n.risk,156,105,83,53,39,30,26,24,22,19,12,11,10,<10,<10,0,0,0,0,Kaplan-Meier,Stomach,Male,70 to 79,agesex,None,ULSM
n.event,0,23,<10,12,<10,<10,<10,<10,0,0,<10,0,0,0,0,0,0,0,0,Kaplan-Meier,Stomach,Male,70 to 79,agesex,None,ULSM
n.risk,101,57,38,26,19,13,<10,<10,<10,<10,<10,<10,<10,0,0,0,0,0,0,Kaplan-Meier,Stomach,Female,80 +,agesex,None,ULSM
n.event,0,15,<10,<10,<10,<10,0,0,0,0,<10,0,0,0,0,0,0,0,0,Kaplan-Meier,Stomach,Female,80 +,agesex,None,ULSM
n.risk,76,39,29,17,15,14,<10,<10,<10,<10,<10,<10,<10,0,0,0,0,0,0,Kaplan-Meier,Stomach,Male,80 +,agesex,None,ULSM
n.event,0,17,<10,<10,<10,0,<10,<10,<10,0,0,0,0,<10,0,0,0,0,0,Kaplan-Meier,Stomach,Male,80 +,agesex,None,ULSM
