trisk,df,logLik,AIC,BIC,Method,Cancer,Age,Sex,Stratification,Adjustment,Database
10866.027397260274,2,-5125.836413706499,10255.672827412998,10266.768885352869,Gompertz,Breast,All,Both,None,None,ULSM
10866.027397260274,2,-5195.962578682083,10395.925157364167,10407.021215304037,WeibullPH,Breast,All,Both,None,None,ULSM
10866.027397260274,1,-5207.962106805996,10417.924213611992,10423.472242581927,Exponential,Breast,All,Both,None,None,ULSM
10866.027397260274,2,-5458.115469361686,10920.230938723373,10931.326996663243,Log-logistic,Breast,All,Both,None,None,ULSM
10866.027397260274,2,-5561.317230188343,11126.634460376687,11137.730518316557,Log-normal,Breast,All,Both,None,None,ULSM
10866.027397260274,3,-5073.233710839388,10152.467421678775,10169.11150858858,Generalised Gamma,Breast,All,Both,None,None,ULSM
8248.846575342466,2,-4524.024297038096,9052.048594076192,9063.034114678037,Gompertz,Colorectal,All,Both,None,None,ULSM
8248.846575342466,2,-4511.364663828593,9026.729327657185,9037.714848259031,WeibullPH,Colorectal,All,Both,None,None,ULSM
8248.846575342466,1,-4532.497705451042,9066.995410902084,9072.488171203006,Exponential,Colorectal,All,Both,None,None,ULSM
8248.846575342466,2,-4741.6829931665325,9487.365986333065,9498.35150693491,Log-logistic,Colorectal,All,Both,None,None,ULSM
8248.846575342466,2,-4778.0011447107045,9560.002289421409,9570.987810023254,Log-normal,Colorectal,All,Both,None,None,ULSM
8248.846575342466,3,-4405.172623635914,8816.345247271827,8832.823528174595,Generalised Gamma,Colorectal,All,Both,None,None,ULSM
3096.276712328767,2,-1715.0700295682798,3434.1400591365596,3443.1930488557014,Gompertz,Head_and_neck,All,Both,None,None,ULSM
3096.276712328767,2,-1698.8963926681922,3401.7927853363844,3410.8457750555262,WeibullPH,Head_and_neck,All,Both,None,None,ULSM
3096.276712328767,1,-1715.3276912337517,3432.6553824675034,3437.1818773270743,Exponential,Head_and_neck,All,Both,None,None,ULSM
3096.276712328767,2,-1776.213263675186,3556.426527350372,3565.479517069514,Log-logistic,Head_and_neck,All,Both,None,None,ULSM
3096.276712328767,2,-1779.9999707433576,3563.999941486715,3573.052931205857,Log-normal,Head_and_neck,All,Both,None,None,ULSM
3096.276712328767,3,-1668.8326339287732,3343.6652678575465,3357.2447524362588,Generalised Gamma,Head_and_neck,All,Both,None,None,ULSM
431.12602739726026,2,-375.12671751841714,754.2534350368343,762.757242803166,Gompertz,Lung,All,Both,None,None,ULSM
431.12602739726026,2,-371.31073833603915,746.6214766720783,755.1252844384101,WeibullPH,Lung,All,Both,None,None,ULSM
431.12602739726026,1,-422.723720426579,847.447440853158,851.699344736324,Exponential,Lung,All,Both,None,None,ULSM
431.12602739726026,2,-366.89243283819985,737.7848656763997,746.2886734427315,Log-logistic,Lung,All,Both,None,None,ULSM
431.12602739726026,2,-361.5902166544994,727.1804333089988,735.6842410753305,Log-normal,Lung,All,Both,None,None,ULSM
431.12602739726026,3,-356.25056646509194,718.5011329301839,731.2568445796816,Generalised Gamma,Lung,All,Both,None,None,ULSM
611.9780821917808,2,-465.2591869773209,934.5183739546418,941.8442949149137,Gompertz,Pancreatic,All,Both,None,None,ULSM
611.9780821917808,2,-409.5961984958305,823.192396991661,830.5183179519329,WeibullPH,Pancreatic,All,Both,None,None,ULSM
611.9780821917808,1,-505.07596463700725,1012.1519292740145,1015.8148897541504,Exponential,Pancreatic,All,Both,None,None,ULSM
611.9780821917808,2,-414.7938424350067,833.5876848700134,840.9136058302853,Log-logistic,Pancreatic,All,Both,None,None,ULSM
611.9780821917808,2,-407.3324697950442,818.6649395900884,825.9908605503603,Log-normal,Pancreatic,All,Both,None,None,ULSM
611.9780821917808,3,-404.89933920047673,815.7986784009535,826.7875598413613,Generalised Gamma,Pancreatic,All,Both,None,None,ULSM
5907.65205479452,2,-3218.453407064365,6440.90681412873,6451.220726857961,Gompertz,Prostate,All,Male,None,None,ULSM
5907.65205479452,2,-3242.1993618463034,6488.398723692607,6498.712636421838,WeibullPH,Prostate,All,Male,None,None,ULSM
5907.65205479452,1,-3242.2017928942773,6486.403585788555,6491.56054215317,Exponential,Prostate,All,Male,None,None,ULSM
5907.65205479452,2,-3412.065754259882,6828.131508519764,6838.445421248995,Log-logistic,Prostate,All,Male,None,None,ULSM
5907.65205479452,2,-3447.1779190006546,6898.355838001309,6908.669750730541,Log-normal,Prostate,All,Male,None,None,ULSM
5907.65205479452,3,-3180.8314404118005,6367.662880823601,6383.133749917448,Generalised Gamma,Prostate,All,Male,None,None,ULSM
3985.7342465753422,2,-2493.8035488655337,4991.607097731067,5001.620488184742,Gompertz,Stomach,All,Both,None,None,ULSM
3985.7342465753422,2,-2379.574067889406,4763.148135778812,4773.161526232486,WeibullPH,Stomach,All,Both,None,None,ULSM
3985.7342465753422,1,-2521.294886406517,5044.589772813034,5049.596468039871,Exponential,Stomach,All,Both,None,None,ULSM
3985.7342465753422,2,-2465.7426542094913,4935.485308418983,4945.498698872657,Log-logistic,Stomach,All,Both,None,None,ULSM
3985.7342465753422,2,-2445.57677757808,4895.15355515616,4905.166945609834,Log-normal,Stomach,All,Both,None,None,ULSM
3985.7342465753422,3,-2374.309109814162,4754.618219628324,4769.638305308836,Generalised Gamma,Stomach,All,Both,None,None,ULSM
10866.027397260274,3,-5125.23188847461,10256.46377694922,10273.107863859024,Gompertz,Breast,All,Female,None,Sex,ULSM
10866.027397260274,3,-5125.23188847461,10256.46377694922,10273.107863859024,Gompertz,Breast,All,Male,None,Sex,ULSM
10866.027397260274,3,-5195.299977736825,10396.59995547365,10413.244042383454,WeibullPH,Breast,All,Female,None,Sex,ULSM
10866.027397260274,3,-5195.299977736825,10396.59995547365,10413.244042383454,WeibullPH,Breast,All,Male,None,Sex,ULSM
10866.027397260274,2,-5207.323481553503,10418.646963107007,10429.743021046877,Exponential,Breast,All,Female,None,Sex,ULSM
10866.027397260274,2,-5207.323481553503,10418.646963107007,10429.743021046877,Exponential,Breast,All,Male,None,Sex,ULSM
10866.027397260274,3,-5456.133993538875,10918.26798707775,10934.912073987554,Log-logistic,Breast,All,Female,None,Sex,ULSM
10866.027397260274,3,-5456.133993538875,10918.26798707775,10934.912073987554,Log-logistic,Breast,All,Male,None,Sex,ULSM
10866.027397260274,3,-5559.948285889794,11125.896571779587,11142.540658689391,Log-normal,Breast,All,Female,None,Sex,ULSM
10866.027397260274,3,-5559.948285889794,11125.896571779587,11142.540658689391,Log-normal,Breast,All,Male,None,Sex,ULSM
10866.027397260274,4,-5073.225010804191,10154.450021608382,10176.642137488121,Generalised Gamma,Breast,All,Female,None,Sex,ULSM
10866.027397260274,4,-5073.225010804191,10154.450021608382,10176.642137488121,Generalised Gamma,Breast,All,Male,None,Sex,ULSM
8248.846575342466,3,-4519.932174876389,9045.864349752777,9062.342630655545,Gompertz,Colorectal,All,Female,None,Sex,ULSM
8248.846575342466,3,-4519.932174876389,9045.864349752777,9062.342630655545,Gompertz,Colorectal,All,Male,None,Sex,ULSM
8248.846575342466,3,-4508.14245071458,9022.28490142916,9038.763182331928,WeibullPH,Colorectal,All,Female,None,Sex,ULSM
8248.846575342466,3,-4508.14245071458,9022.28490142916,9038.763182331928,WeibullPH,Colorectal,All,Male,None,Sex,ULSM
8248.846575342466,2,-4528.805074499321,9061.610148998641,9072.595669600487,Exponential,Colorectal,All,Female,None,Sex,ULSM
8248.846575342466,2,-4528.805074499321,9061.610148998641,9072.595669600487,Exponential,Colorectal,All,Male,None,Sex,ULSM
8248.846575342466,3,-4736.783635258625,9479.56727051725,9496.045551420017,Log-logistic,Colorectal,All,Female,None,Sex,ULSM
8248.846575342466,3,-4736.783635258625,9479.56727051725,9496.045551420017,Log-logistic,Colorectal,All,Male,None,Sex,ULSM
8248.846575342466,3,-4773.512655046084,9553.025310092167,9569.503590994935,Log-normal,Colorectal,All,Female,None,Sex,ULSM
8248.846575342466,3,-4773.512655046084,9553.025310092167,9569.503590994935,Log-normal,Colorectal,All,Male,None,Sex,ULSM
8248.846575342466,4,-4402.755319673908,8813.510639347816,8835.481680551506,Generalised Gamma,Colorectal,All,Female,None,Sex,ULSM
8248.846575342466,4,-4402.755319673908,8813.510639347816,8835.481680551506,Generalised Gamma,Colorectal,All,Male,None,Sex,ULSM
3096.276712328767,3,-1701.3238990328207,3408.6477980656414,3422.2272826443536,Gompertz,Head_and_neck,All,Female,None,Sex,ULSM
3096.276712328767,3,-1701.3238990328207,3408.6477980656414,3422.2272826443536,Gompertz,Head_and_neck,All,Male,None,Sex,ULSM
3096.276712328767,3,-1688.2634700429462,3382.5269400858924,3396.1064246646047,WeibullPH,Head_and_neck,All,Female,None,Sex,ULSM
3096.276712328767,3,-1688.2634700429462,3382.5269400858924,3396.1064246646047,WeibullPH,Head_and_neck,All,Male,None,Sex,ULSM
3096.276712328767,2,-1702.1761092364618,3408.3522184729236,3417.4052081920654,Exponential,Head_and_neck,All,Female,None,Sex,ULSM
3096.276712328767,2,-1702.1761092364618,3408.3522184729236,3417.4052081920654,Exponential,Head_and_neck,All,Male,None,Sex,ULSM
3096.276712328767,3,-1762.323032630174,3530.646065260348,3544.2255498390605,Log-logistic,Head_and_neck,All,Female,None,Sex,ULSM
3096.276712328767,3,-1762.323032630174,3530.646065260348,3544.2255498390605,Log-logistic,Head_and_neck,All,Male,None,Sex,ULSM
3096.276712328767,3,-1768.8133777147368,3543.6267554294736,3557.206240008186,Log-normal,Head_and_neck,All,Female,None,Sex,ULSM
3096.276712328767,3,-1768.8133777147368,3543.6267554294736,3557.206240008186,Log-normal,Head_and_neck,All,Male,None,Sex,ULSM
3096.276712328767,4,-1661.816102961973,3331.632205923946,3349.738185362229,Generalised Gamma,Head_and_neck,All,Female,None,Sex,ULSM
3096.276712328767,4,-1661.816102961973,3331.632205923946,3349.738185362229,Generalised Gamma,Head_and_neck,All,Male,None,Sex,ULSM
431.12602739726026,3,-372.91345336161254,751.8269067232251,764.5826183727228,Gompertz,Lung,All,Female,None,Sex,ULSM
431.12602739726026,3,-372.91345336161254,751.8269067232251,764.5826183727228,Gompertz,Lung,All,Male,None,Sex,ULSM
431.12602739726026,3,-369.1142568893046,744.2285137786092,756.9842254281069,WeibullPH,Lung,All,Female,None,Sex,ULSM
431.12602739726026,3,-369.1142568893046,744.2285137786092,756.9842254281069,WeibullPH,Lung,All,Male,None,Sex,ULSM
431.12602739726026,2,-418.29766220426023,840.5953244085205,849.0991321748522,Exponential,Lung,All,Female,None,Sex,ULSM
431.12602739726026,2,-418.29766220426023,840.5953244085205,849.0991321748522,Exponential,Lung,All,Male,None,Sex,ULSM
431.12602739726026,3,-366.34252456429385,738.6850491285877,751.4407607780854,Log-logistic,Lung,All,Female,None,Sex,ULSM
431.12602739726026,3,-366.34252456429385,738.6850491285877,751.4407607780854,Log-logistic,Lung,All,Male,None,Sex,ULSM
431.12602739726026,3,-361.24691662938966,728.4938332587793,741.249544908277,Log-normal,Lung,All,Female,None,Sex,ULSM
431.12602739726026,3,-361.24691662938966,728.4938332587793,741.249544908277,Log-normal,Lung,All,Male,None,Sex,ULSM
431.12602739726026,4,-355.27169280131795,718.5433856026359,735.5510011352994,Generalised Gamma,Lung,All,Female,None,Sex,ULSM
431.12602739726026,4,-355.27169280131795,718.5433856026359,735.5510011352994,Generalised Gamma,Lung,All,Male,None,Sex,ULSM
611.9780821917808,3,-463.91258393660587,933.8251678732117,944.8140493136195,Gompertz,Pancreatic,All,Female,None,Sex,ULSM
611.9780821917808,3,-463.91258393660587,933.8251678732117,944.8140493136195,Gompertz,Pancreatic,All,Male,None,Sex,ULSM
611.9780821917808,3,-408.6881678883425,823.376335776685,834.3652172170928,WeibullPH,Pancreatic,All,Female,None,Sex,ULSM
611.9780821917808,3,-408.6881678883425,823.376335776685,834.3652172170928,WeibullPH,Pancreatic,All,Male,None,Sex,ULSM
611.9780821917808,2,-503.3401518663351,1010.6803037326702,1018.006224692942,Exponential,Pancreatic,All,Female,None,Sex,ULSM
611.9780821917808,2,-503.3401518663351,1010.6803037326702,1018.006224692942,Exponential,Pancreatic,All,Male,None,Sex,ULSM
611.9780821917808,3,-413.6817573419782,833.3635146839564,844.3523961243642,Log-logistic,Pancreatic,All,Female,None,Sex,ULSM
611.9780821917808,3,-413.6817573419782,833.3635146839564,844.3523961243642,Log-logistic,Pancreatic,All,Male,None,Sex,ULSM
611.9780821917808,3,-406.6450349039786,819.2900698079573,830.278951248365,Log-normal,Pancreatic,All,Female,None,Sex,ULSM
611.9780821917808,3,-406.6450349039786,819.2900698079573,830.278951248365,Log-normal,Pancreatic,All,Male,None,Sex,ULSM
611.9780821917808,4,-404.01109124472043,816.0221824894409,830.6740244099847,Generalised Gamma,Pancreatic,All,Female,None,Sex,ULSM
611.9780821917808,4,-404.01109124472043,816.0221824894409,830.6740244099847,Generalised Gamma,Pancreatic,All,Male,None,Sex,ULSM
3985.7342465753422,3,-2478.8741443040776,4963.748288608155,4978.768374288667,Gompertz,Stomach,All,Female,None,Sex,ULSM
3985.7342465753422,3,-2478.8741443040776,4963.748288608155,4978.768374288667,Gompertz,Stomach,All,Male,None,Sex,ULSM
3985.7342465753422,3,-2368.636065382975,4743.27213076595,4758.292216446462,WeibullPH,Stomach,All,Female,None,Sex,ULSM
3985.7342465753422,3,-2368.636065382975,4743.27213076595,4758.292216446462,WeibullPH,Stomach,All,Male,None,Sex,ULSM
3985.7342465753422,2,-2501.410615815224,5006.821231630448,5016.834622084122,Exponential,Stomach,All,Female,None,Sex,ULSM
3985.7342465753422,2,-2501.410615815224,5006.821231630448,5016.834622084122,Exponential,Stomach,All,Male,None,Sex,ULSM
3985.7342465753422,3,-2457.300891917285,4920.60178383457,4935.621869515081,Log-logistic,Stomach,All,Female,None,Sex,ULSM
3985.7342465753422,3,-2457.300891917285,4920.60178383457,4935.621869515081,Log-logistic,Stomach,All,Male,None,Sex,ULSM
3985.7342465753422,3,-2439.1973286348643,4884.394657269729,4899.41474295024,Log-normal,Stomach,All,Female,None,Sex,ULSM
3985.7342465753422,3,-2439.1973286348643,4884.394657269729,4899.41474295024,Log-normal,Stomach,All,Male,None,Sex,ULSM
3985.7342465753422,4,-2362.7115110343047,4733.4230220686095,4753.449802975958,Generalised Gamma,Stomach,All,Female,None,Sex,ULSM
3985.7342465753422,4,-2362.7115110343047,4733.4230220686095,4753.449802975958,Generalised Gamma,Stomach,All,Male,None,Sex,ULSM
9644.317808219179,2,-4515.28235053072,9034.56470106144,9045.403462227277,Gompertz,Breast,All,Female,Sex,None,ULSM
9644.317808219179,2,-4581.206185507996,9166.412371015993,9177.251132181831,WeibullPH,Breast,All,Female,Sex,None,ULSM
9644.317808219179,1,-4594.912341184994,9191.824682369988,9197.244062952906,Exponential,Breast,All,Female,Sex,None,ULSM
9644.317808219179,2,-4815.027118290736,9634.054236581473,9644.89299774731,Log-logistic,Breast,All,Female,Sex,None,ULSM
9644.317808219179,2,-4915.06872317298,9834.13744634596,9844.976207511798,Log-normal,Breast,All,Female,Sex,None,ULSM
9644.317808219179,3,-4471.070604395224,8948.141208790448,8964.399350539205,Generalised Gamma,Breast,All,Female,Sex,None,ULSM
1221.7095890410958,2,-608.404163938711,1220.808327877422,1227.6757718845306,Gompertz,Breast,All,Male,Sex,None,ULSM
1221.7095890410958,2,-612.4081843239618,1228.8163686479236,1235.6838126550322,WeibullPH,Breast,All,Male,Sex,None,ULSM
1221.7095890410958,1,-612.4111403685099,1226.8222807370198,1230.256002740574,Exponential,Breast,All,Male,Sex,None,ULSM
1221.7095890410958,2,-639.8907467182014,1283.7814934364028,1290.6489374435114,Log-logistic,Breast,All,Male,Sex,None,ULSM
1221.7095890410958,2,-644.7208731678589,1293.4417463357179,1300.3091903428265,Log-normal,Breast,All,Male,Sex,None,ULSM
1221.7095890410958,3,-600.9101854405958,1207.8203708811916,1218.1215368918542,Generalised Gamma,Breast,All,Male,Sex,None,ULSM
4386.413698630137,2,-2311.008271805725,4626.01654361145,4635.6146553355675,Gompertz,Colorectal,All,Female,Sex,None,ULSM
4386.413698630137,2,-2316.973096319755,4637.94619263951,4647.544304363627,WeibullPH,Colorectal,All,Female,Sex,None,ULSM
4386.413698630137,1,-2320.728612348622,4643.457224697244,4648.2562805593025,Exponential,Colorectal,All,Female,Sex,None,ULSM
4386.413698630137,2,-2437.148718824496,4878.297437648992,4887.895549373109,Log-logistic,Colorectal,All,Female,Sex,None,ULSM
4386.413698630137,2,-2465.288338442055,4934.57667688411,4944.174788608228,Log-normal,Colorectal,All,Female,Sex,None,ULSM
4386.413698630137,3,-2260.07677221847,4526.15354443694,4540.550712023117,Generalised Gamma,Colorectal,All,Female,Sex,None,ULSM
3862.432876712329,2,-2206.9982616595585,4417.996523319117,4427.596863455721,Gompertz,Colorectal,All,Male,Sex,None,ULSM
3862.432876712329,2,-2188.4098274453595,4380.819654890719,4390.419995027323,WeibullPH,Colorectal,All,Male,Sex,None,ULSM
3862.432876712329,1,-2208.0764621506983,4418.1529243013965,4422.953094369699,Exponential,Colorectal,All,Male,Sex,None,ULSM
3862.432876712329,2,-2297.663008950906,4599.326017901812,4608.926358038416,Log-logistic,Colorectal,All,Male,Sex,None,ULSM
3862.432876712329,2,-2307.1668137230777,4618.333627446155,4627.93396758276,Log-normal,Colorectal,All,Male,Sex,None,ULSM
3862.432876712329,3,-2140.54626059062,4287.09252118124,4301.493031386147,Generalised Gamma,Colorectal,All,Male,Sex,None,ULSM
1273.6794520547944,2,-592.6116986259171,1189.2233972518343,1195.9739540672026,Gompertz,Head_and_neck,All,Female,Sex,None,ULSM
1273.6794520547944,2,-599.2655501266424,1202.5311002532849,1209.2816570686532,WeibullPH,Head_and_neck,All,Female,Sex,None,ULSM
1273.6794520547944,1,-599.2675464881858,1200.5350929763715,1203.9103713840557,Exponential,Head_and_neck,All,Female,Sex,None,ULSM
1273.6794520547944,2,-631.0934595533168,1266.1869191066337,1272.937475922002,Log-logistic,Head_and_neck,All,Female,Sex,None,ULSM
1273.6794520547944,2,-641.077492432867,1286.154984865734,1292.9055416811022,Log-normal,Head_and_neck,All,Female,Sex,None,ULSM
1273.6794520547944,3,-575.1101605101738,1156.2203210203477,1166.3461562434002,Generalised Gamma,Head_and_neck,All,Female,Sex,None,ULSM
1822.5972602739726,2,-1102.1889483569478,2208.3778967138956,2216.6705552292333,Gompertz,Head_and_neck,All,Male,Sex,None,ULSM
1822.5972602739726,2,-1084.226341519453,2172.452683038906,2180.7453415542436,WeibullPH,Head_and_neck,All,Male,Sex,None,ULSM
1822.5972602739726,1,-1102.908562748276,2207.817125496552,2211.963454754221,Exponential,Head_and_neck,All,Male,Sex,None,ULSM
1822.5972602739726,2,-1128.8882874348215,2261.776574869643,2270.0692333849806,Log-logistic,Head_and_neck,All,Male,Sex,None,ULSM
1822.5972602739726,2,-1126.9718753320722,2257.9437506641443,2266.236409179482,Log-normal,Head_and_neck,All,Male,Sex,None,ULSM
1822.5972602739726,3,-1075.064610661096,2156.129221322192,2168.5682090951987,Generalised Gamma,Head_and_neck,All,Male,Sex,None,ULSM
100.34794520547945,2,-92.30312223715167,188.60624447430334,193.67144346060985,Gompertz,Lung,All,Female,Sex,None,ULSM
100.34794520547945,2,-86.29827048140373,176.59654096280747,181.66173994911398,WeibullPH,Lung,All,Female,Sex,None,ULSM
100.34794520547945,1,-100.07210182091325,202.1442036418265,204.67680313497976,Exponential,Lung,All,Female,Sex,None,ULSM
100.34794520547945,2,-88.78678444070174,181.57356888140347,186.63876786771,Log-logistic,Lung,All,Female,Sex,None,ULSM
100.34794520547945,2,-87.12578094817066,178.25156189634131,183.31676088264783,Log-normal,Lung,All,Female,Sex,None,ULSM
100.34794520547945,3,-85.32888911404328,176.65777822808656,184.2555767075463,Generalised Gamma,Lung,All,Female,Sex,None,ULSM
330.7780821917808,2,-280.47225675989944,564.9445135197989,573.0533922123376,Gompertz,Lung,All,Male,Sex,None,ULSM
330.7780821917808,2,-282.1450696585369,568.2901393170738,576.3990180096125,WeibullPH,Lung,All,Male,Sex,None,ULSM
330.7780821917808,1,-318.225560383347,638.451120766694,642.5055601129634,Exponential,Lung,All,Male,Sex,None,ULSM
330.7780821917808,2,-275.846395463411,555.692790926822,563.8016696193607,Log-logistic,Lung,All,Male,Sex,None,ULSM
330.7780821917808,2,-272.1195382770698,548.2390765541396,556.3479552466783,Log-normal,Lung,All,Male,Sex,None,ULSM
330.7780821917808,3,-268.12766862428475,542.2553372485695,554.4186552873776,Generalised Gamma,Lung,All,Male,Sex,None,ULSM
358.38904109589043,2,-266.64863461447766,537.2972692289553,543.3581450717402,Gompertz,Pancreatic,All,Female,Sex,None,ULSM
358.38904109589043,2,-236.79233484273925,477.5846696854785,483.64554552826337,WeibullPH,Pancreatic,All,Female,Sex,None,ULSM
358.38904109589043,1,-283.2307208370391,568.4614416740782,571.4918795954707,Exponential,Pancreatic,All,Female,Sex,None,ULSM
358.38904109589043,2,-242.69754473877362,489.39508947754723,495.4559653203321,Log-logistic,Pancreatic,All,Female,Sex,None,ULSM
358.38904109589043,2,-239.69887685751945,483.3977537150389,489.45862955782377,Log-normal,Pancreatic,All,Female,Sex,None,ULSM
358.38904109589043,3,-236.099630827625,478.19926165525,487.2905754194273,Generalised Gamma,Pancreatic,All,Female,Sex,None,ULSM
253.58904109589042,2,-196.47048749129505,396.9409749825901,402.75152453946697,Gompertz,Pancreatic,All,Male,Sex,None,ULSM
253.58904109589042,2,-171.86517034032093,347.73034068064186,353.54089023751874,WeibullPH,Pancreatic,All,Male,Sex,None,ULSM
253.58904109589042,1,-220.10943102929602,442.21886205859204,445.12413683703045,Exponential,Pancreatic,All,Male,Sex,None,ULSM
253.58904109589042,2,-170.89847487617743,345.79694975235486,351.60749930923174,Log-logistic,Pancreatic,All,Male,Sex,None,ULSM
253.58904109589042,2,-166.6917470552427,337.3834941104854,343.1940436673623,Log-normal,Pancreatic,All,Male,Sex,None,ULSM
253.58904109589042,3,-166.64085341033922,339.28170682067844,347.9975311559937,Generalised Gamma,Pancreatic,All,Male,Sex,None,ULSM
2257.876712328767,2,-1280.9169877226261,2565.8339754452522,2574.345475528759,Gompertz,Stomach,All,Female,Sex,None,ULSM
2257.876712328767,2,-1228.5683271889015,2461.136654377803,2469.64815446131,WeibullPH,Stomach,All,Female,Sex,None,ULSM
2257.876712328767,1,-1285.0100826625458,2572.0201653250915,2576.275915366845,Exponential,Stomach,All,Female,Sex,None,ULSM
2257.876712328767,2,-1282.30935555377,2568.61871110754,2577.130211191047,Log-logistic,Stomach,All,Female,Sex,None,ULSM
2257.876712328767,2,-1273.5227780992382,2551.0455561984763,2559.557056281983,Log-normal,Stomach,All,Female,Sex,None,ULSM
2257.876712328767,3,-1198.3753961491493,2402.7507922982986,2415.5180424235587,Generalised Gamma,Stomach,All,Female,Sex,None,ULSM
1727.8575342465754,2,-1192.641887454979,2389.283774909958,2398.020149282659,Gompertz,Stomach,All,Male,Sex,None,ULSM
1727.8575342465754,2,-1140.0020326033316,2284.004065206663,2292.740439579364,WeibullPH,Stomach,All,Male,Sex,None,ULSM
1727.8575342465754,1,-1216.4005331526782,2434.8010663053565,2439.169253491707,Exponential,Stomach,All,Male,Sex,None,ULSM
1727.8575342465754,2,-1174.3471630036445,2352.694326007289,2361.43070037999,Log-logistic,Stomach,All,Male,Sex,None,ULSM
1727.8575342465754,2,-1164.8739502366288,2333.7479004732577,2342.4842748459587,Log-normal,Stomach,All,Male,Sex,None,ULSM
1727.8575342465754,3,-1139.9595704510607,2285.9191409021214,2299.023702461173,Generalised Gamma,Stomach,All,Male,Sex,None,ULSM
10866.027397260274,7,-5061.9520750868405,10137.904150173681,10176.740352963227,Gompertz,Breast,70 to 79,Both,None,Age,ULSM
10866.027397260274,7,-5061.9520750868405,10137.904150173681,10176.740352963227,Gompertz,Breast,18 to 39,Both,None,Age,ULSM
10866.027397260274,7,-5061.9520750868405,10137.904150173681,10176.740352963227,Gompertz,Breast,40 to 49,Both,None,Age,ULSM
10866.027397260274,7,-5061.9520750868405,10137.904150173681,10176.740352963227,Gompertz,Breast,50 to 59,Both,None,Age,ULSM
10866.027397260274,7,-5061.9520750868405,10137.904150173681,10176.740352963227,Gompertz,Breast,60 to 69,Both,None,Age,ULSM
10866.027397260274,7,-5061.9520750868405,10137.904150173681,10176.740352963227,Gompertz,Breast,80 +,Both,None,Age,ULSM
10866.027397260274,7,-5145.134210689462,10304.268421378923,10343.104624168469,WeibullPH,Breast,70 to 79,Both,None,Age,ULSM
10866.027397260274,7,-5145.134210689462,10304.268421378923,10343.104624168469,WeibullPH,Breast,18 to 39,Both,None,Age,ULSM
10866.027397260274,7,-5145.134210689462,10304.268421378923,10343.104624168469,WeibullPH,Breast,40 to 49,Both,None,Age,ULSM
10866.027397260274,7,-5145.134210689462,10304.268421378923,10343.104624168469,WeibullPH,Breast,50 to 59,Both,None,Age,ULSM
10866.027397260274,7,-5145.134210689462,10304.268421378923,10343.104624168469,WeibullPH,Breast,60 to 69,Both,None,Age,ULSM
10866.027397260274,7,-5145.134210689462,10304.268421378923,10343.104624168469,WeibullPH,Breast,80 +,Both,None,Age,ULSM
10866.027397260274,6,-5164.247668824515,10340.49533764903,10373.78351146864,Exponential,Breast,70 to 79,Both,None,Age,ULSM
10866.027397260274,6,-5164.247668824515,10340.49533764903,10373.78351146864,Exponential,Breast,18 to 39,Both,None,Age,ULSM
10866.027397260274,6,-5164.247668824515,10340.49533764903,10373.78351146864,Exponential,Breast,40 to 49,Both,None,Age,ULSM
10866.027397260274,6,-5164.247668824515,10340.49533764903,10373.78351146864,Exponential,Breast,50 to 59,Both,None,Age,ULSM
10866.027397260274,6,-5164.247668824515,10340.49533764903,10373.78351146864,Exponential,Breast,60 to 69,Both,None,Age,ULSM
10866.027397260274,6,-5164.247668824515,10340.49533764903,10373.78351146864,Exponential,Breast,80 +,Both,None,Age,ULSM
10866.027397260274,7,-5400.1856389004815,10814.371277800963,10853.207480590509,Log-logistic,Breast,70 to 79,Both,None,Age,ULSM
10866.027397260274,7,-5400.1856389004815,10814.371277800963,10853.207480590509,Log-logistic,Breast,18 to 39,Both,None,Age,ULSM
10866.027397260274,7,-5400.1856389004815,10814.371277800963,10853.207480590509,Log-logistic,Breast,40 to 49,Both,None,Age,ULSM
10866.027397260274,7,-5400.1856389004815,10814.371277800963,10853.207480590509,Log-logistic,Breast,50 to 59,Both,None,Age,ULSM
10866.027397260274,7,-5400.1856389004815,10814.371277800963,10853.207480590509,Log-logistic,Breast,60 to 69,Both,None,Age,ULSM
10866.027397260274,7,-5400.1856389004815,10814.371277800963,10853.207480590509,Log-logistic,Breast,80 +,Both,None,Age,ULSM
10866.027397260274,7,-5514.592032116326,11043.184064232652,11082.020267022197,Log-normal,Breast,70 to 79,Both,None,Age,ULSM
10866.027397260274,7,-5514.592032116326,11043.184064232652,11082.020267022197,Log-normal,Breast,18 to 39,Both,None,Age,ULSM
10866.027397260274,7,-5514.592032116326,11043.184064232652,11082.020267022197,Log-normal,Breast,40 to 49,Both,None,Age,ULSM
10866.027397260274,7,-5514.592032116326,11043.184064232652,11082.020267022197,Log-normal,Breast,50 to 59,Both,None,Age,ULSM
10866.027397260274,7,-5514.592032116326,11043.184064232652,11082.020267022197,Log-normal,Breast,60 to 69,Both,None,Age,ULSM
10866.027397260274,7,-5514.592032116326,11043.184064232652,11082.020267022197,Log-normal,Breast,80 +,Both,None,Age,ULSM
10866.027397260274,8,-5038.37431418278,10092.74862836556,10137.13286012504,Generalised Gamma,Breast,70 to 79,Both,None,Age,ULSM
10866.027397260274,8,-5038.37431418278,10092.74862836556,10137.13286012504,Generalised Gamma,Breast,18 to 39,Both,None,Age,ULSM
10866.027397260274,8,-5038.37431418278,10092.74862836556,10137.13286012504,Generalised Gamma,Breast,40 to 49,Both,None,Age,ULSM
10866.027397260274,8,-5038.37431418278,10092.74862836556,10137.13286012504,Generalised Gamma,Breast,50 to 59,Both,None,Age,ULSM
10866.027397260274,8,-5038.37431418278,10092.74862836556,10137.13286012504,Generalised Gamma,Breast,60 to 69,Both,None,Age,ULSM
10866.027397260274,8,-5038.37431418278,10092.74862836556,10137.13286012504,Generalised Gamma,Breast,80 +,Both,None,Age,ULSM
8248.846575342466,7,-4420.892858695752,8855.785717391504,8894.23503949796,Gompertz,Colorectal,70 to 79,Both,None,Age,ULSM
8248.846575342466,7,-4420.892858695752,8855.785717391504,8894.23503949796,Gompertz,Colorectal,18 to 39,Both,None,Age,ULSM
8248.846575342466,7,-4420.892858695752,8855.785717391504,8894.23503949796,Gompertz,Colorectal,40 to 49,Both,None,Age,ULSM
8248.846575342466,7,-4420.892858695752,8855.785717391504,8894.23503949796,Gompertz,Colorectal,50 to 59,Both,None,Age,ULSM
8248.846575342466,7,-4420.892858695752,8855.785717391504,8894.23503949796,Gompertz,Colorectal,60 to 69,Both,None,Age,ULSM
8248.846575342466,7,-4420.892858695752,8855.785717391504,8894.23503949796,Gompertz,Colorectal,80 +,Both,None,Age,ULSM
8248.846575342466,7,-4434.961277834129,8883.922555668258,8922.371877774714,WeibullPH,Colorectal,70 to 79,Both,None,Age,ULSM
8248.846575342466,7,-4434.961277834129,8883.922555668258,8922.371877774714,WeibullPH,Colorectal,18 to 39,Both,None,Age,ULSM
8248.846575342466,7,-4434.961277834129,8883.922555668258,8922.371877774714,WeibullPH,Colorectal,40 to 49,Both,None,Age,ULSM
8248.846575342466,7,-4434.961277834129,8883.922555668258,8922.371877774714,WeibullPH,Colorectal,50 to 59,Both,None,Age,ULSM
8248.846575342466,7,-4434.961277834129,8883.922555668258,8922.371877774714,WeibullPH,Colorectal,60 to 69,Both,None,Age,ULSM
8248.846575342466,7,-4434.961277834129,8883.922555668258,8922.371877774714,WeibullPH,Colorectal,80 +,Both,None,Age,ULSM
8248.846575342466,6,-4444.462084861647,8900.924169723294,8933.880731528829,Exponential,Colorectal,70 to 79,Both,None,Age,ULSM
8248.846575342466,6,-4444.462084861647,8900.924169723294,8933.880731528829,Exponential,Colorectal,18 to 39,Both,None,Age,ULSM
8248.846575342466,6,-4444.462084861647,8900.924169723294,8933.880731528829,Exponential,Colorectal,40 to 49,Both,None,Age,ULSM
8248.846575342466,6,-4444.462084861647,8900.924169723294,8933.880731528829,Exponential,Colorectal,50 to 59,Both,None,Age,ULSM
8248.846575342466,6,-4444.462084861647,8900.924169723294,8933.880731528829,Exponential,Colorectal,60 to 69,Both,None,Age,ULSM
8248.846575342466,6,-4444.462084861647,8900.924169723294,8933.880731528829,Exponential,Colorectal,80 +,Both,None,Age,ULSM
8248.846575342466,7,-4654.027863327185,9322.05572665437,9360.505048760826,Log-logistic,Colorectal,70 to 79,Both,None,Age,ULSM
8248.846575342466,7,-4654.027863327185,9322.05572665437,9360.505048760826,Log-logistic,Colorectal,18 to 39,Both,None,Age,ULSM
8248.846575342466,7,-4654.027863327185,9322.05572665437,9360.505048760826,Log-logistic,Colorectal,40 to 49,Both,None,Age,ULSM
8248.846575342466,7,-4654.027863327185,9322.05572665437,9360.505048760826,Log-logistic,Colorectal,50 to 59,Both,None,Age,ULSM
8248.846575342466,7,-4654.027863327185,9322.05572665437,9360.505048760826,Log-logistic,Colorectal,60 to 69,Both,None,Age,ULSM
8248.846575342466,7,-4654.027863327185,9322.05572665437,9360.505048760826,Log-logistic,Colorectal,80 +,Both,None,Age,ULSM
8248.846575342466,7,-4699.537702611377,9413.075405222755,9451.524727329212,Log-normal,Colorectal,70 to 79,Both,None,Age,ULSM
8248.846575342466,7,-4699.537702611377,9413.075405222755,9451.524727329212,Log-normal,Colorectal,18 to 39,Both,None,Age,ULSM
8248.846575342466,7,-4699.537702611377,9413.075405222755,9451.524727329212,Log-normal,Colorectal,40 to 49,Both,None,Age,ULSM
8248.846575342466,7,-4699.537702611377,9413.075405222755,9451.524727329212,Log-normal,Colorectal,50 to 59,Both,None,Age,ULSM
8248.846575342466,7,-4699.537702611377,9413.075405222755,9451.524727329212,Log-normal,Colorectal,60 to 69,Both,None,Age,ULSM
8248.846575342466,7,-4699.537702611377,9413.075405222755,9451.524727329212,Log-normal,Colorectal,80 +,Both,None,Age,ULSM
8248.846575342466,8,-4343.7892297094395,8703.578459418879,8747.520541826258,Generalised Gamma,Colorectal,70 to 79,Both,None,Age,ULSM
8248.846575342466,8,-4343.7892297094395,8703.578459418879,8747.520541826258,Generalised Gamma,Colorectal,18 to 39,Both,None,Age,ULSM
8248.846575342466,8,-4343.7892297094395,8703.578459418879,8747.520541826258,Generalised Gamma,Colorectal,40 to 49,Both,None,Age,ULSM
8248.846575342466,8,-4343.7892297094395,8703.578459418879,8747.520541826258,Generalised Gamma,Colorectal,50 to 59,Both,None,Age,ULSM
8248.846575342466,8,-4343.7892297094395,8703.578459418879,8747.520541826258,Generalised Gamma,Colorectal,60 to 69,Both,None,Age,ULSM
8248.846575342466,8,-4343.7892297094395,8703.578459418879,8747.520541826258,Generalised Gamma,Colorectal,80 +,Both,None,Age,ULSM
3096.276712328767,7,-1705.7489812907152,3425.4979625814303,3457.1834265984257,Gompertz,Head_and_neck,70 to 79,Both,None,Age,ULSM
3096.276712328767,7,-1705.7489812907152,3425.4979625814303,3457.1834265984257,Gompertz,Head_and_neck,18 to 39,Both,None,Age,ULSM
3096.276712328767,7,-1705.7489812907152,3425.4979625814303,3457.1834265984257,Gompertz,Head_and_neck,40 to 49,Both,None,Age,ULSM
3096.276712328767,7,-1705.7489812907152,3425.4979625814303,3457.1834265984257,Gompertz,Head_and_neck,50 to 59,Both,None,Age,ULSM
3096.276712328767,7,-1705.7489812907152,3425.4979625814303,3457.1834265984257,Gompertz,Head_and_neck,60 to 69,Both,None,Age,ULSM
3096.276712328767,7,-1705.7489812907152,3425.4979625814303,3457.1834265984257,Gompertz,Head_and_neck,80 +,Both,None,Age,ULSM
3096.276712328767,7,-1691.9899905024638,3397.9799810049276,3429.665445021923,WeibullPH,Head_and_neck,70 to 79,Both,None,Age,ULSM
3096.276712328767,7,-1691.9899905024638,3397.9799810049276,3429.665445021923,WeibullPH,Head_and_neck,18 to 39,Both,None,Age,ULSM
3096.276712328767,7,-1691.9899905024638,3397.9799810049276,3429.665445021923,WeibullPH,Head_and_neck,40 to 49,Both,None,Age,ULSM
3096.276712328767,7,-1691.9899905024638,3397.9799810049276,3429.665445021923,WeibullPH,Head_and_neck,50 to 59,Both,None,Age,ULSM
3096.276712328767,7,-1691.9899905024638,3397.9799810049276,3429.665445021923,WeibullPH,Head_and_neck,60 to 69,Both,None,Age,ULSM
3096.276712328767,7,-1691.9899905024638,3397.9799810049276,3429.665445021923,WeibullPH,Head_and_neck,80 +,Both,None,Age,ULSM
3096.276712328767,6,-1706.4763931570455,3424.952786314091,3452.111755471516,Exponential,Head_and_neck,70 to 79,Both,None,Age,ULSM
3096.276712328767,6,-1706.4763931570455,3424.952786314091,3452.111755471516,Exponential,Head_and_neck,18 to 39,Both,None,Age,ULSM
3096.276712328767,6,-1706.4763931570455,3424.952786314091,3452.111755471516,Exponential,Head_and_neck,40 to 49,Both,None,Age,ULSM
3096.276712328767,6,-1706.4763931570455,3424.952786314091,3452.111755471516,Exponential,Head_and_neck,50 to 59,Both,None,Age,ULSM
3096.276712328767,6,-1706.4763931570455,3424.952786314091,3452.111755471516,Exponential,Head_and_neck,60 to 69,Both,None,Age,ULSM
3096.276712328767,6,-1706.4763931570455,3424.952786314091,3452.111755471516,Exponential,Head_and_neck,80 +,Both,None,Age,ULSM
3096.276712328767,7,-1768.478452130715,3550.95690426143,3582.6423682784252,Log-logistic,Head_and_neck,70 to 79,Both,None,Age,ULSM
3096.276712328767,7,-1768.478452130715,3550.95690426143,3582.6423682784252,Log-logistic,Head_and_neck,18 to 39,Both,None,Age,ULSM
3096.276712328767,7,-1768.478452130715,3550.95690426143,3582.6423682784252,Log-logistic,Head_and_neck,40 to 49,Both,None,Age,ULSM
3096.276712328767,7,-1768.478452130715,3550.95690426143,3582.6423682784252,Log-logistic,Head_and_neck,50 to 59,Both,None,Age,ULSM
3096.276712328767,7,-1768.478452130715,3550.95690426143,3582.6423682784252,Log-logistic,Head_and_neck,60 to 69,Both,None,Age,ULSM
3096.276712328767,7,-1768.478452130715,3550.95690426143,3582.6423682784252,Log-logistic,Head_and_neck,80 +,Both,None,Age,ULSM
3096.276712328767,7,-1773.9220452297498,3561.8440904594995,3593.529554476495,Log-normal,Head_and_neck,70 to 79,Both,None,Age,ULSM
3096.276712328767,7,-1773.9220452297498,3561.8440904594995,3593.529554476495,Log-normal,Head_and_neck,18 to 39,Both,None,Age,ULSM
3096.276712328767,7,-1773.9220452297498,3561.8440904594995,3593.529554476495,Log-normal,Head_and_neck,40 to 49,Both,None,Age,ULSM
3096.276712328767,7,-1773.9220452297498,3561.8440904594995,3593.529554476495,Log-normal,Head_and_neck,50 to 59,Both,None,Age,ULSM
3096.276712328767,7,-1773.9220452297498,3561.8440904594995,3593.529554476495,Log-normal,Head_and_neck,60 to 69,Both,None,Age,ULSM
3096.276712328767,7,-1773.9220452297498,3561.8440904594995,3593.529554476495,Log-normal,Head_and_neck,80 +,Both,None,Age,ULSM
3096.276712328767,8,-1662.0438175472414,3340.0876350944827,3376.299593971049,Generalised Gamma,Head_and_neck,70 to 79,Both,None,Age,ULSM
3096.276712328767,8,-1662.0438175472414,3340.0876350944827,3376.299593971049,Generalised Gamma,Head_and_neck,18 to 39,Both,None,Age,ULSM
3096.276712328767,8,-1662.0438175472414,3340.0876350944827,3376.299593971049,Generalised Gamma,Head_and_neck,40 to 49,Both,None,Age,ULSM
3096.276712328767,8,-1662.0438175472414,3340.0876350944827,3376.299593971049,Generalised Gamma,Head_and_neck,50 to 59,Both,None,Age,ULSM
3096.276712328767,8,-1662.0438175472414,3340.0876350944827,3376.299593971049,Generalised Gamma,Head_and_neck,60 to 69,Both,None,Age,ULSM
3096.276712328767,8,-1662.0438175472414,3340.0876350944827,3376.299593971049,Generalised Gamma,Head_and_neck,80 +,Both,None,Age,ULSM
431.12602739726026,7,-364.8538121048992,743.7076242097984,773.4709513919596,Gompertz,Lung,70 to 79,Both,None,Age,ULSM
431.12602739726026,7,-364.8538121048992,743.7076242097984,773.4709513919596,Gompertz,Lung,18 to 39,Both,None,Age,ULSM
431.12602739726026,7,-364.8538121048992,743.7076242097984,773.4709513919596,Gompertz,Lung,40 to 49,Both,None,Age,ULSM
431.12602739726026,7,-364.8538121048992,743.7076242097984,773.4709513919596,Gompertz,Lung,50 to 59,Both,None,Age,ULSM
431.12602739726026,7,-364.8538121048992,743.7076242097984,773.4709513919596,Gompertz,Lung,60 to 69,Both,None,Age,ULSM
431.12602739726026,7,-364.8538121048992,743.7076242097984,773.4709513919596,Gompertz,Lung,80 +,Both,None,Age,ULSM
431.12602739726026,7,-362.03613152053924,738.0722630410785,767.8355902232397,WeibullPH,Lung,70 to 79,Both,None,Age,ULSM
431.12602739726026,7,-362.03613152053924,738.0722630410785,767.8355902232397,WeibullPH,Lung,18 to 39,Both,None,Age,ULSM
431.12602739726026,7,-362.03613152053924,738.0722630410785,767.8355902232397,WeibullPH,Lung,40 to 49,Both,None,Age,ULSM
431.12602739726026,7,-362.03613152053924,738.0722630410785,767.8355902232397,WeibullPH,Lung,50 to 59,Both,None,Age,ULSM
431.12602739726026,7,-362.03613152053924,738.0722630410785,767.8355902232397,WeibullPH,Lung,60 to 69,Both,None,Age,ULSM
431.12602739726026,7,-362.03613152053924,738.0722630410785,767.8355902232397,WeibullPH,Lung,80 +,Both,None,Age,ULSM
431.12602739726026,6,-407.2888610918943,826.5777221837886,852.0891454827839,Exponential,Lung,70 to 79,Both,None,Age,ULSM
431.12602739726026,6,-407.2888610918943,826.5777221837886,852.0891454827839,Exponential,Lung,18 to 39,Both,None,Age,ULSM
431.12602739726026,6,-407.2888610918943,826.5777221837886,852.0891454827839,Exponential,Lung,40 to 49,Both,None,Age,ULSM
431.12602739726026,6,-407.2888610918943,826.5777221837886,852.0891454827839,Exponential,Lung,50 to 59,Both,None,Age,ULSM
431.12602739726026,6,-407.2888610918943,826.5777221837886,852.0891454827839,Exponential,Lung,60 to 69,Both,None,Age,ULSM
431.12602739726026,6,-407.2888610918943,826.5777221837886,852.0891454827839,Exponential,Lung,80 +,Both,None,Age,ULSM
431.12602739726026,7,-356.39568064709096,726.7913612941819,756.5546884763431,Log-logistic,Lung,70 to 79,Both,None,Age,ULSM
431.12602739726026,7,-356.39568064709096,726.7913612941819,756.5546884763431,Log-logistic,Lung,18 to 39,Both,None,Age,ULSM
431.12602739726026,7,-356.39568064709096,726.7913612941819,756.5546884763431,Log-logistic,Lung,40 to 49,Both,None,Age,ULSM
431.12602739726026,7,-356.39568064709096,726.7913612941819,756.5546884763431,Log-logistic,Lung,50 to 59,Both,None,Age,ULSM
431.12602739726026,7,-356.39568064709096,726.7913612941819,756.5546884763431,Log-logistic,Lung,60 to 69,Both,None,Age,ULSM
431.12602739726026,7,-356.39568064709096,726.7913612941819,756.5546884763431,Log-logistic,Lung,80 +,Both,None,Age,ULSM
431.12602739726026,7,-352.82832708517986,719.6566541703597,749.419981352521,Log-normal,Lung,70 to 79,Both,None,Age,ULSM
431.12602739726026,7,-352.82832708517986,719.6566541703597,749.419981352521,Log-normal,Lung,18 to 39,Both,None,Age,ULSM
431.12602739726026,7,-352.82832708517986,719.6566541703597,749.419981352521,Log-normal,Lung,40 to 49,Both,None,Age,ULSM
431.12602739726026,7,-352.82832708517986,719.6566541703597,749.419981352521,Log-normal,Lung,50 to 59,Both,None,Age,ULSM
431.12602739726026,7,-352.82832708517986,719.6566541703597,749.419981352521,Log-normal,Lung,60 to 69,Both,None,Age,ULSM
431.12602739726026,7,-352.82832708517986,719.6566541703597,749.419981352521,Log-normal,Lung,80 +,Both,None,Age,ULSM
431.12602739726026,8,-346.98629699658755,709.9725939931751,743.9878250585023,Generalised Gamma,Lung,70 to 79,Both,None,Age,ULSM
431.12602739726026,8,-346.98629699658755,709.9725939931751,743.9878250585023,Generalised Gamma,Lung,18 to 39,Both,None,Age,ULSM
431.12602739726026,8,-346.98629699658755,709.9725939931751,743.9878250585023,Generalised Gamma,Lung,40 to 49,Both,None,Age,ULSM
431.12602739726026,8,-346.98629699658755,709.9725939931751,743.9878250585023,Generalised Gamma,Lung,50 to 59,Both,None,Age,ULSM
431.12602739726026,8,-346.98629699658755,709.9725939931751,743.9878250585023,Generalised Gamma,Lung,60 to 69,Both,None,Age,ULSM
431.12602739726026,8,-346.98629699658755,709.9725939931751,743.9878250585023,Generalised Gamma,Lung,80 +,Both,None,Age,ULSM
611.9780821917808,7,-429.75195951854613,873.5039190370923,899.1446423980439,Gompertz,Pancreatic,70 to 79,Both,None,Age,ULSM
611.9780821917808,7,-429.75195951854613,873.5039190370923,899.1446423980439,Gompertz,Pancreatic,18 to 39,Both,None,Age,ULSM
611.9780821917808,7,-429.75195951854613,873.5039190370923,899.1446423980439,Gompertz,Pancreatic,40 to 49,Both,None,Age,ULSM
611.9780821917808,7,-429.75195951854613,873.5039190370923,899.1446423980439,Gompertz,Pancreatic,50 to 59,Both,None,Age,ULSM
611.9780821917808,7,-429.75195951854613,873.5039190370923,899.1446423980439,Gompertz,Pancreatic,60 to 69,Both,None,Age,ULSM
611.9780821917808,7,-429.75195951854613,873.5039190370923,899.1446423980439,Gompertz,Pancreatic,80 +,Both,None,Age,ULSM
611.9780821917808,7,-382.5761432660622,779.1522865321244,804.793009893076,WeibullPH,Pancreatic,70 to 79,Both,None,Age,ULSM
611.9780821917808,7,-382.5761432660622,779.1522865321244,804.793009893076,WeibullPH,Pancreatic,18 to 39,Both,None,Age,ULSM
611.9780821917808,7,-382.5761432660622,779.1522865321244,804.793009893076,WeibullPH,Pancreatic,40 to 49,Both,None,Age,ULSM
611.9780821917808,7,-382.5761432660622,779.1522865321244,804.793009893076,WeibullPH,Pancreatic,50 to 59,Both,None,Age,ULSM
611.9780821917808,7,-382.5761432660622,779.1522865321244,804.793009893076,WeibullPH,Pancreatic,60 to 69,Both,None,Age,ULSM
611.9780821917808,7,-382.5761432660622,779.1522865321244,804.793009893076,WeibullPH,Pancreatic,80 +,Both,None,Age,ULSM
611.9780821917808,6,-442.86054798310977,897.7210959662195,919.6988588470352,Exponential,Pancreatic,70 to 79,Both,None,Age,ULSM
611.9780821917808,6,-442.86054798310977,897.7210959662195,919.6988588470352,Exponential,Pancreatic,18 to 39,Both,None,Age,ULSM
611.9780821917808,6,-442.86054798310977,897.7210959662195,919.6988588470352,Exponential,Pancreatic,40 to 49,Both,None,Age,ULSM
611.9780821917808,6,-442.86054798310977,897.7210959662195,919.6988588470352,Exponential,Pancreatic,50 to 59,Both,None,Age,ULSM
611.9780821917808,6,-442.86054798310977,897.7210959662195,919.6988588470352,Exponential,Pancreatic,60 to 69,Both,None,Age,ULSM
611.9780821917808,6,-442.86054798310977,897.7210959662195,919.6988588470352,Exponential,Pancreatic,80 +,Both,None,Age,ULSM
611.9780821917808,7,-391.67688045827975,797.3537609165595,822.9944842775111,Log-logistic,Pancreatic,70 to 79,Both,None,Age,ULSM
611.9780821917808,7,-391.67688045827975,797.3537609165595,822.9944842775111,Log-logistic,Pancreatic,18 to 39,Both,None,Age,ULSM
611.9780821917808,7,-391.67688045827975,797.3537609165595,822.9944842775111,Log-logistic,Pancreatic,40 to 49,Both,None,Age,ULSM
611.9780821917808,7,-391.67688045827975,797.3537609165595,822.9944842775111,Log-logistic,Pancreatic,50 to 59,Both,None,Age,ULSM
611.9780821917808,7,-391.67688045827975,797.3537609165595,822.9944842775111,Log-logistic,Pancreatic,60 to 69,Both,None,Age,ULSM
611.9780821917808,7,-391.67688045827975,797.3537609165595,822.9944842775111,Log-logistic,Pancreatic,80 +,Both,None,Age,ULSM
611.9780821917808,7,-384.4452839932395,782.890567986479,808.5312913474306,Log-normal,Pancreatic,70 to 79,Both,None,Age,ULSM
611.9780821917808,7,-384.4452839932395,782.890567986479,808.5312913474306,Log-normal,Pancreatic,18 to 39,Both,None,Age,ULSM
611.9780821917808,7,-384.4452839932395,782.890567986479,808.5312913474306,Log-normal,Pancreatic,40 to 49,Both,None,Age,ULSM
611.9780821917808,7,-384.4452839932395,782.890567986479,808.5312913474306,Log-normal,Pancreatic,50 to 59,Both,None,Age,ULSM
611.9780821917808,7,-384.4452839932395,782.890567986479,808.5312913474306,Log-normal,Pancreatic,60 to 69,Both,None,Age,ULSM
611.9780821917808,7,-384.4452839932395,782.890567986479,808.5312913474306,Log-normal,Pancreatic,80 +,Both,None,Age,ULSM
611.9780821917808,8,-380.24014441645386,776.4802888329077,805.7839726739953,Generalised Gamma,Pancreatic,70 to 79,Both,None,Age,ULSM
611.9780821917808,8,-380.24014441645386,776.4802888329077,805.7839726739953,Generalised Gamma,Pancreatic,18 to 39,Both,None,Age,ULSM
611.9780821917808,8,-380.24014441645386,776.4802888329077,805.7839726739953,Generalised Gamma,Pancreatic,40 to 49,Both,None,Age,ULSM
611.9780821917808,8,-380.24014441645386,776.4802888329077,805.7839726739953,Generalised Gamma,Pancreatic,50 to 59,Both,None,Age,ULSM
611.9780821917808,8,-380.24014441645386,776.4802888329077,805.7839726739953,Generalised Gamma,Pancreatic,60 to 69,Both,None,Age,ULSM
611.9780821917808,8,-380.24014441645386,776.4802888329077,805.7839726739953,Generalised Gamma,Pancreatic,80 +,Both,None,Age,ULSM
5907.65205479452,7,-3145.2614713668177,6304.522942733635,6340.621637285944,Gompertz,Prostate,70 to 79,Male,None,Age,ULSM
5907.65205479452,7,-3145.2614713668177,6304.522942733635,6340.621637285944,Gompertz,Prostate,18 to 39,Male,None,Age,ULSM
5907.65205479452,7,-3145.2614713668177,6304.522942733635,6340.621637285944,Gompertz,Prostate,40 to 49,Male,None,Age,ULSM
5907.65205479452,7,-3145.2614713668177,6304.522942733635,6340.621637285944,Gompertz,Prostate,50 to 59,Male,None,Age,ULSM
5907.65205479452,7,-3145.2614713668177,6304.522942733635,6340.621637285944,Gompertz,Prostate,60 to 69,Male,None,Age,ULSM
5907.65205479452,7,-3145.2614713668177,6304.522942733635,6340.621637285944,Gompertz,Prostate,80 +,Male,None,Age,ULSM
5907.65205479452,7,-3185.495564889658,6384.991129779316,6421.089824331625,WeibullPH,Prostate,70 to 79,Male,None,Age,ULSM
5907.65205479452,7,-3185.495564889658,6384.991129779316,6421.089824331625,WeibullPH,Prostate,18 to 39,Male,None,Age,ULSM
5907.65205479452,7,-3185.495564889658,6384.991129779316,6421.089824331625,WeibullPH,Prostate,40 to 49,Male,None,Age,ULSM
5907.65205479452,7,-3185.495564889658,6384.991129779316,6421.089824331625,WeibullPH,Prostate,50 to 59,Male,None,Age,ULSM
5907.65205479452,7,-3185.495564889658,6384.991129779316,6421.089824331625,WeibullPH,Prostate,60 to 69,Male,None,Age,ULSM
5907.65205479452,7,-3185.495564889658,6384.991129779316,6421.089824331625,WeibullPH,Prostate,80 +,Male,None,Age,ULSM
5907.65205479452,6,-3187.1224422100627,6386.244884420125,6417.186622607819,Exponential,Prostate,70 to 79,Male,None,Age,ULSM
5907.65205479452,6,-3187.1224422100627,6386.244884420125,6417.186622607819,Exponential,Prostate,18 to 39,Male,None,Age,ULSM
5907.65205479452,6,-3187.1224422100627,6386.244884420125,6417.186622607819,Exponential,Prostate,40 to 49,Male,None,Age,ULSM
5907.65205479452,6,-3187.1224422100627,6386.244884420125,6417.186622607819,Exponential,Prostate,50 to 59,Male,None,Age,ULSM
5907.65205479452,6,-3187.1224422100627,6386.244884420125,6417.186622607819,Exponential,Prostate,60 to 69,Male,None,Age,ULSM
5907.65205479452,6,-3187.1224422100627,6386.244884420125,6417.186622607819,Exponential,Prostate,80 +,Male,None,Age,ULSM
5907.65205479452,7,-3341.5204921832933,6697.040984366587,6733.139678918896,Log-logistic,Prostate,70 to 79,Male,None,Age,ULSM
5907.65205479452,7,-3341.5204921832933,6697.040984366587,6733.139678918896,Log-logistic,Prostate,18 to 39,Male,None,Age,ULSM
5907.65205479452,7,-3341.5204921832933,6697.040984366587,6733.139678918896,Log-logistic,Prostate,40 to 49,Male,None,Age,ULSM
5907.65205479452,7,-3341.5204921832933,6697.040984366587,6733.139678918896,Log-logistic,Prostate,50 to 59,Male,None,Age,ULSM
5907.65205479452,7,-3341.5204921832933,6697.040984366587,6733.139678918896,Log-logistic,Prostate,60 to 69,Male,None,Age,ULSM
5907.65205479452,7,-3341.5204921832933,6697.040984366587,6733.139678918896,Log-logistic,Prostate,80 +,Male,None,Age,ULSM
5907.65205479452,7,-3382.1389482617597,6778.277896523519,6814.376591075828,Log-normal,Prostate,70 to 79,Male,None,Age,ULSM
5907.65205479452,7,-3382.1389482617597,6778.277896523519,6814.376591075828,Log-normal,Prostate,18 to 39,Male,None,Age,ULSM
5907.65205479452,7,-3382.1389482617597,6778.277896523519,6814.376591075828,Log-normal,Prostate,40 to 49,Male,None,Age,ULSM
5907.65205479452,7,-3382.1389482617597,6778.277896523519,6814.376591075828,Log-normal,Prostate,50 to 59,Male,None,Age,ULSM
5907.65205479452,7,-3382.1389482617597,6778.277896523519,6814.376591075828,Log-normal,Prostate,60 to 69,Male,None,Age,ULSM
5907.65205479452,7,-3382.1389482617597,6778.277896523519,6814.376591075828,Log-normal,Prostate,80 +,Male,None,Age,ULSM
5907.65205479452,8,-3129.430926791635,6274.86185358327,6316.1175045001955,Generalised Gamma,Prostate,70 to 79,Male,None,Age,ULSM
5907.65205479452,8,-3129.430926791635,6274.86185358327,6316.1175045001955,Generalised Gamma,Prostate,18 to 39,Male,None,Age,ULSM
5907.65205479452,8,-3129.430926791635,6274.86185358327,6316.1175045001955,Generalised Gamma,Prostate,40 to 49,Male,None,Age,ULSM
5907.65205479452,8,-3129.430926791635,6274.86185358327,6316.1175045001955,Generalised Gamma,Prostate,50 to 59,Male,None,Age,ULSM
5907.65205479452,8,-3129.430926791635,6274.86185358327,6316.1175045001955,Generalised Gamma,Prostate,60 to 69,Male,None,Age,ULSM
5907.65205479452,8,-3129.430926791635,6274.86185358327,6316.1175045001955,Generalised Gamma,Prostate,80 +,Male,None,Age,ULSM
3985.7342465753422,7,-2424.454922144597,4862.909844289194,4897.9567108770525,Gompertz,Stomach,70 to 79,Both,None,Age,ULSM
3985.7342465753422,7,-2424.454922144597,4862.909844289194,4897.9567108770525,Gompertz,Stomach,18 to 39,Both,None,Age,ULSM
3985.7342465753422,7,-2424.454922144597,4862.909844289194,4897.9567108770525,Gompertz,Stomach,40 to 49,Both,None,Age,ULSM
3985.7342465753422,7,-2424.454922144597,4862.909844289194,4897.9567108770525,Gompertz,Stomach,50 to 59,Both,None,Age,ULSM
3985.7342465753422,7,-2424.454922144597,4862.909844289194,4897.9567108770525,Gompertz,Stomach,60 to 69,Both,None,Age,ULSM
3985.7342465753422,7,-2424.454922144597,4862.909844289194,4897.9567108770525,Gompertz,Stomach,80 +,Both,None,Age,ULSM
3985.7342465753422,7,-2328.4576059267215,4670.915211853443,4705.962078441302,WeibullPH,Stomach,70 to 79,Both,None,Age,ULSM
3985.7342465753422,7,-2328.4576059267215,4670.915211853443,4705.962078441302,WeibullPH,Stomach,18 to 39,Both,None,Age,ULSM
3985.7342465753422,7,-2328.4576059267215,4670.915211853443,4705.962078441302,WeibullPH,Stomach,40 to 49,Both,None,Age,ULSM
3985.7342465753422,7,-2328.4576059267215,4670.915211853443,4705.962078441302,WeibullPH,Stomach,50 to 59,Both,None,Age,ULSM
3985.7342465753422,7,-2328.4576059267215,4670.915211853443,4705.962078441302,WeibullPH,Stomach,60 to 69,Both,None,Age,ULSM
3985.7342465753422,7,-2328.4576059267215,4670.915211853443,4705.962078441302,WeibullPH,Stomach,80 +,Both,None,Age,ULSM
3985.7342465753422,6,-2435.553063653032,4883.106127306064,4913.146298667087,Exponential,Stomach,70 to 79,Both,None,Age,ULSM
3985.7342465753422,6,-2435.553063653032,4883.106127306064,4913.146298667087,Exponential,Stomach,18 to 39,Both,None,Age,ULSM
3985.7342465753422,6,-2435.553063653032,4883.106127306064,4913.146298667087,Exponential,Stomach,40 to 49,Both,None,Age,ULSM
3985.7342465753422,6,-2435.553063653032,4883.106127306064,4913.146298667087,Exponential,Stomach,50 to 59,Both,None,Age,ULSM
3985.7342465753422,6,-2435.553063653032,4883.106127306064,4913.146298667087,Exponential,Stomach,60 to 69,Both,None,Age,ULSM
3985.7342465753422,6,-2435.553063653032,4883.106127306064,4913.146298667087,Exponential,Stomach,80 +,Both,None,Age,ULSM
3985.7342465753422,7,-2414.2968878043207,4842.593775608641,4877.6406421965,Log-logistic,Stomach,70 to 79,Both,None,Age,ULSM
3985.7342465753422,7,-2414.2968878043207,4842.593775608641,4877.6406421965,Log-logistic,Stomach,18 to 39,Both,None,Age,ULSM
3985.7342465753422,7,-2414.2968878043207,4842.593775608641,4877.6406421965,Log-logistic,Stomach,40 to 49,Both,None,Age,ULSM
3985.7342465753422,7,-2414.2968878043207,4842.593775608641,4877.6406421965,Log-logistic,Stomach,50 to 59,Both,None,Age,ULSM
3985.7342465753422,7,-2414.2968878043207,4842.593775608641,4877.6406421965,Log-logistic,Stomach,60 to 69,Both,None,Age,ULSM
3985.7342465753422,7,-2414.2968878043207,4842.593775608641,4877.6406421965,Log-logistic,Stomach,80 +,Both,None,Age,ULSM
3985.7342465753422,7,-2403.994669183211,4821.989338366422,4857.036204954281,Log-normal,Stomach,70 to 79,Both,None,Age,ULSM
3985.7342465753422,7,-2403.994669183211,4821.989338366422,4857.036204954281,Log-normal,Stomach,18 to 39,Both,None,Age,ULSM
3985.7342465753422,7,-2403.994669183211,4821.989338366422,4857.036204954281,Log-normal,Stomach,40 to 49,Both,None,Age,ULSM
3985.7342465753422,7,-2403.994669183211,4821.989338366422,4857.036204954281,Log-normal,Stomach,50 to 59,Both,None,Age,ULSM
3985.7342465753422,7,-2403.994669183211,4821.989338366422,4857.036204954281,Log-normal,Stomach,60 to 69,Both,None,Age,ULSM
3985.7342465753422,7,-2403.994669183211,4821.989338366422,4857.036204954281,Log-normal,Stomach,80 +,Both,None,Age,ULSM
3985.7342465753422,8,-2324.320876582478,4664.641753164956,4704.695314979652,Generalised Gamma,Stomach,70 to 79,Both,None,Age,ULSM
3985.7342465753422,8,-2324.320876582478,4664.641753164956,4704.695314979652,Generalised Gamma,Stomach,18 to 39,Both,None,Age,ULSM
3985.7342465753422,8,-2324.320876582478,4664.641753164956,4704.695314979652,Generalised Gamma,Stomach,40 to 49,Both,None,Age,ULSM
3985.7342465753422,8,-2324.320876582478,4664.641753164956,4704.695314979652,Generalised Gamma,Stomach,50 to 59,Both,None,Age,ULSM
3985.7342465753422,8,-2324.320876582478,4664.641753164956,4704.695314979652,Generalised Gamma,Stomach,60 to 69,Both,None,Age,ULSM
3985.7342465753422,8,-2324.320876582478,4664.641753164956,4704.695314979652,Generalised Gamma,Stomach,80 +,Both,None,Age,ULSM
1581.027397260274,2,-676.5234302775754,1357.0468605551507,1363.9997876590137,Gompertz,Breast,18 to 39,Both,Age,None,ULSM
1581.027397260274,2,-690.5581854668584,1385.1163709337168,1392.0692980375798,WeibullPH,Breast,18 to 39,Both,Age,None,ULSM
1581.027397260274,1,-690.5586207933691,1383.1172415867381,1386.5937051386697,Exponential,Breast,18 to 39,Both,Age,None,ULSM
1581.027397260274,2,-733.6503863081435,1471.300772616287,1478.25369972015,Log-logistic,Breast,18 to 39,Both,Age,None,ULSM
1581.027397260274,2,-756.1490273766871,1516.2980547533741,1523.250981857237,Log-normal,Breast,18 to 39,Both,Age,None,ULSM
1581.027397260274,3,-648.160084284684,1302.320168569368,1312.7495592251626,Generalised Gamma,Breast,18 to 39,Both,Age,None,ULSM
2206.027397260274,2,-949.6357958494103,1903.2715916988207,1910.9353566533878,Gompertz,Breast,40 to 49,Both,Age,None,ULSM
2206.027397260274,2,-969.745180123726,1943.490360247452,1951.154125202019,WeibullPH,Breast,40 to 49,Both,Age,None,ULSM
2206.027397260274,1,-977.6695543816819,1957.3391087633638,1961.1709912406473,Exponential,Breast,40 to 49,Both,Age,None,ULSM
2206.027397260274,2,-1020.9231139691876,2045.8462279383753,2053.509992892942,Log-logistic,Breast,40 to 49,Both,Age,None,ULSM
2206.027397260274,2,-1047.5148680975244,2099.029736195049,2106.6935011496157,Log-normal,Breast,40 to 49,Both,Age,None,ULSM
2206.027397260274,3,-938.3404839129959,1882.6809678259917,1894.1766152578423,Generalised Gamma,Breast,40 to 49,Both,Age,None,ULSM
2687.849315068493,2,-1151.0799821051187,2306.1599642102374,2314.2213347307597,Gompertz,Breast,50 to 59,Both,Age,None,ULSM
2687.849315068493,2,-1174.9710538279014,2353.942107655803,2362.003478176325,WeibullPH,Breast,50 to 59,Both,Age,None,ULSM
2687.849315068493,1,-1192.177534674127,2386.355069348254,2390.385754608515,Exponential,Breast,50 to 59,Both,Age,None,ULSM
2687.849315068493,2,-1235.073513920169,2474.147027840338,2482.2083983608604,Log-logistic,Breast,50 to 59,Both,Age,None,ULSM
2687.849315068493,2,-1267.0513350302683,2538.1026700605366,2546.164040581059,Log-normal,Breast,50 to 59,Both,Age,None,ULSM
2687.849315068493,3,-1142.8697227194182,2291.7394454388364,2303.8315012196203,Generalised Gamma,Breast,50 to 59,Both,Age,None,ULSM
2361.2246575342465,2,-1112.645114840004,2229.290229680008,2237.3467867204695,Gompertz,Breast,60 to 69,Both,Age,None,ULSM
2361.2246575342465,2,-1127.4865803826642,2258.9731607653284,2267.02971780579,WeibullPH,Breast,60 to 69,Both,Age,None,ULSM
2361.2246575342465,1,-1136.5427238398452,2275.0854476796903,2279.113726199921,Exponential,Breast,60 to 69,Both,Age,None,ULSM
2361.2246575342465,2,-1182.4598557627382,2368.9197115254765,2376.976268565938,Log-logistic,Breast,60 to 69,Both,Age,None,ULSM
2361.2246575342465,2,-1197.7037472125226,2399.407494425045,2407.4640514655066,Log-normal,Breast,60 to 69,Both,Age,None,ULSM
2361.2246575342465,3,-1109.3934159005116,2224.7868318010233,2236.8716673617155,Generalised Gamma,Breast,60 to 69,Both,Age,None,ULSM
1450.5972602739726,2,-755.8766583300298,1515.7533166600597,1523.120476194737,Gompertz,Breast,70 to 79,Both,Age,None,ULSM
1450.5972602739726,2,-761.3140030716161,1526.6280061432321,1533.9951656779094,WeibullPH,Breast,70 to 79,Both,Age,None,ULSM
1450.5972602739726,1,-763.2683607498188,1528.5367214996377,1532.2203012669763,Exponential,Breast,70 to 79,Both,Age,None,ULSM
1450.5972602739726,2,-793.9640095028099,1591.9280190056197,1599.295178540297,Log-logistic,Breast,70 to 79,Both,Age,None,ULSM
1450.5972602739726,2,-798.9398526497149,1601.8797052994298,1609.246864834107,Log-normal,Breast,70 to 79,Both,Age,None,ULSM
1450.5972602739726,3,-754.7040290633844,1515.4080581267688,1526.458797428785,Generalised Gamma,Breast,70 to 79,Both,Age,None,ULSM
579.3013698630137,2,-403.92326230438744,811.8465246087749,818.3615153528305,Gompertz,Breast,80 +,Both,Age,None,ULSM
579.3013698630137,2,-401.89100502681407,807.7820100536281,814.2970007976837,WeibullPH,Breast,80 +,Both,Age,None,ULSM
579.3013698630137,1,-404.03087438567337,810.0617487713467,813.3192441433745,Exponential,Breast,80 +,Both,Age,None,ULSM
579.3013698630137,2,-418.68705576700484,841.3741115340097,847.8891022780653,Log-logistic,Breast,80 +,Both,Age,None,ULSM
579.3013698630137,2,-420.33421359125197,844.6684271825039,851.1834179265595,Log-normal,Breast,80 +,Both,Age,None,ULSM
579.3013698630137,3,-400.9807661541954,807.9615323083908,817.7340184244741,Generalised Gamma,Breast,80 +,Both,Age,None,ULSM
911.517808219178,2,-383.4400989628226,770.8801979256452,776.7055076971174,Gompertz,Colorectal,18 to 39,Both,Age,None,ULSM
911.517808219178,2,-394.5887190095508,793.1774380191016,799.0027477905737,WeibullPH,Colorectal,18 to 39,Both,Age,None,ULSM
911.517808219178,1,-394.7340493824448,791.4680987648896,794.3807536506257,Exponential,Colorectal,18 to 39,Both,Age,None,ULSM
911.517808219178,2,-420.67262404450304,845.3452480890061,851.1705578604782,Log-logistic,Colorectal,18 to 39,Both,Age,None,ULSM
911.517808219178,2,-431.82252331394756,867.6450466278951,873.4703563993672,Log-normal,Colorectal,18 to 39,Both,Age,None,ULSM
911.517808219178,3,-368.5775745740388,743.1551491480776,751.8931138052858,Generalised Gamma,Colorectal,18 to 39,Both,Age,None,ULSM
730.3616438356164,2,-360.7041229549103,725.4082459098206,731.2335556812927,Gompertz,Colorectal,40 to 49,Both,Age,None,ULSM
730.3616438356164,2,-364.56096310413517,733.1219262082703,738.9472359797425,WeibullPH,Colorectal,40 to 49,Both,Age,None,ULSM
730.3616438356164,1,-364.60035024194764,731.2007004838953,734.1133553696313,Exponential,Colorectal,40 to 49,Both,Age,None,ULSM
730.3616438356164,2,-384.29927725592535,772.5985545118507,778.4238642833228,Log-logistic,Colorectal,40 to 49,Both,Age,None,ULSM
730.3616438356164,2,-389.8894418590484,783.7788837180968,789.604193489569,Log-normal,Colorectal,40 to 49,Both,Age,None,ULSM
730.3616438356164,3,-351.4885733840251,708.9771467680501,717.7151114252583,Generalised Gamma,Colorectal,40 to 49,Both,Age,None,ULSM
1689.6219178082192,2,-764.564589780592,1533.129179561184,1540.3916031248266,Gompertz,Colorectal,50 to 59,Both,Age,None,ULSM
1689.6219178082192,2,-778.1799165694279,1560.3598331388557,1567.6222567024984,WeibullPH,Colorectal,50 to 59,Both,Age,None,ULSM
1689.6219178082192,1,-781.4924711785451,1564.9849423570902,1568.6161541389115,Exponential,Colorectal,50 to 59,Both,Age,None,ULSM
1689.6219178082192,2,-819.2141999515626,1642.4283999031252,1649.6908234667678,Log-logistic,Colorectal,50 to 59,Both,Age,None,ULSM
1689.6219178082192,2,-832.960646620096,1669.921293240192,1677.1837168038346,Log-normal,Colorectal,50 to 59,Both,Age,None,ULSM
1689.6219178082192,3,-756.3972524109989,1518.7945048219979,1529.688140167462,Generalised Gamma,Colorectal,50 to 59,Both,Age,None,ULSM
2187.139726027397,2,-1108.5275504998015,2221.055100999603,2229.1498453576955,Gompertz,Colorectal,60 to 69,Both,Age,None,ULSM
2187.139726027397,2,-1117.9480371814334,2239.896074362867,2247.9908187209594,WeibullPH,Colorectal,60 to 69,Both,Age,None,ULSM
2187.139726027397,1,-1117.9795793451374,2237.9591586902748,2242.006530869321,Exponential,Colorectal,60 to 69,Both,Age,None,ULSM
2187.139726027397,2,-1172.0633112303692,2348.1266224607384,2356.221366818831,Log-logistic,Colorectal,60 to 69,Both,Age,None,ULSM
2187.139726027397,2,-1180.1817901180525,2364.363580236105,2372.4583245941976,Log-normal,Colorectal,60 to 69,Both,Age,None,ULSM
2187.139726027397,3,-1090.7580318551122,2187.5160637102244,2199.6581802473634,Generalised Gamma,Colorectal,60 to 69,Both,Age,None,ULSM
1807.6191780821919,2,-1077.3677164341186,2158.7354328682372,2166.962797227902,Gompertz,Colorectal,70 to 79,Both,Age,None,ULSM
1807.6191780821919,2,-1072.7454761317915,2149.490952263583,2157.7183166232476,WeibullPH,Colorectal,70 to 79,Both,Age,None,ULSM
1807.6191780821919,1,-1078.5098357186894,2159.0196714373787,2163.133353617211,Exponential,Colorectal,70 to 79,Both,Age,None,ULSM
1807.6191780821919,2,-1127.520352837127,2259.040705674254,2267.2680700339183,Log-logistic,Colorectal,70 to 79,Both,Age,None,ULSM
1807.6191780821919,2,-1133.7229594690973,2271.4459189381946,2279.673283297859,Log-normal,Colorectal,70 to 79,Both,Age,None,ULSM
1807.6191780821919,3,-1052.5899600192297,2111.1799200384594,2123.520966577956,Generalised Gamma,Colorectal,70 to 79,Both,Age,None,ULSM
922.586301369863,2,-702.4151055031627,1408.8302110063255,1416.6518042944065,Gompertz,Colorectal,80 +,Both,Age,None,ULSM
922.586301369863,2,-680.8853708845329,1365.7707417690658,1373.5923350571468,WeibullPH,Colorectal,80 +,Both,Age,None,ULSM
922.586301369863,1,-707.1457989948825,1416.291597989765,1420.2023946338056,Exponential,Colorectal,80 +,Both,Age,None,ULSM
922.586301369863,2,-714.1055659510649,1432.2111319021299,1440.0327251902108,Log-logistic,Colorectal,80 +,Both,Age,None,ULSM
922.586301369863,2,-715.3022508451191,1434.6045016902383,1442.4260949783193,Log-normal,Colorectal,80 +,Both,Age,None,ULSM
922.586301369863,3,-678.0935633464567,1362.1871266929134,1373.919516625035,Generalised Gamma,Colorectal,80 +,Both,Age,None,ULSM
510.3150684931507,2,-237.91603572945385,479.8320714589077,484.7407660514147,Gompertz,Head_and_neck,18 to 39,Both,Age,None,ULSM
510.3150684931507,2,-237.05662127802418,478.11324255604836,483.02193714855537,WeibullPH,Head_and_neck,18 to 39,Both,Age,None,ULSM
510.3150684931507,1,-239.13856772650465,480.2771354530093,482.7314827492628,Exponential,Head_and_neck,18 to 39,Both,Age,None,ULSM
510.3150684931507,2,-250.50348842732367,505.00697685464735,509.91567144715435,Log-logistic,Head_and_neck,18 to 39,Both,Age,None,ULSM
510.3150684931507,2,-252.50329133903003,509.00658267806006,513.9152772705671,Log-normal,Head_and_neck,18 to 39,Both,Age,None,ULSM
510.3150684931507,3,-221.07876471742793,448.15752943485586,455.52057132361637,Generalised Gamma,Head_and_neck,18 to 39,Both,Age,None,ULSM
300.62191780821917,2,-181.61351918163942,367.22703836327884,371.9146492069862,Gompertz,Head_and_neck,40 to 49,Both,Age,None,ULSM
300.62191780821917,2,-179.19437935074512,362.38875870149025,367.0763695451976,WeibullPH,Head_and_neck,40 to 49,Both,Age,None,ULSM
300.62191780821917,1,-181.8776934082409,365.7553868164818,368.0991922383355,Exponential,Head_and_neck,40 to 49,Both,Age,None,ULSM
300.62191780821917,2,-186.55081719140927,377.10163438281853,381.7892452265259,Log-logistic,Head_and_neck,40 to 49,Both,Age,None,ULSM
300.62191780821917,2,-187.58294742690313,379.16589485380626,383.85350569751364,Log-normal,Head_and_neck,40 to 49,Both,Age,None,ULSM
300.62191780821917,3,-178.41399020167646,362.8279804033529,369.859396668914,Generalised Gamma,Head_and_neck,40 to 49,Both,Age,None,ULSM
800.1123287671232,2,-437.8328116649388,879.6656233298776,885.9722065188731,Gompertz,Head_and_neck,50 to 59,Both,Age,None,ULSM
800.1123287671232,2,-434.4446864531156,872.8893729062312,879.1959560952267,WeibullPH,Head_and_neck,50 to 59,Both,Age,None,ULSM
800.1123287671232,1,-437.9426724291177,877.8853448582354,881.0386364527332,Exponential,Head_and_neck,50 to 59,Both,Age,None,ULSM
800.1123287671232,2,-454.32857547443524,912.6571509488705,918.963734137866,Log-logistic,Head_and_neck,50 to 59,Both,Age,None,ULSM
800.1123287671232,2,-459.07189073473563,922.1437814694713,928.4503646584668,Log-normal,Head_and_neck,50 to 59,Both,Age,None,ULSM
800.1123287671232,3,-427.3471777139642,860.6943554279284,870.1542302114217,Generalised Gamma,Head_and_neck,50 to 59,Both,Age,None,ULSM
769.9260273972603,2,-433.262820985923,870.525641971846,876.855213919693,Gompertz,Head_and_neck,60 to 69,Both,Age,None,ULSM
769.9260273972603,2,-433.5323159011107,871.0646318022214,877.3942037500684,WeibullPH,Head_and_neck,60 to 69,Both,Age,None,ULSM
769.9260273972603,1,-434.26398189896975,870.5279637979395,873.692749771863,Exponential,Head_and_neck,60 to 69,Both,Age,None,ULSM
769.9260273972603,2,-454.1867157342512,912.3734314685024,918.7030034163495,Log-logistic,Head_and_neck,60 to 69,Both,Age,None,ULSM
769.9260273972603,2,-455.38557263513087,914.7711452702617,921.1007172181088,Log-normal,Head_and_neck,60 to 69,Both,Age,None,ULSM
769.9260273972603,3,-426.9898336796857,859.9796673593714,869.474025281142,Generalised Gamma,Head_and_neck,60 to 69,Both,Age,None,ULSM
560.2657534246575,2,-303.2083476767091,610.4166953534182,615.9749423396412,Gompertz,Head_and_neck,70 to 79,Both,Age,None,ULSM
560.2657534246575,2,-300.96975973531954,605.9395194706391,611.4977664568621,WeibullPH,Head_and_neck,70 to 79,Both,Age,None,ULSM
560.2657534246575,1,-303.3652407906694,608.7304815813388,611.5096050744504,Exponential,Head_and_neck,70 to 79,Both,Age,None,ULSM
560.2657534246575,2,-313.1106116085283,630.2212232170566,635.7794702032796,Log-logistic,Head_and_neck,70 to 79,Both,Age,None,ULSM
560.2657534246575,2,-311.1876577069384,626.3753154138768,631.9335624000998,Log-normal,Head_and_neck,70 to 79,Both,Age,None,ULSM
560.2657534246575,3,-291.65352832646414,589.3070566529283,597.6444271322629,Generalised Gamma,Head_and_neck,70 to 79,Both,Age,None,ULSM
155.03561643835616,2,-108.8498209037258,221.6996418074516,225.64022563455583,Gompertz,Head_and_neck,80 +,Both,Age,None,ULSM
155.03561643835616,2,-104.2326389312572,212.4652778625144,216.40586168961863,WeibullPH,Head_and_neck,80 +,Both,Age,None,ULSM
155.03561643835616,1,-109.88823690354322,221.77647380708643,223.74676572063856,Exponential,Head_and_neck,80 +,Both,Age,None,ULSM
155.03561643835616,2,-107.80781759903884,219.61563519807768,223.55621902518192,Log-logistic,Head_and_neck,80 +,Both,Age,None,ULSM
155.03561643835616,2,-105.44900601262815,214.8980120252563,218.83859585236053,Log-normal,Head_and_neck,80 +,Both,Age,None,ULSM
155.03561643835616,3,-104.21589753033139,214.43179506066278,220.34267080131914,Generalised Gamma,Head_and_neck,80 +,Both,Age,None,ULSM
9.378082191780821,2,-8.48287476948889,20.96574953897778,20.549268477433888,Gompertz,Lung,18 to 39,Both,Age,None,ULSM
9.378082191780821,2,-7.664134995396463,19.328269990792926,18.911788929249035,WeibullPH,Lung,18 to 39,Both,Age,None,ULSM
9.378082191780821,1,-8.679694894317834,19.359389788635667,19.15114925786372,Exponential,Lung,18 to 39,Both,Age,None,ULSM
9.378082191780821,2,-7.759222630598272,19.518445261196543,19.101964199652652,Log-logistic,Lung,18 to 39,Both,Age,None,ULSM
9.378082191780821,2,-7.4093143737116085,18.81862874742322,18.402147685879328,Log-normal,Lung,18 to 39,Both,Age,None,ULSM
9.378082191780821,3,-6.199547058277034,18.399094116554068,17.77437252423823,Generalised Gamma,Lung,18 to 39,Both,Age,None,ULSM
9.378082191780821,3,-6.199547058277034,18.399094116554068,17.77437252423823,Spline (1 knot),Lung,18 to 39,Both,Age,None,ULSM
9.378082191780821,3,-6.199547058277034,18.399094116554068,17.77437252423823,Spline (3 knots),Lung,18 to 39,Both,Age,None,ULSM
22.78356164383562,2,-21.74718239692428,47.49436479384856,50.158773814198966,Gompertz,Lung,40 to 49,Both,Age,None,ULSM
22.78356164383562,2,-20.843157051626935,45.68631410325387,48.350723123604276,WeibullPH,Lung,40 to 49,Both,Age,None,ULSM
22.78356164383562,1,-22.227373986165826,46.45474797233165,47.786952482506855,Exponential,Lung,40 to 49,Both,Age,None,ULSM
22.78356164383562,2,-23.064446348009294,50.12889269601859,52.793301716368994,Log-logistic,Lung,40 to 49,Both,Age,None,ULSM
22.78356164383562,2,-22.51422721654087,49.02845443308174,51.692863453432146,Log-normal,Lung,40 to 49,Both,Age,None,ULSM
22.78356164383562,3,-20.824140530060426,47.64828106012085,51.64489459064646,Generalised Gamma,Lung,40 to 49,Both,Age,None,ULSM
75.27671232876712,2,-68.970156737332,141.940313474664,147.11024843200516,Gompertz,Lung,50 to 59,Both,Age,None,ULSM
75.27671232876712,2,-69.54424725666478,143.08849451332955,148.2584294706707,WeibullPH,Lung,50 to 59,Both,Age,None,ULSM
75.27671232876712,1,-72.14792762190946,146.29585524381892,148.88082272248948,Exponential,Lung,50 to 59,Both,Age,None,ULSM
75.27671232876712,2,-70.82837262449117,145.65674524898233,150.8266802063235,Log-logistic,Lung,50 to 59,Both,Age,None,ULSM
75.27671232876712,2,-69.63229708250331,143.26459416500663,148.43452912234778,Log-normal,Lung,50 to 59,Both,Age,None,ULSM
75.27671232876712,3,-67.89908649339483,141.79817298678967,149.55307542280138,Generalised Gamma,Lung,50 to 59,Both,Age,None,ULSM
188.17260273972602,2,-174.64575975219827,353.29151950439655,359.69953287855014,Gompertz,Lung,60 to 69,Both,Age,None,ULSM
188.17260273972602,2,-173.92393873317442,351.84787746634885,358.25589084050245,WeibullPH,Lung,60 to 69,Both,Age,None,ULSM
188.17260273972602,1,-188.0702376711007,378.1404753422014,381.3444820292782,Exponential,Lung,60 to 69,Both,Age,None,ULSM
188.17260273972602,2,-175.0183363752382,354.0366727504764,360.44468612463,Log-logistic,Lung,60 to 69,Both,Age,None,ULSM
188.17260273972602,2,-174.842188615066,353.684377230132,360.0923906042856,Log-normal,Lung,60 to 69,Both,Age,None,ULSM
188.17260273972602,3,-170.5716000466095,347.143200093219,356.7552201544494,Generalised Gamma,Lung,60 to 69,Both,Age,None,ULSM
103.03835616438356,2,-76.49708853351433,156.99417706702866,162.84868443734308,Gompertz,Lung,70 to 79,Both,Age,None,ULSM
103.03835616438356,2,-75.27753812790361,154.55507625580722,160.40958362612164,WeibullPH,Lung,70 to 79,Both,Age,None,ULSM
103.03835616438356,1,-97.68297207032063,197.36594414064126,200.29319782579847,Exponential,Lung,70 to 79,Both,Age,None,ULSM
103.03835616438356,2,-69.01800548776355,142.0360109755271,147.8905183458415,Log-logistic,Lung,70 to 79,Both,Age,None,ULSM
103.03835616438356,2,-68.68859929707877,141.37719859415753,147.23170596447196,Log-normal,Lung,70 to 79,Both,Age,None,ULSM
103.03835616438356,3,-68.23469255163043,142.46938510326086,151.25114615873247,Generalised Gamma,Lung,70 to 79,Both,Age,None,ULSM
32.47671232876712,2,-11.459751113806472,26.919502227612945,31.328887466394875,Gompertz,Lung,80 +,Both,Age,None,ULSM
32.47671232876712,2,-12.440343539633865,28.88068707926773,33.29007231804966,WeibullPH,Lung,80 +,Both,Age,None,ULSM
32.47671232876712,1,-18.480654848079833,38.96130969615967,41.166002315550635,Exponential,Lung,80 +,Both,Age,None,ULSM
32.47671232876712,2,-9.604613472143129,23.209226944286257,27.618612183068187,Log-logistic,Lung,80 +,Both,Age,None,ULSM
32.47671232876712,2,-8.126479497274625,20.25295899454925,24.662344233331183,Log-normal,Lung,80 +,Both,Age,None,ULSM
32.47671232876712,3,-8.126466636080295,22.25293327216059,28.867011130333488,Generalised Gamma,Lung,80 +,Both,Age,None,ULSM
88.13972602739726,2,-40.99025020335543,85.98050040671086,87.39660080891528,Gompertz,Pancreatic,18 to 39,Both,Age,None,ULSM
88.13972602739726,2,-41.563025939440294,87.12605187888059,88.54215228108501,WeibullPH,Pancreatic,18 to 39,Both,Age,None,ULSM
88.13972602739726,1,-41.56309724890378,85.12619449780756,85.83424469890977,Exponential,Pancreatic,18 to 39,Both,Age,None,ULSM
88.13972602739726,2,-44.1301914554656,92.2603829109312,93.67648331313562,Log-logistic,Pancreatic,18 to 39,Both,Age,None,ULSM
88.13972602739726,2,-44.37679069313574,92.75358138627148,94.1696817884759,Log-normal,Pancreatic,18 to 39,Both,Age,None,ULSM
88.13972602739726,3,-38.80575246648762,83.61150493297524,85.73565553628187,Generalised Gamma,Pancreatic,18 to 39,Both,Age,None,ULSM
135.52328767123288,2,-59.31915125644207,122.63830251288414,124.72734738833098,Gompertz,Pancreatic,40 to 49,Both,Age,None,ULSM
135.52328767123288,2,-57.54105144717221,119.08210289434442,121.17114776979126,WeibullPH,Pancreatic,40 to 49,Both,Age,None,ULSM
135.52328767123288,1,-60.157042103794176,122.31408420758835,123.35860664531178,Exponential,Pancreatic,40 to 49,Both,Age,None,ULSM
135.52328767123288,2,-61.230557005601426,126.46111401120285,128.5501588866497,Log-logistic,Pancreatic,40 to 49,Both,Age,None,ULSM
135.52328767123288,2,-60.44901818415052,124.89803636830104,126.98708124374788,Log-normal,Pancreatic,40 to 49,Both,Age,None,ULSM
135.52328767123288,3,-49.856410485758055,105.71282097151611,108.84638828468638,Generalised Gamma,Pancreatic,40 to 49,Both,Age,None,ULSM
115.84657534246575,2,-82.40245901972838,168.80491803945677,172.37329730729329,Gompertz,Pancreatic,50 to 59,Both,Age,None,ULSM
115.84657534246575,2,-76.22871352839833,156.45742705679666,160.02580632463318,WeibullPH,Pancreatic,50 to 59,Both,Age,None,ULSM
115.84657534246575,1,-86.59539043706324,175.1907808741265,176.97497050804475,Exponential,Pancreatic,50 to 59,Both,Age,None,ULSM
115.84657534246575,2,-77.65510369059085,159.3102073811817,162.87858664901822,Log-logistic,Pancreatic,50 to 59,Both,Age,None,ULSM
115.84657534246575,2,-76.10277964743344,156.20555929486687,159.7739385627034,Log-normal,Pancreatic,50 to 59,Both,Age,None,ULSM
115.84657534246575,3,-75.7381732315299,157.4763464630598,162.82891536481458,Generalised Gamma,Pancreatic,50 to 59,Both,Age,None,ULSM
115.17260273972603,2,-95.3830669828554,194.7661339657108,199.02040273580099,Gompertz,Pancreatic,60 to 69,Both,Age,None,ULSM
115.17260273972603,2,-87.65761817119665,179.3152363423933,183.56950511248348,WeibullPH,Pancreatic,60 to 69,Both,Age,None,ULSM
115.17260273972603,1,-100.39644571252522,202.79289142505044,204.92002581009552,Exponential,Pancreatic,60 to 69,Both,Age,None,ULSM
115.17260273972603,2,-89.75101450943392,183.50202901886783,187.75629778895802,Log-logistic,Pancreatic,60 to 69,Both,Age,None,ULSM
115.17260273972603,2,-87.4903196179993,178.9806392359986,183.2349080060888,Log-normal,Pancreatic,60 to 69,Both,Age,None,ULSM
115.17260273972603,3,-86.98617488498805,179.9723497699761,186.35375292511137,Generalised Gamma,Pancreatic,60 to 69,Both,Age,None,ULSM
110.16986301369863,2,-97.36880846408543,198.73761692817087,203.71488966763513,Gompertz,Pancreatic,70 to 79,Both,Age,None,ULSM
110.16986301369863,2,-94.03311307490631,192.06622614981262,197.0434988892769,WeibullPH,Pancreatic,70 to 79,Both,Age,None,ULSM
110.16986301369863,1,-107.99144426475046,217.9828885295009,220.47152489923306,Exponential,Pancreatic,70 to 79,Both,Age,None,ULSM
110.16986301369863,2,-91.37899899457018,186.75799798914036,191.73527072860463,Log-logistic,Pancreatic,70 to 79,Both,Age,None,ULSM
110.16986301369863,2,-89.15115560768126,182.30231121536252,187.2795839548268,Log-normal,Pancreatic,70 to 79,Both,Age,None,ULSM
110.16986301369863,3,-89.15071166136477,184.30142332272953,191.76733243192595,Generalised Gamma,Pancreatic,70 to 79,Both,Age,None,ULSM
47.12602739726027,2,-35.637474498946766,75.27494899789353,79.36105153356263,Gompertz,Pancreatic,80 +,Both,Age,None,ULSM
47.12602739726027,2,-22.083497239110656,48.16699447822131,52.25309701389041,WeibullPH,Pancreatic,80 +,Both,Age,None,ULSM
47.12602739726027,1,-46.157128216072906,94.31425643214581,96.35730769998037,Exponential,Pancreatic,80 +,Both,Age,None,ULSM
47.12602739726027,2,-23.52590985166967,51.05181970333934,55.13792223900844,Log-logistic,Pancreatic,80 +,Both,Age,None,ULSM
47.12602739726027,2,-22.04709811604198,48.09419623208396,52.18029876775306,Log-normal,Pancreatic,80 +,Both,Age,None,ULSM
47.12602739726027,3,-21.37219292571885,48.7443858514377,54.873539654941354,Generalised Gamma,Pancreatic,80 +,Both,Age,None,ULSM
91.01369863013699,2,-45.46016089998297,94.92032179996593,96.58674848807837,Gompertz,Prostate,18 to 39,Male,Age,None,ULSM
91.01369863013699,2,-45.519597086806655,95.03919417361331,96.70562086172575,WeibullPH,Prostate,18 to 39,Male,Age,None,ULSM
91.01369863013699,1,-45.52254365398583,93.04508730797166,93.87830065202787,Exponential,Prostate,18 to 39,Male,Age,None,ULSM
91.01369863013699,2,-46.69343964712843,97.38687929425686,99.0533059823693,Log-logistic,Prostate,18 to 39,Male,Age,None,ULSM
91.01369863013699,2,-46.14266633268866,96.28533266537733,97.95175935348976,Log-normal,Prostate,18 to 39,Male,Age,None,ULSM
91.01369863013699,3,-45.517158004955235,97.03431600991047,99.53395604207913,Generalised Gamma,Prostate,18 to 39,Male,Age,None,ULSM
79.56712328767124,2,-36.6963860439458,77.3927720878916,78.67088674712211,Gompertz,Prostate,40 to 49,Male,Age,None,ULSM
79.56712328767124,2,-36.2733525536426,76.5467051072852,77.82481976651572,WeibullPH,Prostate,40 to 49,Male,Age,None,ULSM
79.56712328767124,1,-38.325611154501054,78.65122230900211,79.29027963861736,Exponential,Prostate,40 to 49,Male,Age,None,ULSM
79.56712328767124,2,-37.23529629537558,78.47059259075117,79.74870724998168,Log-logistic,Prostate,40 to 49,Male,Age,None,ULSM
79.56712328767124,2,-36.99507177477283,77.99014354954566,79.26825820877617,Log-normal,Prostate,40 to 49,Male,Age,None,ULSM
79.56712328767124,3,-36.27286444319772,78.54572888639544,80.46290087524122,Generalised Gamma,Prostate,40 to 49,Male,Age,None,ULSM
772.7287671232876,2,-343.4176874715736,690.8353749431471,696.4920024177518,Gompertz,Prostate,50 to 59,Male,Age,None,ULSM
772.7287671232876,2,-349.0355254142008,702.0710508284016,707.7276783030062,WeibullPH,Prostate,50 to 59,Male,Age,None,ULSM
772.7287671232876,1,-352.7017957875151,707.4035915750302,710.2319053123325,Exponential,Prostate,50 to 59,Male,Age,None,ULSM
772.7287671232876,2,-366.6342558242191,737.2685116484382,742.9251391230429,Log-logistic,Prostate,50 to 59,Male,Age,None,ULSM
772.7287671232876,2,-371.3317477467217,746.6634954934434,752.320122968048,Log-normal,Prostate,50 to 59,Male,Age,None,ULSM
772.7287671232876,3,-342.08550286125734,690.1710057225147,698.6559469344215,Generalised Gamma,Prostate,50 to 59,Male,Age,None,ULSM
2156.641095890411,2,-1017.2683713428474,2038.536742685695,2046.427583902908,Gompertz,Prostate,60 to 69,Male,Age,None,ULSM
2156.641095890411,2,-1034.6461093962328,2073.2922187924655,2081.1830600096787,WeibullPH,Prostate,60 to 69,Male,Age,None,ULSM
2156.641095890411,1,-1043.1986940086044,2088.397388017209,2092.3428086258155,Exponential,Prostate,60 to 69,Male,Age,None,ULSM
2156.641095890411,2,-1089.2268543940866,2182.453708788173,2190.3445500053863,Log-logistic,Prostate,60 to 69,Male,Age,None,ULSM
2156.641095890411,2,-1116.3927239104178,2236.7854478208355,2244.6762890380487,Log-normal,Prostate,60 to 69,Male,Age,None,ULSM
2156.641095890411,3,-1011.8515882332765,2029.703176466553,2041.5394382923728,Generalised Gamma,Prostate,60 to 69,Male,Age,None,ULSM
1971.1753424657534,2,-1067.2678215780359,2138.5356431560717,2146.663213573447,Gompertz,Prostate,70 to 79,Male,Age,None,ULSM
1971.1753424657534,2,-1082.3611876721714,2168.7223753443427,2176.849945761718,WeibullPH,Prostate,70 to 79,Male,Age,None,ULSM
1971.1753424657534,1,-1084.7180239416007,2171.4360478832014,2175.499833091889,Exponential,Prostate,70 to 79,Male,Age,None,ULSM
1971.1753424657534,2,-1142.8168167111078,2289.6336334222156,2297.761203839591,Log-logistic,Prostate,70 to 79,Male,Age,None,ULSM
1971.1753424657534,2,-1158.2546252101904,2320.509250420381,2328.636820837756,Log-normal,Prostate,70 to 79,Male,Age,None,ULSM
1971.1753424657534,3,-1057.9028000187147,2121.8056000374295,2133.9969556634924,Generalised Gamma,Prostate,70 to 79,Male,Age,None,ULSM
836.5260273972602,2,-622.0723467573091,1248.1446935146182,1255.6498387922695,Gompertz,Prostate,80 +,Male,Age,None,ULSM
836.5260273972602,2,-612.8059904909794,1229.6119809819588,1237.1171262596101,WeibullPH,Prostate,80 +,Male,Age,None,ULSM
836.5260273972602,1,-622.6557736638555,1247.311547327711,1251.0641199665365,Exponential,Prostate,80 +,Male,Age,None,ULSM
836.5260273972602,2,-641.2168175710649,1286.4336351421298,1293.938780419781,Log-logistic,Prostate,80 +,Male,Age,None,ULSM
836.5260273972602,2,-639.168710849363,1282.337421698726,1289.8425669763774,Log-normal,Prostate,80 +,Male,Age,None,ULSM
836.5260273972602,3,-609.684555110636,1225.369110221272,1236.6268281377488,Generalised Gamma,Prostate,80 +,Male,Age,None,ULSM
518.9616438356164,2,-236.88421661127194,477.7684332225439,482.6537357355245,Gompertz,Stomach,18 to 39,Both,Age,None,ULSM
518.9616438356164,2,-236.7765773849809,477.5531547699618,482.4384572829424,WeibullPH,Stomach,18 to 39,Both,Age,None,ULSM
518.9616438356164,1,-238.7801911971883,479.5603823943766,482.0030336508669,Exponential,Stomach,18 to 39,Both,Age,None,ULSM
518.9616438356164,2,-251.54467208833526,507.0893441766705,511.97464668965114,Log-logistic,Stomach,18 to 39,Both,Age,None,ULSM
518.9616438356164,2,-255.52641099017214,515.0528219803443,519.938124493325,Log-normal,Stomach,18 to 39,Both,Age,None,ULSM
518.9616438356164,3,-218.98596936072738,443.97193872145476,451.2998924909257,Generalised Gamma,Stomach,18 to 39,Both,Age,None,ULSM
442.5013698630137,2,-231.7024436415473,467.4048872830946,472.3821600225589,Gompertz,Stomach,40 to 49,Both,Age,None,ULSM
442.5013698630137,2,-229.6738930939572,463.3477861879144,468.3250589273787,WeibullPH,Stomach,40 to 49,Both,Age,None,ULSM
442.5013698630137,1,-231.73883994975424,465.4776798995085,467.9663162692406,Exponential,Stomach,40 to 49,Both,Age,None,ULSM
442.5013698630137,2,-239.46903937938578,482.93807875877155,487.91535149823585,Log-logistic,Stomach,40 to 49,Both,Age,None,ULSM
442.5013698630137,2,-239.95429004840204,483.9085800968041,488.8858528362684,Log-normal,Stomach,40 to 49,Both,Age,None,ULSM
442.5013698630137,3,-222.97494905423525,451.9498981084705,459.41580721766695,Generalised Gamma,Stomach,40 to 49,Both,Age,None,ULSM
941.8547945205479,2,-482.79085792196116,969.5817158439223,976.0006881496051,Gompertz,Stomach,50 to 59,Both,Age,None,ULSM
941.8547945205479,2,-470.2890025440271,944.5780050880542,950.996977393737,WeibullPH,Stomach,50 to 59,Both,Age,None,ULSM
941.8547945205479,1,-482.82078839535035,967.6415767907007,970.8510629435422,Exponential,Stomach,50 to 59,Both,Age,None,ULSM
941.8547945205479,2,-491.33418836087776,986.6683767217555,993.0873490274383,Log-logistic,Stomach,50 to 59,Both,Age,None,ULSM
941.8547945205479,2,-487.4964455983342,978.9928911966684,985.4118635023513,Log-normal,Stomach,50 to 59,Both,Age,None,ULSM
941.8547945205479,3,-448.94758725161836,903.8951745032367,913.523632961761,Generalised Gamma,Stomach,50 to 59,Both,Age,None,ULSM
958.4301369863014,2,-601.4106839605248,1206.8213679210496,1213.9732661273422,Gompertz,Stomach,60 to 69,Both,Age,None,ULSM
958.4301369863014,2,-584.164767308883,1172.329534617766,1179.4814328240586,WeibullPH,Stomach,60 to 69,Both,Age,None,ULSM
958.4301369863014,1,-604.3877581692852,1210.7755163385705,1214.3514654417168,Exponential,Stomach,60 to 69,Both,Age,None,ULSM
958.4301369863014,2,-607.2165075588454,1218.4330151176907,1225.5849133239833,Log-logistic,Stomach,60 to 69,Both,Age,None,ULSM
958.4301369863014,2,-605.5200858410824,1215.0401716821648,1222.1920698884574,Log-normal,Stomach,60 to 69,Both,Age,None,ULSM
958.4301369863014,3,-581.7418101641689,1169.4836203283378,1180.2114676377767,Generalised Gamma,Stomach,60 to 69,Both,Age,None,ULSM
822.9534246575342,2,-590.3402319760639,1184.6804639521279,1192.1013179868776,Gompertz,Stomach,70 to 79,Both,Age,None,ULSM
822.9534246575342,2,-557.8392479349726,1119.6784958699452,1127.099349904695,WeibullPH,Stomach,70 to 79,Both,Age,None,ULSM
822.9534246575342,1,-604.7467220432361,1211.4934440864722,1215.2038711038472,Exponential,Stomach,70 to 79,Both,Age,None,ULSM
822.9534246575342,2,-576.986642034721,1157.973284069442,1165.3941381041916,Log-logistic,Stomach,70 to 79,Both,Age,None,ULSM
822.9534246575342,2,-571.4376475493542,1146.8752950987084,1154.2961491334581,Log-normal,Stomach,70 to 79,Both,Age,None,ULSM
822.9534246575342,3,-557.8379833250559,1121.6759666501118,1132.8072477022365,Generalised Gamma,Stomach,70 to 79,Both,Age,None,ULSM
301.03287671232874,2,-256.66680508740717,517.3336101748143,523.730604237346,Gompertz,Stomach,80 +,Both,Age,None,ULSM
301.03287671232874,2,-244.63202564279158,493.26405128558315,499.6610453481148,WeibullPH,Stomach,80 +,Both,Age,None,ULSM
301.03287671232874,1,-273.0787638982178,548.1575277964356,551.3560248277014,Exponential,Stomach,80 +,Both,Age,None,ULSM
301.03287671232874,2,-245.8480271981662,495.6960543963324,502.093048458864,Log-logistic,Stomach,80 +,Both,Age,None,ULSM
301.03287671232874,2,-241.47169150639454,486.94338301278907,493.3403770753207,Log-normal,Stomach,80 +,Both,Age,None,ULSM
301.03287671232874,3,-240.45129824857023,486.90259649714045,496.4980875909379,Generalised Gamma,Stomach,80 +,Both,Age,None,ULSM
