details,0,0.5,1,2,3,4,5,6,7,8,9,10,11,12,13,14,15,16,17,Method,Cancer,Sex,Age,Stratification,Adjustment,Database
n.risk,1897,1718,1586,1386,1227,1068,924,767,666,555,457,375,298,224,166,107,63,28,<10,Kaplan-Meier,Breast,Both,All,None,None,ULSM
n.event,0,179,132,200,159,159,144,157,101,111,98,82,77,74,59,58,44,35,24,Kaplan-Meier,Breast,Both,All,None,None,ULSM
n.risk,1795,1494,1340,1093,935,816,681,573,488,396,323,245,195,125,82,50,33,13,<10,Kaplan-Meier,Colorectal,Both,All,None,None,ULSM
n.event,0,301,154,247,158,119,135,108,85,92,73,78,50,70,43,32,18,19,12,Kaplan-Meier,Colorectal,Both,All,None,None,ULSM
n.risk,683,558,481,401,340,298,257,221,180,138,121,97,70,56,45,30,18,<10,0,Kaplan-Meier,Head_and_neck,Both,All,None,None,ULSM
n.event,0,125,77,80,62,41,41,36,41,42,17,24,27,14,11,15,12,11,0,Kaplan-Meier,Head_and_neck,Both,All,None,None,ULSM
n.risk,519,217,128,52,29,18,11,<10,<10,<10,<10,<10,<10,<10,<10,<10,0,0,0,Kaplan-Meier,Lung,Both,All,None,None,ULSM
n.event,0,302,89,76,23,11,<10,<10,<10,<10,<10,0,<10,0,0,0,0,0,0,Kaplan-Meier,Lung,Both,All,None,None,ULSM
n.risk,288,149,114,81,64,53,44,36,28,22,20,13,12,<10,<10,<10,<10,0,0,Kaplan-Meier,Pancreatic,Both,All,None,None,ULSM
n.event,0,139,35,33,17,11,<10,<10,<10,<10,<10,<10,<10,<10,<10,<10,<10,0,0,Kaplan-Meier,Pancreatic,Both,All,None,None,ULSM
n.risk,1283,1103,996,848,720,611,525,443,298,237,188,144,104,66,49,31,19,<10,<10,Kaplan-Meier,Prostate,Male,All,None,None,ULSM
n.event,0,180,107,149,127,109,86,82,145,61,49,44,40,38,17,18,12,12,<10,Kaplan-Meier,Prostate,Male,All,None,None,ULSM
n.risk,1104,778,643,491,420,360,298,262,226,186,153,125,103,79,62,43,25,17,<10,Kaplan-Meier,Stomach,Both,All,None,None,ULSM
n.event,0,326,136,151,71,60,62,36,36,40,33,28,23,23,17,19,18,<10,15,Kaplan-Meier,Stomach,Both,All,None,None,ULSM
n.risk,1668,1516,1409,1233,1092,946,823,687,596,495,406,335,267,197,145,94,56,25,<10,Kaplan-Meier,Breast,Female,All,Sex,None,ULSM
n.event,0,152,107,176,141,146,123,136,91,101,89,71,68,70,53,50,38,31,21,Kaplan-Meier,Breast,Female,All,Sex,None,ULSM
n.risk,229,202,177,153,135,122,101,80,70,60,51,40,31,27,21,13,<10,<10,0,Kaplan-Meier,Breast,Male,All,Sex,None,ULSM
n.event,0,27,25,24,18,13,21,21,<10,<10,<10,11,<10,<10,<10,<10,<10,<10,<10,Kaplan-Meier,Breast,Male,All,Sex,None,ULSM
n.risk,897,765,690,578,504,438,357,304,260,211,173,136,113,71,50,30,21,<10,0,Kaplan-Meier,Colorectal,Female,All,Sex,None,ULSM
n.event,0,132,75,112,74,66,81,53,44,49,38,37,23,42,21,20,<10,12,<10,Kaplan-Meier,Colorectal,Female,All,Sex,None,ULSM
n.risk,898,729,650,515,431,378,324,269,228,185,150,109,82,54,32,20,12,<10,<10,Kaplan-Meier,Colorectal,Male,All,Sex,None,ULSM
n.event,0,169,79,135,84,53,54,55,41,43,35,41,27,28,22,12,<10,<10,<10,Kaplan-Meier,Colorectal,Male,All,Sex,None,ULSM
n.risk,216,190,175,154,136,125,105,90,79,68,59,47,36,30,26,16,<10,<10,0,Kaplan-Meier,Head_and_neck,Female,All,Sex,None,ULSM
n.event,0,26,15,21,18,11,20,15,11,11,<10,12,11,<10,<10,<10,<10,<10,0,Kaplan-Meier,Head_and_neck,Female,All,Sex,None,ULSM
n.risk,467,368,306,247,204,173,152,131,101,70,62,50,34,26,19,14,<10,<10,0,Kaplan-Meier,Head_and_neck,Male,All,Sex,None,ULSM
n.event,0,99,62,59,44,30,21,21,30,31,<10,12,16,<10,<10,<10,<10,<10,0,Kaplan-Meier,Head_and_neck,Male,All,Sex,None,ULSM
n.risk,93,41,30,15,<10,<10,<10,<10,<10,<10,<10,<10,0,0,0,0,0,0,0,Kaplan-Meier,Lung,Female,All,Sex,None,ULSM
n.event,0,52,11,15,<10,<10,<10,<10,<10,0,0,0,<10,0,0,0,0,0,0,Kaplan-Meier,Lung,Female,All,Sex,None,ULSM
n.risk,426,176,98,37,19,12,<10,<10,<10,<10,<10,<10,<10,<10,<10,<10,0,0,0,Kaplan-Meier,Lung,Male,All,Sex,None,ULSM
n.event,0,250,78,61,18,<10,<10,<10,<10,<10,<10,0,0,0,0,0,0,0,0,Kaplan-Meier,Lung,Male,All,Sex,None,ULSM
n.risk,153,83,66,49,40,31,26,22,17,13,11,<10,<10,<10,<10,<10,0,0,0,Kaplan-Meier,Pancreatic,Female,All,Sex,None,ULSM
n.event,0,70,17,17,<10,<10,<10,<10,<10,<10,<10,<10,<10,0,<10,<10,<10,0,0,Kaplan-Meier,Pancreatic,Female,All,Sex,None,ULSM
n.risk,135,66,48,32,24,22,18,14,11,<10,<10,<10,<10,<10,<10,<10,<10,0,0,Kaplan-Meier,Pancreatic,Male,All,Sex,None,ULSM
n.event,0,69,18,16,<10,<10,<10,<10,<10,<10,0,<10,0,<10,0,<10,<10,0,0,Kaplan-Meier,Pancreatic,Male,All,Sex,None,ULSM
n.risk,521,380,325,268,242,208,172,149,130,110,94,79,68,54,46,35,21,14,<10,Kaplan-Meier,Stomach,Female,All,Sex,None,ULSM
n.event,0,141,56,56,26,34,36,23,19,20,16,15,11,14,<10,11,14,<10,12,Kaplan-Meier,Stomach,Female,All,Sex,None,ULSM
n.risk,583,398,318,223,178,152,126,113,96,76,59,46,35,25,16,<10,<10,<10,0,Kaplan-Meier,Stomach,Male,All,Sex,None,ULSM
n.event,0,185,80,95,45,26,26,13,17,20,17,13,12,<10,<10,<10,<10,<10,<10,Kaplan-Meier,Stomach,Male,All,Sex,None,ULSM
n.risk,1668,1516,1409,1233,1092,946,823,687,596,495,406,335,267,197,145,94,56,25,<10,Kaplan-Meier,Breast,Female,All,None,Sex,ULSM
n.event,0,152,107,176,141,146,123,136,91,101,89,71,68,70,53,50,38,31,21,Kaplan-Meier,Breast,Female,All,None,Sex,ULSM
n.risk,229,202,177,153,135,122,101,80,70,60,51,40,31,27,21,13,<10,<10,0,Kaplan-Meier,Breast,Male,All,None,Sex,ULSM
n.event,0,27,25,24,18,13,21,21,<10,<10,<10,11,<10,<10,<10,<10,<10,<10,<10,Kaplan-Meier,Breast,Male,All,None,Sex,ULSM
n.risk,897,765,690,578,504,438,357,304,260,211,173,136,113,71,50,30,21,<10,0,Kaplan-Meier,Colorectal,Female,All,None,Sex,ULSM
n.event,0,132,75,112,74,66,81,53,44,49,38,37,23,42,21,20,<10,12,<10,Kaplan-Meier,Colorectal,Female,All,None,Sex,ULSM
n.risk,898,729,650,515,431,378,324,269,228,185,150,109,82,54,32,20,12,<10,<10,Kaplan-Meier,Colorectal,Male,All,None,Sex,ULSM
n.event,0,169,79,135,84,53,54,55,41,43,35,41,27,28,22,12,<10,<10,<10,Kaplan-Meier,Colorectal,Male,All,None,Sex,ULSM
n.risk,216,190,175,154,136,125,105,90,79,68,59,47,36,30,26,16,<10,<10,0,Kaplan-Meier,Head_and_neck,Female,All,None,Sex,ULSM
n.event,0,26,15,21,18,11,20,15,11,11,<10,12,11,<10,<10,<10,<10,<10,0,Kaplan-Meier,Head_and_neck,Female,All,None,Sex,ULSM
n.risk,467,368,306,247,204,173,152,131,101,70,62,50,34,26,19,14,<10,<10,0,Kaplan-Meier,Head_and_neck,Male,All,None,Sex,ULSM
n.event,0,99,62,59,44,30,21,21,30,31,<10,12,16,<10,<10,<10,<10,<10,0,Kaplan-Meier,Head_and_neck,Male,All,None,Sex,ULSM
n.risk,93,41,30,15,<10,<10,<10,<10,<10,<10,<10,<10,0,0,0,0,0,0,0,Kaplan-Meier,Lung,Female,All,None,Sex,ULSM
n.event,0,52,11,15,<10,<10,<10,<10,<10,0,0,0,<10,0,0,0,0,0,0,Kaplan-Meier,Lung,Female,All,None,Sex,ULSM
n.risk,426,176,98,37,19,12,<10,<10,<10,<10,<10,<10,<10,<10,<10,<10,0,0,0,Kaplan-Meier,Lung,Male,All,None,Sex,ULSM
n.event,0,250,78,61,18,<10,<10,<10,<10,<10,<10,0,0,0,0,0,0,0,0,Kaplan-Meier,Lung,Male,All,None,Sex,ULSM
n.risk,153,83,66,49,40,31,26,22,17,13,11,<10,<10,<10,<10,<10,0,0,0,Kaplan-Meier,Pancreatic,Female,All,None,Sex,ULSM
n.event,0,70,17,17,<10,<10,<10,<10,<10,<10,<10,<10,<10,0,<10,<10,<10,0,0,Kaplan-Meier,Pancreatic,Female,All,None,Sex,ULSM
n.risk,135,66,48,32,24,22,18,14,11,<10,<10,<10,<10,<10,<10,<10,<10,0,0,Kaplan-Meier,Pancreatic,Male,All,None,Sex,ULSM
n.event,0,69,18,16,<10,<10,<10,<10,<10,<10,0,<10,0,<10,0,<10,<10,0,0,Kaplan-Meier,Pancreatic,Male,All,None,Sex,ULSM
n.risk,521,380,325,268,242,208,172,149,130,110,94,79,68,54,46,35,21,14,<10,Kaplan-Meier,Stomach,Female,All,None,Sex,ULSM
n.event,0,141,56,56,26,34,36,23,19,20,16,15,11,14,<10,11,14,<10,12,Kaplan-Meier,Stomach,Female,All,None,Sex,ULSM
n.risk,583,398,318,223,178,152,126,113,96,76,59,46,35,25,16,<10,<10,<10,0,Kaplan-Meier,Stomach,Male,All,None,Sex,ULSM
n.event,0,185,80,95,45,26,26,13,17,20,17,13,12,<10,<10,<10,<10,<10,<10,Kaplan-Meier,Stomach,Male,All,None,Sex,ULSM
n.risk,239,210,200,176,162,148,132,117,104,86,74,63,58,44,35,26,14,<10,<10,Kaplan-Meier,Breast,Both,18 to 39,Age,None,ULSM
n.event,0,29,10,24,14,14,16,15,13,18,12,11,<10,14,10,<10,12,<10,<10,Kaplan-Meier,Breast,Both,18 to 39,Age,None,ULSM
n.risk,341,318,298,265,240,212,186,160,146,125,104,85,67,55,39,22,15,<10,<10,Kaplan-Meier,Breast,Both,40 to 49,Age,None,ULSM
n.event,0,23,20,33,25,28,26,26,14,21,21,19,18,12,16,17,<10,10,<10,Kaplan-Meier,Breast,Both,40 to 49,Age,None,ULSM
n.risk,416,390,372,331,295,266,232,196,177,153,126,103,78,58,42,24,15,<10,<10,Kaplan-Meier,Breast,Both,50 to 59,Age,None,ULSM
n.event,0,26,18,41,36,29,34,36,19,24,27,23,25,20,16,18,<10,<10,<10,Kaplan-Meier,Breast,Both,50 to 59,Age,None,ULSM
n.risk,415,380,351,314,278,243,214,171,136,107,87,74,58,42,32,24,12,<10,0,Kaplan-Meier,Breast,Both,60 to 69,Age,None,ULSM
n.event,0,35,29,37,36,35,29,43,35,29,20,13,16,16,10,<10,12,<10,<10,Kaplan-Meier,Breast,Both,60 to 69,Age,None,ULSM
n.risk,294,266,236,206,178,148,122,95,81,64,51,40,31,21,16,10,<10,<10,0,Kaplan-Meier,Breast,Both,70 to 79,Age,None,ULSM
n.event,0,28,30,30,28,30,26,27,14,17,13,11,<10,10,<10,<10,<10,<10,<10,Kaplan-Meier,Breast,Both,70 to 79,Age,None,ULSM
n.risk,192,154,129,94,74,51,38,28,22,20,15,10,<10,<10,<10,<10,0,0,0,Kaplan-Meier,Breast,Both,80 +,Age,None,ULSM
n.event,0,38,25,35,20,23,13,10,<10,<10,<10,<10,<10,<10,<10,<10,<10,0,0,Kaplan-Meier,Breast,Both,80 +,Age,None,ULSM
n.risk,136,121,114,106,96,89,77,70,63,55,42,35,27,22,16,12,<10,<10,0,Kaplan-Meier,Colorectal,Both,18 to 39,Age,None,ULSM
n.event,0,15,<10,<10,10,<10,12,<10,<10,<10,13,<10,<10,<10,<10,<10,<10,<10,<10,Kaplan-Meier,Colorectal,Both,18 to 39,Age,None,ULSM
n.risk,136,120,106,91,81,71,62,56,50,39,31,24,17,10,<10,<10,<10,<10,0,Kaplan-Meier,Colorectal,Both,40 to 49,Age,None,ULSM
n.event,0,16,14,15,10,10,<10,<10,<10,11,<10,<10,<10,<10,<10,<10,<10,<10,<10,Kaplan-Meier,Colorectal,Both,40 to 49,Age,None,ULSM
n.risk,279,257,238,207,185,171,144,123,107,92,81,58,48,30,24,16,11,<10,<10,Kaplan-Meier,Colorectal,Both,50 to 59,Age,None,ULSM
n.event,0,22,19,31,22,14,27,21,16,15,11,23,10,18,<10,<10,<10,<10,<10,Kaplan-Meier,Colorectal,Both,50 to 59,Age,None,ULSM
n.risk,423,372,347,279,244,216,183,152,134,111,92,77,62,40,22,12,<10,<10,0,Kaplan-Meier,Colorectal,Both,60 to 69,Age,None,ULSM
n.event,0,51,25,68,35,28,33,31,18,23,19,15,15,22,18,10,<10,<10,<10,Kaplan-Meier,Colorectal,Both,60 to 69,Age,None,ULSM
n.risk,452,365,326,259,218,188,155,121,98,75,58,41,33,19,12,<10,<10,0,0,Kaplan-Meier,Colorectal,Both,70 to 79,Age,None,ULSM
n.event,0,87,39,67,41,30,33,34,23,23,17,17,<10,14,<10,<10,<10,<10,0,Kaplan-Meier,Colorectal,Both,70 to 79,Age,None,ULSM
n.risk,369,259,209,151,111,81,60,51,36,24,19,10,<10,<10,0,0,0,0,0,Kaplan-Meier,Colorectal,Both,80 +,Age,None,ULSM
n.event,0,110,50,58,40,30,21,<10,15,12,<10,<10,<10,<10,<10,0,0,0,0,Kaplan-Meier,Colorectal,Both,80 +,Age,None,ULSM
n.risk,86,71,65,57,52,47,42,35,33,28,25,22,18,15,14,<10,<10,<10,0,Kaplan-Meier,Head_and_neck,Both,18 to 39,Age,None,ULSM
n.event,0,15,<10,<10,<10,<10,<10,<10,<10,<10,<10,<10,<10,<10,<10,<10,<10,<10,0,Kaplan-Meier,Head_and_neck,Both,18 to 39,Age,None,ULSM
n.risk,77,61,54,43,31,29,24,20,15,<10,<10,<10,<10,<10,<10,<10,<10,<10,0,Kaplan-Meier,Head_and_neck,Both,40 to 49,Age,None,ULSM
n.event,0,16,<10,11,12,<10,<10,<10,<10,<10,<10,0,<10,0,0,<10,<10,<10,0,Kaplan-Meier,Head_and_neck,Both,40 to 49,Age,None,ULSM
n.risk,173,144,124,105,89,75,65,59,48,35,31,23,18,13,13,10,<10,<10,0,Kaplan-Meier,Head_and_neck,Both,50 to 59,Age,None,ULSM
n.event,0,29,20,19,17,13,10,<10,11,13,<10,<10,<10,<10,0,<10,<10,<10,0,Kaplan-Meier,Head_and_neck,Both,50 to 59,Age,None,ULSM
n.risk,175,147,125,107,94,76,66,55,42,31,26,21,11,<10,<10,<10,<10,<10,0,Kaplan-Meier,Head_and_neck,Both,60 to 69,Age,None,ULSM
n.event,0,28,22,18,13,18,10,11,13,11,<10,<10,10,<10,<10,<10,<10,<10,0,Kaplan-Meier,Head_and_neck,Both,60 to 69,Age,None,ULSM
n.risk,119,100,84,67,55,54,48,44,34,29,26,20,16,12,<10,<10,<10,0,0,Kaplan-Meier,Head_and_neck,Both,70 to 79,Age,None,ULSM
n.event,0,19,16,17,12,<10,<10,<10,10,<10,<10,<10,<10,<10,<10,<10,<10,<10,0,Kaplan-Meier,Head_and_neck,Both,70 to 79,Age,None,ULSM
n.risk,53,35,29,22,19,17,12,<10,<10,<10,<10,<10,<10,<10,<10,0,0,0,0,Kaplan-Meier,Head_and_neck,Both,80 +,Age,None,ULSM
n.event,0,18,<10,<10,<10,<10,<10,<10,0,<10,<10,<10,<10,0,0,<10,0,0,0,Kaplan-Meier,Head_and_neck,Both,80 +,Age,None,ULSM
n.risk,<10,<10,<10,<10,<10,<10,0,0,0,0,0,0,0,0,0,0,0,0,0,Kaplan-Meier,Lung,Both,18 to 39,Age,None,ULSM
n.event,0,<10,<10,0,0,<10,<10,0,0,0,0,0,0,0,0,0,0,0,0,Kaplan-Meier,Lung,Both,18 to 39,Age,None,ULSM
n.risk,28,14,<10,<10,<10,<10,0,0,0,0,0,0,0,0,0,0,0,0,0,Kaplan-Meier,Lung,Both,40 to 49,Age,None,ULSM
n.event,0,14,<10,<10,<10,0,<10,0,0,0,0,0,0,0,0,0,0,0,0,Kaplan-Meier,Lung,Both,40 to 49,Age,None,ULSM
n.risk,98,44,25,<10,<10,<10,<10,<10,0,0,0,0,0,0,0,0,0,0,0,Kaplan-Meier,Lung,Both,50 to 59,Age,None,ULSM
n.event,0,54,19,18,<10,<10,<10,0,<10,0,0,0,0,0,0,0,0,0,0,Kaplan-Meier,Lung,Both,50 to 59,Age,None,ULSM
n.risk,182,91,61,24,12,<10,<10,<10,<10,<10,<10,<10,<10,<10,<10,<10,0,0,0,Kaplan-Meier,Lung,Both,60 to 69,Age,None,ULSM
n.event,0,91,30,37,12,<10,<10,<10,<10,<10,0,0,0,0,0,0,0,0,0,Kaplan-Meier,Lung,Both,60 to 69,Age,None,ULSM
n.risk,138,45,26,14,<10,<10,<10,<10,<10,<10,<10,<10,0,0,0,0,0,0,0,Kaplan-Meier,Lung,Both,70 to 79,Age,None,ULSM
n.event,0,93,19,12,<10,<10,<10,<10,0,0,<10,0,<10,0,0,0,0,0,0,Kaplan-Meier,Lung,Both,70 to 79,Age,None,ULSM
n.risk,67,20,<10,<10,<10,<10,<10,<10,0,0,0,0,0,0,0,0,0,0,0,Kaplan-Meier,Lung,Both,80 +,Age,None,ULSM
n.event,0,47,12,<10,<10,0,0,0,<10,0,0,0,0,0,0,0,0,0,0,Kaplan-Meier,Lung,Both,80 +,Age,None,ULSM
n.risk,15,12,12,12,12,<10,<10,<10,<10,<10,<10,<10,<10,<10,<10,<10,<10,0,0,Kaplan-Meier,Pancreatic,Both,18 to 39,Age,None,ULSM
n.event,0,<10,0,0,0,<10,<10,0,<10,<10,0,0,0,<10,0,0,<10,0,0,Kaplan-Meier,Pancreatic,Both,18 to 39,Age,None,ULSM
n.risk,21,15,14,13,13,13,13,13,12,<10,<10,<10,<10,<10,<10,<10,0,0,0,Kaplan-Meier,Pancreatic,Both,40 to 49,Age,None,ULSM
n.event,0,<10,<10,<10,0,0,0,0,<10,<10,<10,<10,<10,0,0,<10,<10,0,0,Kaplan-Meier,Pancreatic,Both,40 to 49,Age,None,ULSM
n.risk,44,27,22,15,13,10,<10,<10,<10,<10,<10,<10,<10,<10,<10,<10,0,0,0,Kaplan-Meier,Pancreatic,Both,50 to 59,Age,None,ULSM
n.event,0,17,<10,<10,<10,<10,<10,<10,<10,0,0,0,0,0,<10,<10,<10,0,0,Kaplan-Meier,Pancreatic,Both,50 to 59,Age,None,ULSM
n.risk,62,35,27,16,12,11,<10,<10,<10,<10,<10,<10,<10,0,0,0,0,0,0,Kaplan-Meier,Pancreatic,Both,60 to 69,Age,None,ULSM
n.event,0,27,<10,11,<10,<10,<10,<10,<10,<10,0,<10,0,<10,0,0,0,0,0,Kaplan-Meier,Pancreatic,Both,60 to 69,Age,None,ULSM
n.risk,89,41,27,17,10,<10,<10,<10,<10,<10,<10,0,0,0,0,0,0,0,0,Kaplan-Meier,Pancreatic,Both,70 to 79,Age,None,ULSM
n.event,0,48,14,10,<10,<10,<10,0,<10,0,<10,<10,0,0,0,0,0,0,0,Kaplan-Meier,Pancreatic,Both,70 to 79,Age,None,ULSM
n.risk,57,19,12,<10,<10,<10,<10,<10,0,0,0,0,0,0,0,0,0,0,0,Kaplan-Meier,Pancreatic,Both,80 +,Age,None,ULSM
n.event,0,38,<10,<10,<10,<10,0,<10,<10,0,0,0,0,0,0,0,0,0,0,Kaplan-Meier,Pancreatic,Both,80 +,Age,None,ULSM
n.risk,17,16,13,11,<10,<10,<10,<10,<10,<10,<10,<10,<10,<10,<10,<10,<10,<10,0,Kaplan-Meier,Prostate,Male,18 to 39,Age,None,ULSM
n.event,0,<10,<10,<10,<10,0,<10,<10,0,0,<10,0,<10,0,0,0,0,<10,<10,Kaplan-Meier,Prostate,Male,18 to 39,Age,None,ULSM
n.risk,14,14,13,11,<10,<10,<10,<10,<10,<10,<10,<10,<10,<10,<10,<10,0,0,0,Kaplan-Meier,Prostate,Male,40 to 49,Age,None,ULSM
n.event,0,0,<10,<10,<10,0,<10,<10,<10,<10,0,<10,0,0,0,0,<10,0,0,Kaplan-Meier,Prostate,Male,40 to 49,Age,None,ULSM
n.risk,125,117,105,99,89,79,69,60,47,37,31,26,19,17,13,10,<10,<10,<10,Kaplan-Meier,Prostate,Male,50 to 59,Age,None,ULSM
n.event,0,<10,12,<10,10,10,10,<10,13,10,<10,<10,<10,<10,<10,<10,<10,<10,<10,Kaplan-Meier,Prostate,Male,50 to 59,Age,None,ULSM
n.risk,382,347,332,294,261,227,185,160,125,104,86,69,51,33,23,12,<10,<10,<10,Kaplan-Meier,Prostate,Male,60 to 69,Age,None,ULSM
n.event,0,35,15,38,33,34,42,25,35,21,18,17,18,18,10,11,<10,<10,<10,Kaplan-Meier,Prostate,Male,60 to 69,Age,None,ULSM
n.risk,430,380,341,289,252,210,188,158,94,71,54,40,29,12,<10,<10,<10,0,0,Kaplan-Meier,Prostate,Male,70 to 79,Age,None,ULSM
n.event,0,50,39,52,37,42,22,30,64,23,17,14,11,17,<10,<10,<10,<10,0,Kaplan-Meier,Prostate,Male,70 to 79,Age,None,ULSM
n.risk,315,229,192,144,100,77,68,54,22,18,12,<10,<10,<10,<10,<10,<10,0,0,Kaplan-Meier,Prostate,Male,80 +,Age,None,ULSM
n.event,0,86,37,49,43,23,<10,14,32,<10,<10,<10,<10,<10,0,0,0,<10,0,Kaplan-Meier,Prostate,Male,80 +,Age,None,ULSM
n.risk,85,69,65,58,52,49,43,38,35,28,25,21,17,14,12,<10,<10,<10,0,Kaplan-Meier,Stomach,Both,18 to 39,Age,None,ULSM
n.event,0,16,<10,<10,<10,<10,<10,<10,<10,<10,<10,<10,<10,<10,<10,<10,<10,<10,<10,Kaplan-Meier,Stomach,Both,18 to 39,Age,None,ULSM
n.risk,89,74,64,52,44,41,36,33,27,22,17,14,13,11,11,<10,<10,<10,0,Kaplan-Meier,Stomach,Both,40 to 49,Age,None,ULSM
n.event,0,15,10,12,<10,<10,<10,<10,<10,<10,<10,<10,<10,<10,0,<10,<10,<10,<10,Kaplan-Meier,Stomach,Both,40 to 49,Age,None,ULSM
n.risk,183,140,124,101,92,86,76,68,58,51,47,36,30,26,22,18,11,<10,<10,Kaplan-Meier,Stomach,Both,50 to 59,Age,None,ULSM
n.event,0,43,16,23,<10,<10,10,<10,10,<10,<10,11,<10,<10,<10,<10,<10,<10,<10,Kaplan-Meier,Stomach,Both,50 to 59,Age,None,ULSM
n.risk,264,205,165,126,106,88,71,63,53,40,35,31,22,17,10,<10,<10,<10,0,Kaplan-Meier,Stomach,Both,60 to 69,Age,None,ULSM
n.event,0,59,40,39,20,18,17,<10,10,13,<10,<10,<10,<10,<10,<10,<10,<10,<10,Kaplan-Meier,Stomach,Both,60 to 69,Age,None,ULSM
n.risk,302,194,158,111,92,69,56,47,42,36,24,20,18,11,<10,<10,<10,0,0,Kaplan-Meier,Stomach,Both,70 to 79,Age,None,ULSM
n.event,0,108,37,46,19,23,13,<10,<10,<10,12,<10,<10,<10,<10,<10,<10,<10,0,Kaplan-Meier,Stomach,Both,70 to 79,Age,None,ULSM
n.risk,181,96,67,43,34,27,16,13,11,<10,<10,<10,<10,0,0,0,0,0,0,Kaplan-Meier,Stomach,Both,80 +,Age,None,ULSM
n.event,0,85,29,24,<10,<10,11,<10,<10,<10,<10,<10,0,<10,0,0,0,0,0,Kaplan-Meier,Stomach,Both,80 +,Age,None,ULSM
n.risk,239,210,200,176,162,148,132,117,104,86,74,63,58,44,35,26,14,<10,<10,Kaplan-Meier,Breast,Both,18 to 39,None,Age,ULSM
n.event,0,29,10,24,14,14,16,15,13,18,12,11,<10,14,10,<10,12,<10,<10,Kaplan-Meier,Breast,Both,18 to 39,None,Age,ULSM
n.risk,341,318,298,265,240,212,186,160,146,125,104,85,67,55,39,22,15,<10,<10,Kaplan-Meier,Breast,Both,40 to 49,None,Age,ULSM
n.event,0,23,20,33,25,28,26,26,14,21,21,19,18,12,16,17,<10,10,<10,Kaplan-Meier,Breast,Both,40 to 49,None,Age,ULSM
n.risk,416,390,372,331,295,266,232,196,177,153,126,103,78,58,42,24,15,<10,<10,Kaplan-Meier,Breast,Both,50 to 59,None,Age,ULSM
n.event,0,26,18,41,36,29,34,36,19,24,27,23,25,20,16,18,<10,<10,<10,Kaplan-Meier,Breast,Both,50 to 59,None,Age,ULSM
n.risk,415,380,351,314,278,243,214,171,136,107,87,74,58,42,32,24,12,<10,0,Kaplan-Meier,Breast,Both,60 to 69,None,Age,ULSM
n.event,0,35,29,37,36,35,29,43,35,29,20,13,16,16,10,<10,12,<10,<10,Kaplan-Meier,Breast,Both,60 to 69,None,Age,ULSM
n.risk,294,266,236,206,178,148,122,95,81,64,51,40,31,21,16,10,<10,<10,0,Kaplan-Meier,Breast,Both,70 to 79,None,Age,ULSM
n.event,0,28,30,30,28,30,26,27,14,17,13,11,<10,10,<10,<10,<10,<10,<10,Kaplan-Meier,Breast,Both,70 to 79,None,Age,ULSM
n.risk,192,154,129,94,74,51,38,28,22,20,15,10,<10,<10,<10,<10,0,0,0,Kaplan-Meier,Breast,Both,80 +,None,Age,ULSM
n.event,0,38,25,35,20,23,13,10,<10,<10,<10,<10,<10,<10,<10,<10,<10,0,0,Kaplan-Meier,Breast,Both,80 +,None,Age,ULSM
n.risk,136,121,114,106,96,89,77,70,63,55,42,35,27,22,16,12,<10,<10,0,Kaplan-Meier,Colorectal,Both,18 to 39,None,Age,ULSM
n.event,0,15,<10,<10,10,<10,12,<10,<10,<10,13,<10,<10,<10,<10,<10,<10,<10,<10,Kaplan-Meier,Colorectal,Both,18 to 39,None,Age,ULSM
n.risk,136,120,106,91,81,71,62,56,50,39,31,24,17,10,<10,<10,<10,<10,0,Kaplan-Meier,Colorectal,Both,40 to 49,None,Age,ULSM
n.event,0,16,14,15,10,10,<10,<10,<10,11,<10,<10,<10,<10,<10,<10,<10,<10,<10,Kaplan-Meier,Colorectal,Both,40 to 49,None,Age,ULSM
n.risk,279,257,238,207,185,171,144,123,107,92,81,58,48,30,24,16,11,<10,<10,Kaplan-Meier,Colorectal,Both,50 to 59,None,Age,ULSM
n.event,0,22,19,31,22,14,27,21,16,15,11,23,10,18,<10,<10,<10,<10,<10,Kaplan-Meier,Colorectal,Both,50 to 59,None,Age,ULSM
n.risk,423,372,347,279,244,216,183,152,134,111,92,77,62,40,22,12,<10,<10,0,Kaplan-Meier,Colorectal,Both,60 to 69,None,Age,ULSM
n.event,0,51,25,68,35,28,33,31,18,23,19,15,15,22,18,10,<10,<10,<10,Kaplan-Meier,Colorectal,Both,60 to 69,None,Age,ULSM
n.risk,452,365,326,259,218,188,155,121,98,75,58,41,33,19,12,<10,<10,0,0,Kaplan-Meier,Colorectal,Both,70 to 79,None,Age,ULSM
n.event,0,87,39,67,41,30,33,34,23,23,17,17,<10,14,<10,<10,<10,<10,0,Kaplan-Meier,Colorectal,Both,70 to 79,None,Age,ULSM
n.risk,369,259,209,151,111,81,60,51,36,24,19,10,<10,<10,0,0,0,0,0,Kaplan-Meier,Colorectal,Both,80 +,None,Age,ULSM
n.event,0,110,50,58,40,30,21,<10,15,12,<10,<10,<10,<10,<10,0,0,0,0,Kaplan-Meier,Colorectal,Both,80 +,None,Age,ULSM
n.risk,86,71,65,57,52,47,42,35,33,28,25,22,18,15,14,<10,<10,<10,0,Kaplan-Meier,Head_and_neck,Both,18 to 39,None,Age,ULSM
n.event,0,15,<10,<10,<10,<10,<10,<10,<10,<10,<10,<10,<10,<10,<10,<10,<10,<10,0,Kaplan-Meier,Head_and_neck,Both,18 to 39,None,Age,ULSM
n.risk,77,61,54,43,31,29,24,20,15,<10,<10,<10,<10,<10,<10,<10,<10,<10,0,Kaplan-Meier,Head_and_neck,Both,40 to 49,None,Age,ULSM
n.event,0,16,<10,11,12,<10,<10,<10,<10,<10,<10,0,<10,0,0,<10,<10,<10,0,Kaplan-Meier,Head_and_neck,Both,40 to 49,None,Age,ULSM
n.risk,173,144,124,105,89,75,65,59,48,35,31,23,18,13,13,10,<10,<10,0,Kaplan-Meier,Head_and_neck,Both,50 to 59,None,Age,ULSM
n.event,0,29,20,19,17,13,10,<10,11,13,<10,<10,<10,<10,0,<10,<10,<10,0,Kaplan-Meier,Head_and_neck,Both,50 to 59,None,Age,ULSM
n.risk,175,147,125,107,94,76,66,55,42,31,26,21,11,<10,<10,<10,<10,<10,0,Kaplan-Meier,Head_and_neck,Both,60 to 69,None,Age,ULSM
n.event,0,28,22,18,13,18,10,11,13,11,<10,<10,10,<10,<10,<10,<10,<10,0,Kaplan-Meier,Head_and_neck,Both,60 to 69,None,Age,ULSM
n.risk,119,100,84,67,55,54,48,44,34,29,26,20,16,12,<10,<10,<10,0,0,Kaplan-Meier,Head_and_neck,Both,70 to 79,None,Age,ULSM
n.event,0,19,16,17,12,<10,<10,<10,10,<10,<10,<10,<10,<10,<10,<10,<10,<10,0,Kaplan-Meier,Head_and_neck,Both,70 to 79,None,Age,ULSM
n.risk,53,35,29,22,19,17,12,<10,<10,<10,<10,<10,<10,<10,<10,0,0,0,0,Kaplan-Meier,Head_and_neck,Both,80 +,None,Age,ULSM
n.event,0,18,<10,<10,<10,<10,<10,<10,0,<10,<10,<10,<10,0,0,<10,0,0,0,Kaplan-Meier,Head_and_neck,Both,80 +,None,Age,ULSM
n.risk,<10,<10,<10,<10,<10,<10,0,0,0,0,0,0,0,0,0,0,0,0,0,Kaplan-Meier,Lung,Both,18 to 39,None,Age,ULSM
n.event,0,<10,<10,0,0,<10,<10,0,0,0,0,0,0,0,0,0,0,0,0,Kaplan-Meier,Lung,Both,18 to 39,None,Age,ULSM
n.risk,28,14,<10,<10,<10,<10,0,0,0,0,0,0,0,0,0,0,0,0,0,Kaplan-Meier,Lung,Both,40 to 49,None,Age,ULSM
n.event,0,14,<10,<10,<10,0,<10,0,0,0,0,0,0,0,0,0,0,0,0,Kaplan-Meier,Lung,Both,40 to 49,None,Age,ULSM
n.risk,98,44,25,<10,<10,<10,<10,<10,0,0,0,0,0,0,0,0,0,0,0,Kaplan-Meier,Lung,Both,50 to 59,None,Age,ULSM
n.event,0,54,19,18,<10,<10,<10,0,<10,0,0,0,0,0,0,0,0,0,0,Kaplan-Meier,Lung,Both,50 to 59,None,Age,ULSM
n.risk,182,91,61,24,12,<10,<10,<10,<10,<10,<10,<10,<10,<10,<10,<10,0,0,0,Kaplan-Meier,Lung,Both,60 to 69,None,Age,ULSM
n.event,0,91,30,37,12,<10,<10,<10,<10,<10,0,0,0,0,0,0,0,0,0,Kaplan-Meier,Lung,Both,60 to 69,None,Age,ULSM
n.risk,138,45,26,14,<10,<10,<10,<10,<10,<10,<10,<10,0,0,0,0,0,0,0,Kaplan-Meier,Lung,Both,70 to 79,None,Age,ULSM
n.event,0,93,19,12,<10,<10,<10,<10,0,0,<10,0,<10,0,0,0,0,0,0,Kaplan-Meier,Lung,Both,70 to 79,None,Age,ULSM
n.risk,67,20,<10,<10,<10,<10,<10,<10,0,0,0,0,0,0,0,0,0,0,0,Kaplan-Meier,Lung,Both,80 +,None,Age,ULSM
n.event,0,47,12,<10,<10,0,0,0,<10,0,0,0,0,0,0,0,0,0,0,Kaplan-Meier,Lung,Both,80 +,None,Age,ULSM
n.risk,15,12,12,12,12,<10,<10,<10,<10,<10,<10,<10,<10,<10,<10,<10,<10,0,0,Kaplan-Meier,Pancreatic,Both,18 to 39,None,Age,ULSM
n.event,0,<10,0,0,0,<10,<10,0,<10,<10,0,0,0,<10,0,0,<10,0,0,Kaplan-Meier,Pancreatic,Both,18 to 39,None,Age,ULSM
n.risk,21,15,14,13,13,13,13,13,12,<10,<10,<10,<10,<10,<10,<10,0,0,0,Kaplan-Meier,Pancreatic,Both,40 to 49,None,Age,ULSM
n.event,0,<10,<10,<10,0,0,0,0,<10,<10,<10,<10,<10,0,0,<10,<10,0,0,Kaplan-Meier,Pancreatic,Both,40 to 49,None,Age,ULSM
n.risk,44,27,22,15,13,10,<10,<10,<10,<10,<10,<10,<10,<10,<10,<10,0,0,0,Kaplan-Meier,Pancreatic,Both,50 to 59,None,Age,ULSM
n.event,0,17,<10,<10,<10,<10,<10,<10,<10,0,0,0,0,0,<10,<10,<10,0,0,Kaplan-Meier,Pancreatic,Both,50 to 59,None,Age,ULSM
n.risk,62,35,27,16,12,11,<10,<10,<10,<10,<10,<10,<10,0,0,0,0,0,0,Kaplan-Meier,Pancreatic,Both,60 to 69,None,Age,ULSM
n.event,0,27,<10,11,<10,<10,<10,<10,<10,<10,0,<10,0,<10,0,0,0,0,0,Kaplan-Meier,Pancreatic,Both,60 to 69,None,Age,ULSM
n.risk,89,41,27,17,10,<10,<10,<10,<10,<10,<10,0,0,0,0,0,0,0,0,Kaplan-Meier,Pancreatic,Both,70 to 79,None,Age,ULSM
n.event,0,48,14,10,<10,<10,<10,0,<10,0,<10,<10,0,0,0,0,0,0,0,Kaplan-Meier,Pancreatic,Both,70 to 79,None,Age,ULSM
n.risk,57,19,12,<10,<10,<10,<10,<10,0,0,0,0,0,0,0,0,0,0,0,Kaplan-Meier,Pancreatic,Both,80 +,None,Age,ULSM
n.event,0,38,<10,<10,<10,<10,0,<10,<10,0,0,0,0,0,0,0,0,0,0,Kaplan-Meier,Pancreatic,Both,80 +,None,Age,ULSM
n.risk,17,16,13,11,<10,<10,<10,<10,<10,<10,<10,<10,<10,<10,<10,<10,<10,<10,0,Kaplan-Meier,Prostate,Male,18 to 39,None,Age,ULSM
n.event,0,<10,<10,<10,<10,0,<10,<10,0,0,<10,0,<10,0,0,0,0,<10,<10,Kaplan-Meier,Prostate,Male,18 to 39,None,Age,ULSM
n.risk,14,14,13,11,<10,<10,<10,<10,<10,<10,<10,<10,<10,<10,<10,<10,0,0,0,Kaplan-Meier,Prostate,Male,40 to 49,None,Age,ULSM
n.event,0,0,<10,<10,<10,0,<10,<10,<10,<10,0,<10,0,0,0,0,<10,0,0,Kaplan-Meier,Prostate,Male,40 to 49,None,Age,ULSM
n.risk,125,117,105,99,89,79,69,60,47,37,31,26,19,17,13,10,<10,<10,<10,Kaplan-Meier,Prostate,Male,50 to 59,None,Age,ULSM
n.event,0,<10,12,<10,10,10,10,<10,13,10,<10,<10,<10,<10,<10,<10,<10,<10,<10,Kaplan-Meier,Prostate,Male,50 to 59,None,Age,ULSM
n.risk,382,347,332,294,261,227,185,160,125,104,86,69,51,33,23,12,<10,<10,<10,Kaplan-Meier,Prostate,Male,60 to 69,None,Age,ULSM
n.event,0,35,15,38,33,34,42,25,35,21,18,17,18,18,10,11,<10,<10,<10,Kaplan-Meier,Prostate,Male,60 to 69,None,Age,ULSM
n.risk,430,380,341,289,252,210,188,158,94,71,54,40,29,12,<10,<10,<10,0,0,Kaplan-Meier,Prostate,Male,70 to 79,None,Age,ULSM
n.event,0,50,39,52,37,42,22,30,64,23,17,14,11,17,<10,<10,<10,<10,0,Kaplan-Meier,Prostate,Male,70 to 79,None,Age,ULSM
n.risk,315,229,192,144,100,77,68,54,22,18,12,<10,<10,<10,<10,<10,<10,0,0,Kaplan-Meier,Prostate,Male,80 +,None,Age,ULSM
n.event,0,86,37,49,43,23,<10,14,32,<10,<10,<10,<10,<10,0,0,0,<10,0,Kaplan-Meier,Prostate,Male,80 +,None,Age,ULSM
n.risk,85,69,65,58,52,49,43,38,35,28,25,21,17,14,12,<10,<10,<10,0,Kaplan-Meier,Stomach,Both,18 to 39,None,Age,ULSM
n.event,0,16,<10,<10,<10,<10,<10,<10,<10,<10,<10,<10,<10,<10,<10,<10,<10,<10,<10,Kaplan-Meier,Stomach,Both,18 to 39,None,Age,ULSM
n.risk,89,74,64,52,44,41,36,33,27,22,17,14,13,11,11,<10,<10,<10,0,Kaplan-Meier,Stomach,Both,40 to 49,None,Age,ULSM
n.event,0,15,10,12,<10,<10,<10,<10,<10,<10,<10,<10,<10,<10,0,<10,<10,<10,<10,Kaplan-Meier,Stomach,Both,40 to 49,None,Age,ULSM
n.risk,183,140,124,101,92,86,76,68,58,51,47,36,30,26,22,18,11,<10,<10,Kaplan-Meier,Stomach,Both,50 to 59,None,Age,ULSM
n.event,0,43,16,23,<10,<10,10,<10,10,<10,<10,11,<10,<10,<10,<10,<10,<10,<10,Kaplan-Meier,Stomach,Both,50 to 59,None,Age,ULSM
n.risk,264,205,165,126,106,88,71,63,53,40,35,31,22,17,10,<10,<10,<10,0,Kaplan-Meier,Stomach,Both,60 to 69,None,Age,ULSM
n.event,0,59,40,39,20,18,17,<10,10,13,<10,<10,<10,<10,<10,<10,<10,<10,<10,Kaplan-Meier,Stomach,Both,60 to 69,None,Age,ULSM
n.risk,302,194,158,111,92,69,56,47,42,36,24,20,18,11,<10,<10,<10,0,0,Kaplan-Meier,Stomach,Both,70 to 79,None,Age,ULSM
n.event,0,108,37,46,19,23,13,<10,<10,<10,12,<10,<10,<10,<10,<10,<10,<10,0,Kaplan-Meier,Stomach,Both,70 to 79,None,Age,ULSM
n.risk,181,96,67,43,34,27,16,13,11,<10,<10,<10,<10,0,0,0,0,0,0,Kaplan-Meier,Stomach,Both,80 +,None,Age,ULSM
n.event,0,85,29,24,<10,<10,11,<10,<10,<10,<10,<10,0,<10,0,0,0,0,0,Kaplan-Meier,Stomach,Both,80 +,None,Age,ULSM
n.risk,189,166,159,140,129,119,109,99,87,72,62,56,51,37,30,22,11,<10,<10,Kaplan-Meier,Breast,Female,18 to 39,agesex,None,ULSM
n.event,0,23,<10,19,11,10,10,10,12,15,10,<10,<10,14,<10,<10,11,<10,<10,Kaplan-Meier,Breast,Female,18 to 39,agesex,None,ULSM
n.risk,50,44,41,36,33,29,23,18,17,14,12,<10,<10,<10,<10,<10,<10,<10,0,Kaplan-Meier,Breast,Male,18 to 39,agesex,None,ULSM
n.event,0,<10,<10,<10,<10,<10,<10,<10,<10,<10,<10,<10,0,0,<10,<10,<10,<10,<10,Kaplan-Meier,Breast,Male,18 to 39,agesex,None,ULSM
n.risk,310,288,272,241,218,191,168,144,133,116,97,79,64,52,37,22,15,<10,<10,Kaplan-Meier,Breast,Female,40 to 49,agesex,None,ULSM
n.event,0,22,16,31,23,27,23,24,11,17,19,18,15,12,15,15,<10,10,<10,Kaplan-Meier,Breast,Female,40 to 49,agesex,None,ULSM
n.risk,31,30,26,24,22,21,18,16,13,<10,<10,<10,<10,<10,<10,0,0,0,0,Kaplan-Meier,Breast,Male,40 to 49,agesex,None,ULSM
n.event,0,<10,<10,<10,<10,<10,<10,<10,<10,<10,<10,<10,<10,0,<10,<10,0,0,0,Kaplan-Meier,Breast,Male,40 to 49,agesex,None,ULSM
n.risk,378,355,340,303,269,241,213,180,165,141,115,95,71,53,38,22,15,<10,<10,Kaplan-Meier,Breast,Female,50 to 59,agesex,None,ULSM
n.event,0,23,15,37,34,28,28,33,15,24,26,20,24,18,15,16,<10,<10,<10,Kaplan-Meier,Breast,Female,50 to 59,agesex,None,ULSM
n.risk,38,35,32,28,26,25,19,16,12,12,11,<10,<10,<10,<10,<10,0,0,0,Kaplan-Meier,Breast,Male,50 to 59,agesex,None,ULSM
n.event,0,<10,<10,<10,<10,<10,<10,<10,<10,0,<10,<10,<10,<10,<10,<10,<10,0,0,Kaplan-Meier,Breast,Male,50 to 59,agesex,None,ULSM
n.risk,370,337,312,281,250,217,189,155,121,93,73,61,49,35,26,19,<10,<10,0,Kaplan-Meier,Breast,Female,60 to 69,agesex,None,ULSM
n.event,0,33,25,31,31,33,28,34,34,28,20,12,12,14,<10,<10,10,<10,<10,Kaplan-Meier,Breast,Female,60 to 69,agesex,None,ULSM
n.risk,45,43,39,33,28,26,25,16,15,14,14,13,<10,<10,<10,<10,<10,<10,0,Kaplan-Meier,Breast,Male,60 to 69,agesex,None,ULSM
n.event,0,<10,<10,<10,<10,<10,<10,<10,<10,<10,0,<10,<10,<10,<10,<10,<10,<10,<10,Kaplan-Meier,Breast,Male,60 to 69,agesex,None,ULSM
n.risk,247,226,203,178,154,129,107,82,69,54,44,34,26,16,12,<10,<10,<10,0,Kaplan-Meier,Breast,Female,70 to 79,agesex,None,ULSM
n.event,0,21,23,25,24,25,22,25,13,15,10,10,<10,10,<10,<10,<10,<10,<10,Kaplan-Meier,Breast,Female,70 to 79,agesex,None,ULSM
n.risk,47,40,33,28,24,19,15,13,12,10,<10,<10,<10,<10,<10,<10,<10,0,0,Kaplan-Meier,Breast,Male,70 to 79,agesex,None,ULSM
n.event,0,<10,<10,<10,<10,<10,<10,<10,<10,<10,<10,<10,<10,0,<10,<10,<10,<10,0,Kaplan-Meier,Breast,Male,70 to 79,agesex,None,ULSM
n.risk,174,144,123,90,72,49,37,27,21,19,15,10,<10,<10,<10,<10,0,0,0,Kaplan-Meier,Breast,Female,80 +,agesex,None,ULSM
n.event,0,30,21,33,18,23,12,10,<10,<10,<10,<10,<10,<10,<10,<10,<10,0,0,Kaplan-Meier,Breast,Female,80 +,agesex,None,ULSM
n.risk,18,10,<10,<10,<10,<10,<10,<10,<10,<10,0,0,0,0,0,0,0,0,0,Kaplan-Meier,Breast,Male,80 +,agesex,None,ULSM
n.event,0,<10,<10,<10,<10,0,<10,0,0,0,<10,0,0,0,0,0,0,0,0,Kaplan-Meier,Breast,Male,80 +,agesex,None,ULSM
n.risk,91,80,75,70,62,59,49,44,41,36,26,23,18,13,<10,<10,<10,<10,0,Kaplan-Meier,Colorectal,Female,18 to 39,agesex,None,ULSM
n.event,0,11,<10,<10,<10,<10,10,<10,<10,<10,10,<10,<10,<10,<10,<10,<10,<10,<10,Kaplan-Meier,Colorectal,Female,18 to 39,agesex,None,ULSM
n.risk,45,41,39,36,34,30,28,26,22,19,16,12,<10,<10,<10,<10,<10,<10,0,Kaplan-Meier,Colorectal,Male,18 to 39,agesex,None,ULSM
n.event,0,<10,<10,<10,<10,<10,<10,<10,<10,<10,<10,<10,<10,0,<10,0,<10,<10,<10,Kaplan-Meier,Colorectal,Male,18 to 39,agesex,None,ULSM
n.risk,87,79,69,59,55,48,40,36,32,23,19,15,11,<10,<10,<10,<10,0,0,Kaplan-Meier,Colorectal,Female,40 to 49,agesex,None,ULSM
n.event,0,<10,10,10,<10,<10,<10,<10,<10,<10,<10,<10,<10,<10,<10,<10,<10,<10,0,Kaplan-Meier,Colorectal,Female,40 to 49,agesex,None,ULSM
n.risk,49,41,37,32,26,23,22,20,18,16,12,<10,<10,<10,<10,<10,<10,<10,0,Kaplan-Meier,Colorectal,Male,40 to 49,agesex,None,ULSM
n.event,0,<10,<10,<10,<10,<10,<10,<10,<10,<10,<10,<10,<10,<10,0,0,0,0,<10,Kaplan-Meier,Colorectal,Male,40 to 49,agesex,None,ULSM
n.risk,126,117,111,96,88,79,65,58,49,47,40,32,27,16,14,10,<10,<10,0,Kaplan-Meier,Colorectal,Female,50 to 59,agesex,None,ULSM
n.event,0,<10,<10,15,<10,<10,14,<10,<10,<10,<10,<10,<10,11,<10,<10,<10,<10,<10,Kaplan-Meier,Colorectal,Female,50 to 59,agesex,None,ULSM
n.risk,153,140,127,111,97,92,79,65,58,45,41,26,21,14,10,<10,<10,<10,<10,Kaplan-Meier,Colorectal,Male,50 to 59,agesex,None,ULSM
n.event,0,13,13,16,14,<10,13,14,<10,13,<10,15,<10,<10,<10,<10,<10,<10,<10,Kaplan-Meier,Colorectal,Male,50 to 59,agesex,None,ULSM
n.risk,182,168,159,133,117,104,89,75,65,53,45,36,30,18,11,<10,<10,<10,0,Kaplan-Meier,Colorectal,Female,60 to 69,agesex,None,ULSM
n.event,0,14,<10,26,16,13,15,14,10,12,<10,<10,<10,12,<10,<10,<10,<10,<10,Kaplan-Meier,Colorectal,Female,60 to 69,agesex,None,ULSM
n.risk,241,204,188,146,127,112,94,77,69,58,47,41,32,22,11,<10,<10,0,0,Kaplan-Meier,Colorectal,Male,60 to 69,agesex,None,ULSM
n.event,0,37,16,42,19,15,18,17,<10,11,11,<10,<10,10,11,<10,<10,<10,0,Kaplan-Meier,Colorectal,Male,60 to 69,agesex,None,ULSM
n.risk,210,173,157,130,113,96,77,60,51,38,33,24,22,12,<10,<10,<10,0,0,Kaplan-Meier,Colorectal,Female,70 to 79,agesex,None,ULSM
n.event,0,37,16,27,17,17,19,17,<10,13,<10,<10,<10,10,<10,<10,<10,<10,0,Kaplan-Meier,Colorectal,Female,70 to 79,agesex,None,ULSM
n.risk,242,192,169,129,105,92,78,61,47,37,25,17,11,<10,<10,<10,<10,0,0,Kaplan-Meier,Colorectal,Male,70 to 79,agesex,None,ULSM
n.event,0,50,23,40,24,13,14,17,14,10,12,<10,<10,<10,<10,<10,0,<10,0,Kaplan-Meier,Colorectal,Male,70 to 79,agesex,None,ULSM
n.risk,201,148,119,90,69,52,37,31,22,14,10,<10,<10,<10,0,0,0,0,0,Kaplan-Meier,Colorectal,Female,80 +,agesex,None,ULSM
n.event,0,53,29,29,21,17,15,<10,<10,<10,<10,<10,<10,<10,<10,0,0,0,0,Kaplan-Meier,Colorectal,Female,80 +,agesex,None,ULSM
n.risk,168,111,90,61,42,29,23,20,14,10,<10,<10,<10,<10,0,0,0,0,0,Kaplan-Meier,Colorectal,Male,80 +,agesex,None,ULSM
n.event,0,57,21,29,19,13,<10,<10,<10,<10,<10,<10,<10,<10,<10,0,0,0,0,Kaplan-Meier,Colorectal,Male,80 +,agesex,None,ULSM
n.risk,55,47,47,44,40,37,34,28,28,25,22,19,15,13,12,<10,<10,<10,0,Kaplan-Meier,Head_and_neck,Female,18 to 39,agesex,None,ULSM
n.event,0,<10,0,<10,<10,<10,<10,<10,0,<10,<10,<10,<10,<10,<10,<10,<10,<10,0,Kaplan-Meier,Head_and_neck,Female,18 to 39,agesex,None,ULSM
n.risk,31,24,18,13,12,10,<10,<10,<10,<10,<10,<10,<10,<10,<10,<10,<10,0,0,Kaplan-Meier,Head_and_neck,Male,18 to 39,agesex,None,ULSM
n.event,0,<10,<10,<10,<10,<10,<10,<10,<10,<10,0,0,0,<10,0,0,0,<10,0,Kaplan-Meier,Head_and_neck,Male,18 to 39,agesex,None,ULSM
n.risk,24,23,21,16,13,12,<10,<10,<10,<10,<10,<10,<10,<10,<10,<10,<10,<10,0,Kaplan-Meier,Head_and_neck,Female,40 to 49,agesex,None,ULSM
n.event,0,<10,<10,<10,<10,<10,<10,<10,<10,<10,<10,0,<10,0,0,0,<10,0,0,Kaplan-Meier,Head_and_neck,Female,40 to 49,agesex,None,ULSM
n.risk,53,38,33,27,18,17,15,12,<10,<10,<10,<10,<10,<10,<10,<10,<10,0,0,Kaplan-Meier,Head_and_neck,Male,40 to 49,agesex,None,ULSM
n.event,0,15,<10,<10,<10,<10,<10,<10,<10,<10,0,0,<10,0,0,<10,<10,<10,0,Kaplan-Meier,Head_and_neck,Male,40 to 49,agesex,None,ULSM
n.risk,45,41,37,34,30,25,20,18,15,13,10,<10,<10,<10,<10,<10,<10,<10,0,Kaplan-Meier,Head_and_neck,Female,50 to 59,agesex,None,ULSM
n.event,0,<10,<10,<10,<10,<10,<10,<10,<10,<10,<10,<10,<10,<10,0,0,<10,<10,0,Kaplan-Meier,Head_and_neck,Female,50 to 59,agesex,None,ULSM
n.risk,128,103,87,71,59,50,45,41,33,22,21,15,12,<10,<10,<10,<10,<10,0,Kaplan-Meier,Head_and_neck,Male,50 to 59,agesex,None,ULSM
n.event,0,25,16,16,13,<10,<10,<10,<10,11,<10,<10,<10,<10,0,<10,<10,<10,0,Kaplan-Meier,Head_and_neck,Male,50 to 59,agesex,None,ULSM
n.risk,42,38,35,31,28,26,23,19,15,11,11,<10,<10,<10,<10,<10,<10,<10,0,Kaplan-Meier,Head_and_neck,Female,60 to 69,agesex,None,ULSM
n.event,0,<10,<10,<10,<10,<10,<10,<10,<10,<10,0,<10,<10,<10,<10,<10,0,<10,0,Kaplan-Meier,Head_and_neck,Female,60 to 69,agesex,None,ULSM
n.risk,133,109,90,76,66,50,43,36,27,20,15,12,<10,<10,<10,<10,<10,0,0,Kaplan-Meier,Head_and_neck,Male,60 to 69,agesex,None,ULSM
n.event,0,24,19,14,10,16,<10,<10,<10,<10,<10,<10,<10,<10,<10,0,<10,<10,0,Kaplan-Meier,Head_and_neck,Male,60 to 69,agesex,None,ULSM
n.risk,29,27,22,20,17,17,15,14,12,12,10,<10,<10,<10,<10,<10,0,0,0,Kaplan-Meier,Head_and_neck,Female,70 to 79,agesex,None,ULSM
n.event,0,<10,<10,<10,<10,0,<10,<10,<10,0,<10,<10,<10,<10,<10,<10,<10,0,0,Kaplan-Meier,Head_and_neck,Female,70 to 79,agesex,None,ULSM
n.risk,90,73,62,47,38,37,33,30,22,17,16,14,11,<10,<10,<10,<10,0,0,Kaplan-Meier,Head_and_neck,Male,70 to 79,agesex,None,ULSM
n.event,0,17,11,15,<10,<10,<10,<10,<10,<10,<10,<10,<10,<10,<10,<10,<10,<10,0,Kaplan-Meier,Head_and_neck,Male,70 to 79,agesex,None,ULSM
n.risk,21,14,13,<10,<10,<10,<10,<10,<10,<10,<10,<10,<10,<10,<10,0,0,0,0,Kaplan-Meier,Head_and_neck,Female,80 +,agesex,None,ULSM
n.event,0,<10,<10,<10,<10,0,<10,<10,0,<10,0,<10,0,0,0,<10,0,0,0,Kaplan-Meier,Head_and_neck,Female,80 +,agesex,None,ULSM
n.risk,32,21,16,13,11,<10,<10,<10,<10,<10,<10,<10,0,0,0,0,0,0,0,Kaplan-Meier,Head_and_neck,Male,80 +,agesex,None,ULSM
n.event,0,11,<10,<10,<10,<10,<10,<10,0,<10,<10,<10,<10,0,0,0,0,0,0,Kaplan-Meier,Head_and_neck,Male,80 +,agesex,None,ULSM
n.risk,<10,<10,0,0,0,0,0,0,0,0,0,0,0,0,0,0,0,0,0,Kaplan-Meier,Lung,Male,18 to 39,agesex,None,ULSM
n.event,0,<10,<10,0,0,0,0,0,0,0,0,0,0,0,0,0,0,0,0,Kaplan-Meier,Lung,Male,18 to 39,agesex,None,ULSM
n.risk,10,<10,<10,<10,<10,<10,0,0,0,0,0,0,0,0,0,0,0,0,0,Kaplan-Meier,Lung,Female,40 to 49,agesex,None,ULSM
n.event,0,<10,<10,<10,<10,0,<10,0,0,0,0,0,0,0,0,0,0,0,0,Kaplan-Meier,Lung,Female,40 to 49,agesex,None,ULSM
n.risk,18,<10,<10,<10,0,0,0,0,0,0,0,0,0,0,0,0,0,0,0,Kaplan-Meier,Lung,Male,40 to 49,agesex,None,ULSM
n.event,0,<10,<10,<10,<10,0,0,0,0,0,0,0,0,0,0,0,0,0,0,Kaplan-Meier,Lung,Male,40 to 49,agesex,None,ULSM
n.risk,17,<10,<10,<10,<10,<10,0,0,0,0,0,0,0,0,0,0,0,0,0,Kaplan-Meier,Lung,Female,50 to 59,agesex,None,ULSM
n.event,0,<10,<10,<10,0,<10,<10,0,0,0,0,0,0,0,0,0,0,0,0,Kaplan-Meier,Lung,Female,50 to 59,agesex,None,ULSM
n.risk,81,35,17,<10,<10,<10,<10,<10,0,0,0,0,0,0,0,0,0,0,0,Kaplan-Meier,Lung,Male,50 to 59,agesex,None,ULSM
n.event,0,46,18,12,<10,<10,0,0,<10,0,0,0,0,0,0,0,0,0,0,Kaplan-Meier,Lung,Male,50 to 59,agesex,None,ULSM
n.risk,25,14,10,<10,<10,<10,<10,<10,0,0,0,0,0,0,0,0,0,0,0,Kaplan-Meier,Lung,Female,60 to 69,agesex,None,ULSM
n.event,0,11,<10,<10,<10,<10,0,0,<10,0,0,0,0,0,0,0,0,0,0,Kaplan-Meier,Lung,Female,60 to 69,agesex,None,ULSM
n.risk,157,77,51,20,10,<10,<10,<10,<10,<10,<10,<10,<10,<10,<10,<10,0,0,0,Kaplan-Meier,Lung,Male,60 to 69,agesex,None,ULSM
n.event,0,80,26,31,10,<10,<10,<10,0,<10,0,0,0,0,0,0,0,0,0,Kaplan-Meier,Lung,Male,60 to 69,agesex,None,ULSM
n.risk,25,<10,<10,<10,<10,<10,<10,<10,<10,<10,<10,<10,0,0,0,0,0,0,0,Kaplan-Meier,Lung,Female,70 to 79,agesex,None,ULSM
n.event,0,17,<10,<10,<10,<10,0,<10,0,0,0,0,<10,0,0,0,0,0,0,Kaplan-Meier,Lung,Female,70 to 79,agesex,None,ULSM
n.risk,113,37,20,<10,<10,<10,<10,<10,<10,<10,0,0,0,0,0,0,0,0,0,Kaplan-Meier,Lung,Male,70 to 79,agesex,None,ULSM
n.event,0,76,17,11,<10,<10,<10,0,0,0,<10,0,0,0,0,0,0,0,0,Kaplan-Meier,Lung,Male,70 to 79,agesex,None,ULSM
n.risk,14,<10,<10,0,0,0,0,0,0,0,0,0,0,0,0,0,0,0,0,Kaplan-Meier,Lung,Female,80 +,agesex,None,ULSM
n.event,0,11,<10,<10,0,0,0,0,0,0,0,0,0,0,0,0,0,0,0,Kaplan-Meier,Lung,Female,80 +,agesex,None,ULSM
n.risk,53,17,<10,<10,<10,<10,<10,<10,0,0,0,0,0,0,0,0,0,0,0,Kaplan-Meier,Lung,Male,80 +,agesex,None,ULSM
n.event,0,36,10,<10,<10,0,0,0,<10,0,0,0,0,0,0,0,0,0,0,Kaplan-Meier,Lung,Male,80 +,agesex,None,ULSM
n.risk,<10,<10,<10,<10,<10,<10,<10,<10,<10,<10,<10,<10,<10,<10,<10,<10,0,0,0,Kaplan-Meier,Pancreatic,Female,18 to 39,agesex,None,ULSM
n.event,0,0,0,0,0,<10,<10,0,<10,<10,0,0,0,0,0,0,<10,0,0,Kaplan-Meier,Pancreatic,Female,18 to 39,agesex,None,ULSM
n.risk,<10,<10,<10,<10,<10,<10,<10,<10,<10,<10,<10,<10,<10,<10,<10,<10,<10,0,0,Kaplan-Meier,Pancreatic,Male,18 to 39,agesex,None,ULSM
n.event,0,<10,0,0,0,0,0,0,<10,0,0,0,0,<10,0,0,0,0,0,Kaplan-Meier,Pancreatic,Male,18 to 39,agesex,None,ULSM
n.risk,<10,<10,<10,<10,<10,<10,<10,<10,<10,<10,<10,<10,<10,<10,<10,<10,0,0,0,Kaplan-Meier,Pancreatic,Female,40 to 49,agesex,None,ULSM
n.event,0,<10,0,0,0,0,0,0,<10,<10,<10,0,<10,0,0,<10,<10,0,0,Kaplan-Meier,Pancreatic,Female,40 to 49,agesex,None,ULSM
n.risk,12,<10,<10,<10,<10,<10,<10,<10,<10,<10,<10,<10,<10,<10,<10,0,0,0,0,Kaplan-Meier,Pancreatic,Male,40 to 49,agesex,None,ULSM
n.event,0,<10,<10,<10,0,0,0,0,0,<10,0,<10,0,0,0,<10,0,0,0,Kaplan-Meier,Pancreatic,Male,40 to 49,agesex,None,ULSM
n.risk,23,14,12,<10,<10,<10,<10,<10,<10,<10,<10,<10,<10,<10,<10,0,0,0,0,Kaplan-Meier,Pancreatic,Female,50 to 59,agesex,None,ULSM
n.event,0,<10,<10,<10,<10,<10,<10,<10,0,0,0,0,0,0,<10,<10,0,0,0,Kaplan-Meier,Pancreatic,Female,50 to 59,agesex,None,ULSM
n.risk,21,13,10,<10,<10,<10,<10,<10,<10,<10,<10,<10,<10,<10,<10,<10,0,0,0,Kaplan-Meier,Pancreatic,Male,50 to 59,agesex,None,ULSM
n.event,0,<10,<10,<10,<10,<10,<10,<10,<10,0,0,0,0,0,0,0,<10,0,0,Kaplan-Meier,Pancreatic,Male,50 to 59,agesex,None,ULSM
n.risk,27,19,15,<10,<10,<10,<10,<10,<10,<10,<10,0,0,0,0,0,0,0,0,Kaplan-Meier,Pancreatic,Female,60 to 69,agesex,None,ULSM
n.event,0,<10,<10,<10,<10,<10,<10,<10,<10,0,0,<10,0,0,0,0,0,0,0,Kaplan-Meier,Pancreatic,Female,60 to 69,agesex,None,ULSM
n.risk,35,16,12,<10,<10,<10,<10,<10,<10,<10,<10,<10,<10,0,0,0,0,0,0,Kaplan-Meier,Pancreatic,Male,60 to 69,agesex,None,ULSM
n.event,0,19,<10,<10,<10,0,<10,<10,0,<10,0,<10,0,<10,0,0,0,0,0,Kaplan-Meier,Pancreatic,Male,60 to 69,agesex,None,ULSM
n.risk,53,25,18,12,<10,<10,<10,<10,<10,<10,<10,0,0,0,0,0,0,0,0,Kaplan-Meier,Pancreatic,Female,70 to 79,agesex,None,ULSM
n.event,0,28,<10,<10,<10,<10,<10,0,<10,0,<10,<10,0,0,0,0,0,0,0,Kaplan-Meier,Pancreatic,Female,70 to 79,agesex,None,ULSM
n.risk,36,16,<10,<10,<10,<10,<10,<10,0,0,0,0,0,0,0,0,0,0,0,Kaplan-Meier,Pancreatic,Male,70 to 79,agesex,None,ULSM
n.event,0,20,<10,<10,<10,0,<10,0,<10,0,0,0,0,0,0,0,0,0,0,Kaplan-Meier,Pancreatic,Male,70 to 79,agesex,None,ULSM
n.risk,32,<10,<10,<10,<10,<10,<10,<10,0,0,0,0,0,0,0,0,0,0,0,Kaplan-Meier,Pancreatic,Female,80 +,agesex,None,ULSM
n.event,0,24,<10,<10,<10,0,0,<10,<10,0,0,0,0,0,0,0,0,0,0,Kaplan-Meier,Pancreatic,Female,80 +,agesex,None,ULSM
n.risk,25,11,<10,<10,<10,<10,<10,0,0,0,0,0,0,0,0,0,0,0,0,Kaplan-Meier,Pancreatic,Male,80 +,agesex,None,ULSM
n.event,0,14,<10,<10,<10,<10,0,<10,0,0,0,0,0,0,0,0,0,0,0,Kaplan-Meier,Pancreatic,Male,80 +,agesex,None,ULSM
n.risk,60,52,51,46,42,39,35,30,27,23,20,17,13,10,10,<10,<10,<10,0,Kaplan-Meier,Stomach,Female,18 to 39,agesex,None,ULSM
n.event,0,<10,<10,<10,<10,<10,<10,<10,<10,<10,<10,<10,<10,<10,0,<10,<10,<10,<10,Kaplan-Meier,Stomach,Female,18 to 39,agesex,None,ULSM
n.risk,25,17,14,12,10,10,<10,<10,<10,<10,<10,<10,<10,<10,<10,0,0,0,0,Kaplan-Meier,Stomach,Male,18 to 39,agesex,None,ULSM
n.event,0,<10,<10,<10,<10,0,<10,0,0,<10,0,<10,0,0,<10,<10,0,0,0,Kaplan-Meier,Stomach,Male,18 to 39,agesex,None,ULSM
n.risk,49,43,39,33,30,28,23,20,16,13,13,12,11,<10,<10,<10,<10,<10,0,Kaplan-Meier,Stomach,Female,40 to 49,agesex,None,ULSM
n.event,0,<10,<10,<10,<10,<10,<10,<10,<10,<10,0,<10,<10,<10,0,<10,<10,<10,<10,Kaplan-Meier,Stomach,Female,40 to 49,agesex,None,ULSM
n.risk,40,31,25,19,14,13,13,13,11,<10,<10,<10,<10,<10,<10,<10,<10,<10,0,Kaplan-Meier,Stomach,Male,40 to 49,agesex,None,ULSM
n.event,0,<10,<10,<10,<10,<10,0,0,<10,<10,<10,<10,0,0,0,0,0,<10,<10,Kaplan-Meier,Stomach,Male,40 to 49,agesex,None,ULSM
n.risk,81,65,59,52,51,48,41,39,37,32,29,25,23,21,17,14,10,<10,<10,Kaplan-Meier,Stomach,Female,50 to 59,agesex,None,ULSM
n.event,0,16,<10,<10,<10,<10,<10,<10,<10,<10,<10,<10,<10,<10,<10,<10,<10,<10,<10,Kaplan-Meier,Stomach,Female,50 to 59,agesex,None,ULSM
n.risk,102,75,65,49,41,38,35,29,21,19,18,11,<10,<10,<10,<10,<10,<10,0,Kaplan-Meier,Stomach,Male,50 to 59,agesex,None,ULSM
n.event,0,27,10,16,<10,<10,<10,<10,<10,<10,<10,<10,<10,<10,0,<10,<10,0,<10,Kaplan-Meier,Stomach,Male,50 to 59,agesex,None,ULSM
n.risk,86,74,63,53,47,41,34,30,24,20,17,15,12,<10,<10,<10,<10,<10,0,Kaplan-Meier,Stomach,Female,60 to 69,agesex,None,ULSM
n.event,0,12,11,10,<10,<10,<10,<10,<10,<10,<10,<10,<10,<10,<10,0,<10,<10,<10,Kaplan-Meier,Stomach,Female,60 to 69,agesex,None,ULSM
n.risk,178,131,102,73,59,47,37,33,29,20,18,16,10,<10,<10,<10,<10,<10,0,Kaplan-Meier,Stomach,Male,60 to 69,agesex,None,ULSM
n.event,0,47,29,29,14,12,10,<10,<10,<10,<10,<10,<10,<10,<10,<10,<10,0,<10,Kaplan-Meier,Stomach,Male,60 to 69,agesex,None,ULSM
n.risk,141,89,75,58,53,39,30,23,20,17,12,<10,<10,<10,<10,<10,<10,0,0,Kaplan-Meier,Stomach,Female,70 to 79,agesex,None,ULSM
n.event,0,52,15,16,<10,14,<10,<10,<10,<10,<10,<10,<10,<10,<10,<10,<10,<10,0,Kaplan-Meier,Stomach,Female,70 to 79,agesex,None,ULSM
n.risk,161,105,83,53,39,30,26,24,22,19,12,11,10,<10,<10,0,0,0,0,Kaplan-Meier,Stomach,Male,70 to 79,agesex,None,ULSM
n.event,0,56,22,30,14,<10,<10,<10,<10,<10,<10,<10,<10,<10,<10,<10,0,0,0,Kaplan-Meier,Stomach,Male,70 to 79,agesex,None,ULSM
n.risk,104,57,38,26,19,13,<10,<10,<10,<10,<10,<10,<10,0,0,0,0,0,0,Kaplan-Meier,Stomach,Female,80 +,agesex,None,ULSM
n.event,0,47,19,12,<10,<10,<10,<10,<10,<10,<10,<10,0,<10,0,0,0,0,0,Kaplan-Meier,Stomach,Female,80 +,agesex,None,ULSM
n.risk,77,39,29,17,15,14,<10,<10,<10,<10,<10,<10,<10,0,0,0,0,0,0,Kaplan-Meier,Stomach,Male,80 +,agesex,None,ULSM
n.event,0,38,10,12,<10,<10,<10,<10,<10,<10,<10,0,0,<10,0,0,0,0,0,Kaplan-Meier,Stomach,Male,80 +,agesex,None,ULSM
