details,0,0.5,1,2,3,4,5,6,7,8,9,10,11,12,13,14,15,16,17,18,19,20,Method,Cancer,Sex,Age,Stratification,Adjustment,Database
n.risk,7111,6626,6250,5528,4922,4329,3776,3256,2823,2391,2037,1714,1407,1125,913,702,488,80,50,33,18,<10,Kaplan-Meier,Breast,Both,All,None,None,VARHA FINLAND
n.event,0,150,119,238,226,198,165,123,101,96,74,57,68,64,37,26,21,15,<10,<10,<10,<10,Kaplan-Meier,Breast,Both,All,None,None,VARHA FINLAND
n.risk,3620,3155,2810,2293,1902,1596,1338,1136,942,764,646,527,411,319,228,174,110,16,<10,<10,0,0,Kaplan-Meier,Colorectal,Both,All,None,None,VARHA FINLAND
n.event,0,311,230,321,215,143,110,79,65,62,34,40,43,26,21,11,11,<10,<10,0,0,0,Kaplan-Meier,Colorectal,Both,All,None,None,VARHA FINLAND
n.risk,1489,1346,1214,1011,870,741,645,542,458,407,337,282,224,167,138,103,61,<10,<10,<10,<10,0,Kaplan-Meier,Head_and_neck,Both,All,None,None,VARHA FINLAND
n.event,0,86,90,134,63,56,36,39,27,19,22,22,24,19,<10,<10,<10,<10,0,0,0,0,Kaplan-Meier,Head_and_neck,Both,All,None,None,VARHA FINLAND
n.risk,543,279,185,102,63,43,33,23,16,<10,<10,<10,<10,<10,<10,<10,<10,<10,<10,<10,0,0,Kaplan-Meier,Liver,Both,All,None,None,VARHA FINLAND
n.event,0,251,83,65,29,17,<10,<10,<10,<10,0,0,0,0,0,0,0,0,0,0,0,0,Kaplan-Meier,Liver,Both,All,None,None,VARHA FINLAND
n.risk,2027,1379,977,582,393,305,239,191,148,110,89,69,59,44,35,28,20,<10,<10,<10,<10,0,Kaplan-Meier,Lung,Both,All,None,None,VARHA FINLAND
n.event,0,584,362,323,140,57,45,21,22,21,<10,<10,<10,<10,<10,<10,<10,<10,0,0,0,0,Kaplan-Meier,Lung,Both,All,None,None,VARHA FINLAND
n.risk,1084,542,315,154,93,74,57,45,34,26,22,19,15,<10,<10,<10,<10,0,0,0,0,0,Kaplan-Meier,Pancreatic,Both,All,None,None,VARHA FINLAND
n.event,0,504,209,143,54,14,15,<10,<10,<10,0,<10,0,<10,<10,0,0,0,0,0,0,0,Kaplan-Meier,Pancreatic,Both,All,None,None,VARHA FINLAND
n.risk,7135,6724,6299,5547,4865,4293,3717,3171,2682,2269,1857,1489,1193,966,746,533,333,18,<10,<10,<10,0,Kaplan-Meier,Prostate,Male,All,None,None,VARHA FINLAND
n.event,0,173,164,366,289,246,258,214,202,164,158,131,106,81,78,76,51,26,0,0,0,0,Kaplan-Meier,Prostate,Male,All,None,None,VARHA FINLAND
n.risk,705,478,360,246,195,165,143,114,99,79,64,55,41,30,24,14,<10,<10,<10,0,0,0,Kaplan-Meier,Stomach,Both,All,None,None,VARHA FINLAND
n.event,0,217,104,98,36,20,<10,15,<10,<10,<10,<10,<10,<10,0,<10,0,0,0,0,0,0,Kaplan-Meier,Stomach,Both,All,None,None,VARHA FINLAND
n.risk,7054,6576,6205,5487,4886,4296,3749,3232,2803,2373,2022,1702,1397,1120,909,699,486,80,50,33,18,<10,Kaplan-Meier,Breast,Female,All,Sex,None,VARHA FINLAND
n.event,0,145,117,236,225,196,162,120,99,96,73,55,68,62,37,26,21,14,<10,<10,<10,<10,Kaplan-Meier,Breast,Female,All,Sex,None,VARHA FINLAND
n.risk,57,50,45,41,36,33,27,24,20,18,15,12,<10,<10,<10,<10,<10,0,0,0,0,0,Kaplan-Meier,Breast,Male,All,Sex,None,VARHA FINLAND
n.event,0,<10,<10,<10,<10,<10,<10,<10,<10,0,<10,<10,0,<10,0,0,0,<10,0,0,0,0,Kaplan-Meier,Breast,Male,All,Sex,None,VARHA FINLAND
n.risk,1860,1618,1462,1216,1023,869,751,648,538,442,374,303,233,184,139,102,64,11,<10,<10,0,0,Kaplan-Meier,Colorectal,Female,All,Sex,None,VARHA FINLAND
n.event,0,160,105,153,103,62,51,38,35,34,22,25,25,14,<10,<10,<10,<10,0,0,0,0,Kaplan-Meier,Colorectal,Female,All,Sex,None,VARHA FINLAND
n.risk,1760,1537,1348,1077,879,727,587,488,404,322,272,224,178,135,89,72,46,<10,0,0,0,0,Kaplan-Meier,Colorectal,Male,All,Sex,None,VARHA FINLAND
n.event,0,151,125,168,112,81,59,41,30,28,12,15,18,12,13,<10,<10,<10,<10,0,0,0,Kaplan-Meier,Colorectal,Male,All,Sex,None,VARHA FINLAND
n.risk,623,567,513,434,384,331,292,244,204,178,152,128,104,76,61,49,27,<10,<10,<10,<10,0,Kaplan-Meier,Head_and_neck,Female,All,Sex,None,VARHA FINLAND
n.event,0,31,36,45,20,16,11,14,<10,11,<10,<10,<10,<10,<10,<10,<10,<10,0,0,0,0,Kaplan-Meier,Head_and_neck,Female,All,Sex,None,VARHA FINLAND
n.risk,866,779,701,577,486,410,353,298,254,229,185,154,120,91,77,54,34,<10,<10,<10,0,0,Kaplan-Meier,Head_and_neck,Male,All,Sex,None,VARHA FINLAND
n.event,0,55,54,89,43,40,25,25,18,<10,13,12,14,<10,<10,<10,<10,<10,0,0,0,0,Kaplan-Meier,Head_and_neck,Male,All,Sex,None,VARHA FINLAND
n.risk,207,102,68,40,26,19,15,12,<10,<10,<10,<10,<10,<10,<10,<10,<10,<10,<10,<10,0,0,Kaplan-Meier,Liver,Female,All,Sex,None,VARHA FINLAND
n.event,0,102,30,22,12,<10,<10,0,<10,<10,0,0,0,0,0,0,0,0,0,0,0,0,Kaplan-Meier,Liver,Female,All,Sex,None,VARHA FINLAND
n.risk,336,177,117,62,37,24,18,11,<10,<10,<10,<10,<10,<10,<10,<10,<10,<10,<10,0,0,0,Kaplan-Meier,Liver,Male,All,Sex,None,VARHA FINLAND
n.event,0,149,53,43,17,<10,<10,<10,<10,<10,0,0,0,0,0,0,0,0,0,0,0,0,Kaplan-Meier,Liver,Male,All,Sex,None,VARHA FINLAND
n.risk,767,532,384,246,168,133,109,91,77,61,52,41,35,25,19,16,11,<10,<10,<10,<10,0,Kaplan-Meier,Lung,Female,All,Sex,None,VARHA FINLAND
n.event,0,203,129,105,55,22,13,<10,<10,<10,<10,<10,<10,<10,<10,<10,<10,0,0,0,0,0,Kaplan-Meier,Lung,Female,All,Sex,None,VARHA FINLAND
n.risk,1260,847,593,336,225,172,130,100,71,49,37,28,24,19,16,12,<10,<10,<10,<10,0,0,Kaplan-Meier,Lung,Male,All,Sex,None,VARHA FINLAND
n.event,0,381,233,218,85,35,32,14,16,12,<10,<10,<10,<10,<10,<10,0,<10,0,0,0,0,Kaplan-Meier,Lung,Male,All,Sex,None,VARHA FINLAND
n.risk,580,298,172,85,50,39,33,28,22,16,13,11,<10,<10,<10,<10,0,0,0,0,0,0,Kaplan-Meier,Pancreatic,Female,All,Sex,None,VARHA FINLAND
n.event,0,263,116,79,31,<10,<10,<10,<10,0,0,<10,0,<10,0,0,0,0,0,0,0,0,Kaplan-Meier,Pancreatic,Female,All,Sex,None,VARHA FINLAND
n.risk,504,244,143,69,43,35,24,17,12,<10,<10,<10,<10,<10,<10,<10,<10,0,0,0,0,0,Kaplan-Meier,Pancreatic,Male,All,Sex,None,VARHA FINLAND
n.event,0,241,93,64,23,<10,<10,<10,<10,<10,0,<10,0,0,<10,0,0,0,0,0,0,0,Kaplan-Meier,Pancreatic,Male,All,Sex,None,VARHA FINLAND
n.risk,324,223,181,127,102,89,78,62,53,41,37,31,25,20,16,<10,<10,<10,0,0,0,0,Kaplan-Meier,Stomach,Female,All,Sex,None,VARHA FINLAND
n.event,0,97,38,43,19,<10,<10,<10,<10,<10,<10,<10,<10,<10,0,<10,0,0,0,0,0,0,Kaplan-Meier,Stomach,Female,All,Sex,None,VARHA FINLAND
n.risk,381,255,179,119,93,76,65,52,46,38,27,24,16,<10,<10,<10,<10,<10,<10,0,0,0,Kaplan-Meier,Stomach,Male,All,Sex,None,VARHA FINLAND
n.event,0,120,66,55,17,<10,<10,<10,<10,<10,<10,<10,<10,<10,0,<10,0,0,0,0,0,0,Kaplan-Meier,Stomach,Male,All,Sex,None,VARHA FINLAND
n.risk,7054,6576,6205,5487,4886,4296,3749,3232,2803,2373,2022,1702,1397,1120,909,699,486,80,50,33,18,<10,Kaplan-Meier,Breast,Female,All,None,Sex,VARHA FINLAND
n.event,0,145,117,236,225,196,162,120,99,96,73,55,68,62,37,26,21,14,<10,<10,<10,<10,Kaplan-Meier,Breast,Female,All,None,Sex,VARHA FINLAND
n.risk,57,50,45,41,36,33,27,24,20,18,15,12,<10,<10,<10,<10,<10,0,0,0,0,0,Kaplan-Meier,Breast,Male,All,None,Sex,VARHA FINLAND
n.event,0,<10,<10,<10,<10,<10,<10,<10,<10,0,<10,<10,0,<10,0,0,0,<10,0,0,0,0,Kaplan-Meier,Breast,Male,All,None,Sex,VARHA FINLAND
n.risk,1860,1618,1462,1216,1023,869,751,648,538,442,374,303,233,184,139,102,64,11,<10,<10,0,0,Kaplan-Meier,Colorectal,Female,All,None,Sex,VARHA FINLAND
n.event,0,160,105,153,103,62,51,38,35,34,22,25,25,14,<10,<10,<10,<10,0,0,0,0,Kaplan-Meier,Colorectal,Female,All,None,Sex,VARHA FINLAND
n.risk,1760,1537,1348,1077,879,727,587,488,404,322,272,224,178,135,89,72,46,<10,0,0,0,0,Kaplan-Meier,Colorectal,Male,All,None,Sex,VARHA FINLAND
n.event,0,151,125,168,112,81,59,41,30,28,12,15,18,12,13,<10,<10,<10,<10,0,0,0,Kaplan-Meier,Colorectal,Male,All,None,Sex,VARHA FINLAND
n.risk,623,567,513,434,384,331,292,244,204,178,152,128,104,76,61,49,27,<10,<10,<10,<10,0,Kaplan-Meier,Head_and_neck,Female,All,None,Sex,VARHA FINLAND
n.event,0,31,36,45,20,16,11,14,<10,11,<10,<10,<10,<10,<10,<10,<10,<10,0,0,0,0,Kaplan-Meier,Head_and_neck,Female,All,None,Sex,VARHA FINLAND
n.risk,866,779,701,577,486,410,353,298,254,229,185,154,120,91,77,54,34,<10,<10,<10,0,0,Kaplan-Meier,Head_and_neck,Male,All,None,Sex,VARHA FINLAND
n.event,0,55,54,89,43,40,25,25,18,<10,13,12,14,<10,<10,<10,<10,<10,0,0,0,0,Kaplan-Meier,Head_and_neck,Male,All,None,Sex,VARHA FINLAND
n.risk,207,102,68,40,26,19,15,12,<10,<10,<10,<10,<10,<10,<10,<10,<10,<10,<10,<10,0,0,Kaplan-Meier,Liver,Female,All,None,Sex,VARHA FINLAND
n.event,0,102,30,22,12,<10,<10,0,<10,<10,0,0,0,0,0,0,0,0,0,0,0,0,Kaplan-Meier,Liver,Female,All,None,Sex,VARHA FINLAND
n.risk,336,177,117,62,37,24,18,11,<10,<10,<10,<10,<10,<10,<10,<10,<10,<10,<10,0,0,0,Kaplan-Meier,Liver,Male,All,None,Sex,VARHA FINLAND
n.event,0,149,53,43,17,<10,<10,<10,<10,<10,0,0,0,0,0,0,0,0,0,0,0,0,Kaplan-Meier,Liver,Male,All,None,Sex,VARHA FINLAND
n.risk,767,532,384,246,168,133,109,91,77,61,52,41,35,25,19,16,11,<10,<10,<10,<10,0,Kaplan-Meier,Lung,Female,All,None,Sex,VARHA FINLAND
n.event,0,203,129,105,55,22,13,<10,<10,<10,<10,<10,<10,<10,<10,<10,<10,0,0,0,0,0,Kaplan-Meier,Lung,Female,All,None,Sex,VARHA FINLAND
n.risk,1260,847,593,336,225,172,130,100,71,49,37,28,24,19,16,12,<10,<10,<10,<10,0,0,Kaplan-Meier,Lung,Male,All,None,Sex,VARHA FINLAND
n.event,0,381,233,218,85,35,32,14,16,12,<10,<10,<10,<10,<10,<10,0,<10,0,0,0,0,Kaplan-Meier,Lung,Male,All,None,Sex,VARHA FINLAND
n.risk,580,298,172,85,50,39,33,28,22,16,13,11,<10,<10,<10,<10,0,0,0,0,0,0,Kaplan-Meier,Pancreatic,Female,All,None,Sex,VARHA FINLAND
n.event,0,263,116,79,31,<10,<10,<10,<10,0,0,<10,0,<10,0,0,0,0,0,0,0,0,Kaplan-Meier,Pancreatic,Female,All,None,Sex,VARHA FINLAND
n.risk,504,244,143,69,43,35,24,17,12,<10,<10,<10,<10,<10,<10,<10,<10,0,0,0,0,0,Kaplan-Meier,Pancreatic,Male,All,None,Sex,VARHA FINLAND
n.event,0,241,93,64,23,<10,<10,<10,<10,<10,0,<10,0,0,<10,0,0,0,0,0,0,0,Kaplan-Meier,Pancreatic,Male,All,None,Sex,VARHA FINLAND
n.risk,324,223,181,127,102,89,78,62,53,41,37,31,25,20,16,<10,<10,<10,0,0,0,0,Kaplan-Meier,Stomach,Female,All,None,Sex,VARHA FINLAND
n.event,0,97,38,43,19,<10,<10,<10,<10,<10,<10,<10,<10,<10,0,<10,0,0,0,0,0,0,Kaplan-Meier,Stomach,Female,All,None,Sex,VARHA FINLAND
n.risk,381,255,179,119,93,76,65,52,46,38,27,24,16,<10,<10,<10,<10,<10,<10,0,0,0,Kaplan-Meier,Stomach,Male,All,None,Sex,VARHA FINLAND
n.event,0,120,66,55,17,<10,<10,<10,<10,<10,<10,<10,<10,<10,0,<10,0,0,0,0,0,0,Kaplan-Meier,Stomach,Male,All,None,Sex,VARHA FINLAND
n.risk,219,203,188,168,144,130,116,102,85,71,60,50,45,40,33,26,20,<10,<10,<10,<10,0,Kaplan-Meier,Breast,Both,18 to 39,Age,None,VARHA FINLAND
n.event,0,0,<10,<10,<10,<10,<10,<10,<10,<10,0,0,0,<10,0,<10,0,0,0,0,0,0,Kaplan-Meier,Breast,Both,18 to 39,Age,None,VARHA FINLAND
n.risk,775,738,711,658,602,550,497,437,375,342,298,264,219,180,154,127,91,18,13,11,<10,<10,Kaplan-Meier,Breast,Both,40 to 49,Age,None,VARHA FINLAND
n.event,0,<10,<10,10,16,11,10,<10,10,0,<10,0,<10,<10,<10,<10,<10,<10,0,0,0,<10,Kaplan-Meier,Breast,Both,40 to 49,Age,None,VARHA FINLAND
n.risk,1682,1596,1541,1402,1285,1172,1063,958,877,746,671,575,491,401,335,269,198,31,18,14,<10,0,Kaplan-Meier,Breast,Both,50 to 59,Age,None,VARHA FINLAND
n.event,0,12,12,25,38,24,18,14,16,16,12,<10,13,16,10,<10,<10,<10,<10,<10,0,0,Kaplan-Meier,Breast,Both,50 to 59,Age,None,VARHA FINLAND
n.risk,2219,2075,1957,1767,1604,1442,1244,1053,903,787,655,552,448,363,279,205,136,16,11,<10,<10,0,Kaplan-Meier,Breast,Both,60 to 69,Age,None,VARHA FINLAND
n.event,0,28,23,41,39,39,41,32,20,22,19,17,18,19,11,13,<10,<10,0,0,<10,0,Kaplan-Meier,Breast,Both,60 to 69,Age,None,VARHA FINLAND
n.risk,1305,1208,1121,954,838,706,603,510,433,349,282,221,174,126,104,69,40,<10,<10,0,0,0,Kaplan-Meier,Breast,Both,70 to 79,Age,None,VARHA FINLAND
n.event,0,39,26,58,50,51,38,30,27,22,27,19,22,16,<10,<10,<10,<10,<10,<10,0,0,Kaplan-Meier,Breast,Both,70 to 79,Age,None,VARHA FINLAND
n.risk,911,806,732,579,449,329,253,196,150,96,71,52,30,15,<10,<10,<10,0,0,0,0,0,Kaplan-Meier,Breast,Both,80 +,Age,None,VARHA FINLAND
n.event,0,65,50,96,77,70,53,35,26,33,13,13,12,10,<10,<10,<10,0,0,0,0,0,Kaplan-Meier,Breast,Both,80 +,Age,None,VARHA FINLAND
n.risk,44,44,43,36,31,23,21,20,15,14,12,12,11,10,<10,<10,<10,0,0,0,0,0,Kaplan-Meier,Colorectal,Both,18 to 39,Age,None,VARHA FINLAND
n.event,0,0,0,<10,<10,<10,0,0,0,0,0,0,0,0,0,0,0,0,0,0,0,0,Kaplan-Meier,Colorectal,Both,18 to 39,Age,None,VARHA FINLAND
n.risk,125,114,107,94,78,68,55,48,42,37,33,31,30,25,22,18,12,0,0,0,0,0,Kaplan-Meier,Colorectal,Both,40 to 49,Age,None,VARHA FINLAND
n.event,0,<10,<10,<10,<10,<10,<10,<10,0,0,0,0,0,<10,0,<10,0,0,0,0,0,0,Kaplan-Meier,Colorectal,Both,40 to 49,Age,None,VARHA FINLAND
n.risk,405,379,350,294,249,220,193,160,147,128,119,100,76,57,50,43,29,<10,<10,<10,0,0,Kaplan-Meier,Colorectal,Both,50 to 59,Age,None,VARHA FINLAND
n.event,0,10,15,29,20,10,<10,<10,<10,<10,0,<10,<10,<10,<10,0,<10,0,0,0,0,0,Kaplan-Meier,Colorectal,Both,50 to 59,Age,None,VARHA FINLAND
n.risk,918,836,760,644,554,470,396,351,294,238,201,165,127,100,74,60,43,<10,0,0,0,0,Kaplan-Meier,Colorectal,Both,60 to 69,Age,None,VARHA FINLAND
n.event,0,45,46,67,46,29,24,12,12,12,<10,11,<10,<10,<10,0,<10,<10,0,0,0,0,Kaplan-Meier,Colorectal,Both,60 to 69,Age,None,VARHA FINLAND
n.risk,1185,1038,935,769,640,542,448,381,318,262,219,174,142,108,65,42,21,<10,0,0,0,0,Kaplan-Meier,Colorectal,Both,70 to 79,Age,None,VARHA FINLAND
n.event,0,94,62,93,69,52,48,27,21,29,16,19,19,17,13,<10,<10,<10,<10,0,0,0,Kaplan-Meier,Colorectal,Both,70 to 79,Age,None,VARHA FINLAND
n.risk,943,744,615,456,350,273,225,176,126,85,62,45,25,19,10,<10,0,0,0,0,0,0,Kaplan-Meier,Colorectal,Both,80 +,Age,None,VARHA FINLAND
n.event,0,158,101,121,70,49,26,33,28,15,13,<10,11,<10,<10,<10,<10,0,0,0,0,0,Kaplan-Meier,Colorectal,Both,80 +,Age,None,VARHA FINLAND
n.risk,79,74,70,61,57,53,47,38,34,29,22,17,15,12,12,11,<10,0,0,0,0,0,Kaplan-Meier,Head_and_neck,Both,18 to 39,Age,None,VARHA FINLAND
n.event,0,<10,<10,<10,<10,0,0,<10,0,<10,0,<10,0,0,0,0,0,0,0,0,0,0,Kaplan-Meier,Head_and_neck,Both,18 to 39,Age,None,VARHA FINLAND
n.risk,103,98,91,83,79,67,59,52,45,43,40,32,24,19,16,13,<10,0,0,0,0,0,Kaplan-Meier,Head_and_neck,Both,40 to 49,Age,None,VARHA FINLAND
n.event,0,<10,<10,<10,<10,<10,0,<10,<10,<10,<10,<10,<10,0,0,0,0,0,0,0,0,0,Kaplan-Meier,Head_and_neck,Both,40 to 49,Age,None,VARHA FINLAND
n.risk,272,255,240,202,179,154,141,119,107,94,80,73,62,47,42,35,26,<10,<10,<10,<10,0,Kaplan-Meier,Head_and_neck,Both,50 to 59,Age,None,VARHA FINLAND
n.event,0,<10,12,29,<10,10,<10,<10,<10,<10,<10,<10,<10,<10,<10,<10,<10,<10,0,0,0,0,Kaplan-Meier,Head_and_neck,Both,50 to 59,Age,None,VARHA FINLAND
n.risk,427,395,357,292,240,206,175,149,119,106,85,71,55,38,26,18,<10,0,0,0,0,0,Kaplan-Meier,Head_and_neck,Both,60 to 69,Age,None,VARHA FINLAND
n.event,0,20,21,42,25,11,<10,<10,<10,<10,<10,<10,<10,<10,<10,<10,<10,0,0,0,0,0,Kaplan-Meier,Head_and_neck,Both,60 to 69,Age,None,VARHA FINLAND
n.risk,381,342,301,250,216,182,160,136,114,103,87,72,58,45,37,23,13,0,0,0,0,0,Kaplan-Meier,Head_and_neck,Both,70 to 79,Age,None,VARHA FINLAND
n.event,0,21,29,30,11,21,10,<10,11,<10,<10,<10,<10,<10,<10,<10,<10,<10,0,0,0,0,Kaplan-Meier,Head_and_neck,Both,70 to 79,Age,None,VARHA FINLAND
n.risk,227,182,155,123,99,79,63,48,39,32,23,17,10,<10,<10,<10,<10,0,0,0,0,0,Kaplan-Meier,Head_and_neck,Both,80 +,Age,None,VARHA FINLAND
n.event,0,35,23,24,16,11,11,10,<10,<10,<10,<10,<10,<10,0,<10,<10,<10,0,0,0,0,Kaplan-Meier,Head_and_neck,Both,80 +,Age,None,VARHA FINLAND
n.risk,11,<10,<10,<10,<10,<10,<10,<10,<10,<10,<10,<10,<10,<10,<10,<10,<10,<10,<10,0,0,0,Kaplan-Meier,Liver,Both,18 to 39,Age,None,VARHA FINLAND
n.event,0,<10,<10,<10,0,0,0,0,0,0,0,0,0,0,0,0,0,0,0,0,0,0,Kaplan-Meier,Liver,Both,18 to 39,Age,None,VARHA FINLAND
n.risk,13,<10,<10,<10,<10,<10,<10,<10,<10,<10,<10,<10,<10,<10,0,0,0,0,0,0,0,0,Kaplan-Meier,Liver,Both,40 to 49,Age,None,VARHA FINLAND
n.event,0,<10,0,<10,<10,<10,0,0,<10,0,0,0,0,0,0,0,0,0,0,0,0,0,Kaplan-Meier,Liver,Both,40 to 49,Age,None,VARHA FINLAND
n.risk,80,48,33,23,16,13,11,<10,<10,<10,<10,<10,<10,<10,<10,<10,<10,<10,<10,<10,0,0,Kaplan-Meier,Liver,Both,50 to 59,Age,None,VARHA FINLAND
n.event,0,30,13,<10,<10,<10,<10,0,<10,<10,0,0,0,0,0,0,0,0,0,0,0,0,Kaplan-Meier,Liver,Both,50 to 59,Age,None,VARHA FINLAND
n.risk,158,80,54,30,19,12,<10,<10,<10,<10,<10,<10,<10,<10,<10,<10,<10,0,0,0,0,0,Kaplan-Meier,Liver,Both,60 to 69,Age,None,VARHA FINLAND
n.event,0,75,24,18,<10,<10,<10,<10,<10,<10,0,0,0,0,0,0,0,0,0,0,0,0,Kaplan-Meier,Liver,Both,60 to 69,Age,None,VARHA FINLAND
n.risk,175,89,60,32,17,10,<10,<10,<10,0,0,0,0,0,0,0,0,0,0,0,0,0,Kaplan-Meier,Liver,Both,70 to 79,Age,None,VARHA FINLAND
n.event,0,81,25,23,10,<10,<10,<10,<10,<10,0,0,0,0,0,0,0,0,0,0,0,0,Kaplan-Meier,Liver,Both,70 to 79,Age,None,VARHA FINLAND
n.risk,106,45,26,<10,<10,<10,<10,0,0,0,0,0,0,0,0,0,0,0,0,0,0,0,Kaplan-Meier,Liver,Both,80 +,Age,None,VARHA FINLAND
n.event,0,60,17,13,<10,<10,0,0,0,0,0,0,0,0,0,0,0,0,0,0,0,0,Kaplan-Meier,Liver,Both,80 +,Age,None,VARHA FINLAND
n.risk,12,<10,<10,<10,<10,<10,<10,<10,<10,<10,<10,<10,<10,<10,<10,<10,<10,0,0,0,0,0,Kaplan-Meier,Lung,Both,18 to 39,Age,None,VARHA FINLAND
n.event,0,<10,0,0,<10,0,0,0,0,0,0,<10,0,0,0,0,0,0,0,0,0,0,Kaplan-Meier,Lung,Both,18 to 39,Age,None,VARHA FINLAND
n.risk,38,30,22,15,11,<10,<10,<10,<10,<10,<10,<10,<10,<10,<10,<10,<10,0,0,0,0,0,Kaplan-Meier,Lung,Both,40 to 49,Age,None,VARHA FINLAND
n.event,0,<10,<10,<10,<10,<10,0,<10,<10,0,0,0,0,0,0,0,0,0,0,0,0,0,Kaplan-Meier,Lung,Both,40 to 49,Age,None,VARHA FINLAND
n.risk,250,192,142,109,79,65,52,43,37,29,27,21,18,14,11,10,<10,<10,<10,<10,<10,0,Kaplan-Meier,Lung,Both,50 to 59,Age,None,VARHA FINLAND
n.event,0,53,48,29,21,<10,<10,<10,<10,<10,<10,<10,<10,<10,<10,<10,<10,0,0,0,0,0,Kaplan-Meier,Lung,Both,50 to 59,Age,None,VARHA FINLAND
n.risk,686,504,374,221,161,125,103,80,66,48,38,31,26,19,16,13,<10,<10,<10,<10,0,0,Kaplan-Meier,Lung,Both,60 to 69,Age,None,VARHA FINLAND
n.event,0,158,115,126,44,23,15,12,<10,11,<10,<10,<10,<10,<10,<10,0,<10,0,0,0,0,Kaplan-Meier,Lung,Both,60 to 69,Age,None,VARHA FINLAND
n.risk,682,462,316,182,113,84,63,54,39,28,20,14,13,<10,<10,<10,<10,0,0,0,0,0,Kaplan-Meier,Lung,Both,70 to 79,Age,None,VARHA FINLAND
n.event,0,199,128,109,50,21,16,<10,<10,<10,<10,<10,0,<10,0,<10,<10,0,0,0,0,0,Kaplan-Meier,Lung,Both,70 to 79,Age,None,VARHA FINLAND
n.risk,359,182,114,47,23,18,10,<10,<10,<10,0,0,0,0,0,0,0,0,0,0,0,0,Kaplan-Meier,Lung,Both,80 +,Age,None,VARHA FINLAND
n.event,0,165,63,52,21,<10,<10,<10,<10,0,<10,0,0,0,0,0,0,0,0,0,0,0,Kaplan-Meier,Lung,Both,80 +,Age,None,VARHA FINLAND
n.risk,<10,<10,<10,<10,<10,0,0,0,0,0,0,0,0,0,0,0,0,0,0,0,0,0,Kaplan-Meier,Pancreatic,Both,18 to 39,Age,None,VARHA FINLAND
n.event,0,0,0,<10,0,0,0,0,0,0,0,0,0,0,0,0,0,0,0,0,0,0,Kaplan-Meier,Pancreatic,Both,18 to 39,Age,None,VARHA FINLAND
n.risk,26,16,12,<10,<10,<10,<10,<10,<10,<10,<10,<10,0,0,0,0,0,0,0,0,0,0,Kaplan-Meier,Pancreatic,Both,40 to 49,Age,None,VARHA FINLAND
n.event,0,<10,<10,<10,<10,0,0,0,0,0,0,0,0,0,0,0,0,0,0,0,0,0,Kaplan-Meier,Pancreatic,Both,40 to 49,Age,None,VARHA FINLAND
n.risk,125,81,56,34,24,18,16,14,11,<10,<10,<10,<10,<10,<10,<10,<10,0,0,0,0,0,Kaplan-Meier,Pancreatic,Both,50 to 59,Age,None,VARHA FINLAND
n.event,0,41,25,15,<10,<10,<10,0,<10,0,0,<10,0,<10,0,0,0,0,0,0,0,0,Kaplan-Meier,Pancreatic,Both,50 to 59,Age,None,VARHA FINLAND
n.risk,296,178,110,63,36,32,24,19,15,10,<10,<10,<10,<10,0,0,0,0,0,0,0,0,Kaplan-Meier,Pancreatic,Both,60 to 69,Age,None,VARHA FINLAND
n.event,0,102,64,42,24,<10,<10,<10,0,<10,0,<10,0,0,<10,0,0,0,0,0,0,0,Kaplan-Meier,Pancreatic,Both,60 to 69,Age,None,VARHA FINLAND
n.risk,366,171,86,30,18,10,<10,<10,<10,<10,<10,<10,<10,<10,<10,0,0,0,0,0,0,0,Kaplan-Meier,Pancreatic,Both,70 to 79,Age,None,VARHA FINLAND
n.event,0,186,72,52,12,<10,<10,<10,<10,0,0,0,0,0,0,0,0,0,0,0,0,0,Kaplan-Meier,Pancreatic,Both,70 to 79,Age,None,VARHA FINLAND
n.risk,266,93,49,19,10,10,<10,<10,<10,<10,<10,<10,<10,<10,<10,<10,0,0,0,0,0,0,Kaplan-Meier,Pancreatic,Both,80 +,Age,None,VARHA FINLAND
n.event,0,167,44,28,<10,0,<10,<10,0,0,0,0,0,0,0,0,0,0,0,0,0,0,Kaplan-Meier,Pancreatic,Both,80 +,Age,None,VARHA FINLAND
n.risk,<10,<10,<10,<10,<10,<10,<10,<10,<10,<10,<10,0,0,0,0,0,0,0,0,0,0,0,Kaplan-Meier,Prostate,Male,18 to 39,Age,None,VARHA FINLAND
n.event,0,0,0,0,<10,0,<10,0,0,0,0,0,0,0,0,0,0,0,0,0,0,0,Kaplan-Meier,Prostate,Male,18 to 39,Age,None,VARHA FINLAND
n.risk,66,63,61,53,51,48,44,39,34,30,25,19,13,10,<10,<10,<10,0,0,0,0,0,Kaplan-Meier,Prostate,Male,40 to 49,Age,None,VARHA FINLAND
n.event,0,<10,0,0,0,0,0,0,0,0,0,0,0,0,<10,0,0,<10,0,0,0,0,Kaplan-Meier,Prostate,Male,40 to 49,Age,None,VARHA FINLAND
n.risk,733,700,675,618,559,524,483,419,371,329,280,229,204,171,145,108,78,<10,0,0,0,0,Kaplan-Meier,Prostate,Male,50 to 59,Age,None,VARHA FINLAND
n.event,0,<10,<10,12,<10,<10,<10,<10,<10,<10,<10,<10,<10,<10,<10,<10,<10,<10,0,0,0,0,Kaplan-Meier,Prostate,Male,50 to 59,Age,None,VARHA FINLAND
n.risk,2380,2282,2170,1946,1726,1545,1382,1195,1026,898,754,628,511,434,344,252,160,<10,<10,<10,<10,0,Kaplan-Meier,Prostate,Male,60 to 69,Age,None,VARHA FINLAND
n.event,0,13,22,77,58,43,39,45,43,38,37,22,31,18,23,24,14,<10,0,0,0,0,Kaplan-Meier,Prostate,Male,60 to 69,Age,None,VARHA FINLAND
n.risk,2765,2615,2452,2155,1908,1670,1427,1242,1041,861,695,549,424,328,235,161,90,<10,0,0,0,0,Kaplan-Meier,Prostate,Male,70 to 79,Age,None,VARHA FINLAND
n.event,0,63,55,146,109,117,118,90,107,89,83,76,54,48,48,42,28,13,0,0,0,0,Kaplan-Meier,Prostate,Male,70 to 79,Age,None,VARHA FINLAND
n.risk,1183,1056,933,767,616,502,378,273,208,149,102,64,41,23,16,10,<10,0,0,0,0,0,Kaplan-Meier,Prostate,Male,80 +,Age,None,VARHA FINLAND
n.event,0,94,83,131,112,78,93,73,44,33,32,28,17,10,<10,<10,<10,<10,0,0,0,0,Kaplan-Meier,Prostate,Male,80 +,Age,None,VARHA FINLAND
n.risk,<10,<10,<10,<10,<10,<10,<10,<10,<10,<10,<10,<10,0,0,0,0,0,0,0,0,0,0,Kaplan-Meier,Stomach,Both,18 to 39,Age,None,VARHA FINLAND
n.event,0,<10,0,<10,<10,0,0,0,0,0,0,0,<10,0,0,0,0,0,0,0,0,0,Kaplan-Meier,Stomach,Both,18 to 39,Age,None,VARHA FINLAND
n.risk,29,25,21,12,10,<10,<10,<10,<10,<10,<10,<10,<10,<10,<10,<10,<10,0,0,0,0,0,Kaplan-Meier,Stomach,Both,40 to 49,Age,None,VARHA FINLAND
n.event,0,<10,<10,<10,<10,<10,0,0,0,0,0,0,0,0,0,0,0,0,0,0,0,0,Kaplan-Meier,Stomach,Both,40 to 49,Age,None,VARHA FINLAND
n.risk,80,67,47,38,31,29,26,20,18,17,13,12,10,<10,<10,<10,<10,<10,0,0,0,0,Kaplan-Meier,Stomach,Both,50 to 59,Age,None,VARHA FINLAND
n.event,0,13,20,<10,<10,<10,<10,<10,0,0,<10,<10,<10,0,0,0,0,0,0,0,0,0,Kaplan-Meier,Stomach,Both,50 to 59,Age,None,VARHA FINLAND
n.risk,174,133,108,80,65,58,52,45,40,35,29,24,17,13,11,<10,<10,<10,<10,0,0,0,Kaplan-Meier,Stomach,Both,60 to 69,Age,None,VARHA FINLAND
n.event,0,39,19,25,11,<10,<10,<10,<10,<10,<10,<10,<10,<10,0,<10,0,0,0,0,0,0,Kaplan-Meier,Stomach,Both,60 to 69,Age,None,VARHA FINLAND
n.risk,212,137,104,71,59,47,38,29,25,18,13,12,<10,<10,<10,0,0,0,0,0,0,0,Kaplan-Meier,Stomach,Both,70 to 79,Age,None,VARHA FINLAND
n.event,0,70,29,27,<10,<10,<10,<10,<10,<10,<10,<10,<10,0,0,<10,0,0,0,0,0,0,Kaplan-Meier,Stomach,Both,70 to 79,Age,None,VARHA FINLAND
n.risk,203,111,75,42,28,22,21,15,11,<10,<10,<10,<10,<10,<10,0,0,0,0,0,0,0,Kaplan-Meier,Stomach,Both,80 +,Age,None,VARHA FINLAND
n.event,0,90,32,30,11,<10,0,<10,<10,<10,0,0,0,<10,0,0,0,0,0,0,0,0,Kaplan-Meier,Stomach,Both,80 +,Age,None,VARHA FINLAND
n.risk,219,203,188,168,144,130,116,102,85,71,60,50,45,40,33,26,20,<10,<10,<10,<10,0,Kaplan-Meier,Breast,Both,18 to 39,None,Age,VARHA FINLAND
n.event,0,0,<10,<10,<10,<10,<10,<10,<10,<10,0,0,0,<10,0,<10,0,0,0,0,0,0,Kaplan-Meier,Breast,Both,18 to 39,None,Age,VARHA FINLAND
n.risk,775,738,711,658,602,550,497,437,375,342,298,264,219,180,154,127,91,18,13,11,<10,<10,Kaplan-Meier,Breast,Both,40 to 49,None,Age,VARHA FINLAND
n.event,0,<10,<10,10,16,11,10,<10,10,0,<10,0,<10,<10,<10,<10,<10,<10,0,0,0,<10,Kaplan-Meier,Breast,Both,40 to 49,None,Age,VARHA FINLAND
n.risk,1682,1596,1541,1402,1285,1172,1063,958,877,746,671,575,491,401,335,269,198,31,18,14,<10,0,Kaplan-Meier,Breast,Both,50 to 59,None,Age,VARHA FINLAND
n.event,0,12,12,25,38,24,18,14,16,16,12,<10,13,16,10,<10,<10,<10,<10,<10,0,0,Kaplan-Meier,Breast,Both,50 to 59,None,Age,VARHA FINLAND
n.risk,2219,2075,1957,1767,1604,1442,1244,1053,903,787,655,552,448,363,279,205,136,16,11,<10,<10,0,Kaplan-Meier,Breast,Both,60 to 69,None,Age,VARHA FINLAND
n.event,0,28,23,41,39,39,41,32,20,22,19,17,18,19,11,13,<10,<10,0,0,<10,0,Kaplan-Meier,Breast,Both,60 to 69,None,Age,VARHA FINLAND
n.risk,1305,1208,1121,954,838,706,603,510,433,349,282,221,174,126,104,69,40,<10,<10,0,0,0,Kaplan-Meier,Breast,Both,70 to 79,None,Age,VARHA FINLAND
n.event,0,39,26,58,50,51,38,30,27,22,27,19,22,16,<10,<10,<10,<10,<10,<10,0,0,Kaplan-Meier,Breast,Both,70 to 79,None,Age,VARHA FINLAND
n.risk,911,806,732,579,449,329,253,196,150,96,71,52,30,15,<10,<10,<10,0,0,0,0,0,Kaplan-Meier,Breast,Both,80 +,None,Age,VARHA FINLAND
n.event,0,65,50,96,77,70,53,35,26,33,13,13,12,10,<10,<10,<10,0,0,0,0,0,Kaplan-Meier,Breast,Both,80 +,None,Age,VARHA FINLAND
n.risk,44,44,43,36,31,23,21,20,15,14,12,12,11,10,<10,<10,<10,0,0,0,0,0,Kaplan-Meier,Colorectal,Both,18 to 39,None,Age,VARHA FINLAND
n.event,0,0,0,<10,<10,<10,0,0,0,0,0,0,0,0,0,0,0,0,0,0,0,0,Kaplan-Meier,Colorectal,Both,18 to 39,None,Age,VARHA FINLAND
n.risk,125,114,107,94,78,68,55,48,42,37,33,31,30,25,22,18,12,0,0,0,0,0,Kaplan-Meier,Colorectal,Both,40 to 49,None,Age,VARHA FINLAND
n.event,0,<10,<10,<10,<10,<10,<10,<10,0,0,0,0,0,<10,0,<10,0,0,0,0,0,0,Kaplan-Meier,Colorectal,Both,40 to 49,None,Age,VARHA FINLAND
n.risk,405,379,350,294,249,220,193,160,147,128,119,100,76,57,50,43,29,<10,<10,<10,0,0,Kaplan-Meier,Colorectal,Both,50 to 59,None,Age,VARHA FINLAND
n.event,0,10,15,29,20,10,<10,<10,<10,<10,0,<10,<10,<10,<10,0,<10,0,0,0,0,0,Kaplan-Meier,Colorectal,Both,50 to 59,None,Age,VARHA FINLAND
n.risk,918,836,760,644,554,470,396,351,294,238,201,165,127,100,74,60,43,<10,0,0,0,0,Kaplan-Meier,Colorectal,Both,60 to 69,None,Age,VARHA FINLAND
n.event,0,45,46,67,46,29,24,12,12,12,<10,11,<10,<10,<10,0,<10,<10,0,0,0,0,Kaplan-Meier,Colorectal,Both,60 to 69,None,Age,VARHA FINLAND
n.risk,1185,1038,935,769,640,542,448,381,318,262,219,174,142,108,65,42,21,<10,0,0,0,0,Kaplan-Meier,Colorectal,Both,70 to 79,None,Age,VARHA FINLAND
n.event,0,94,62,93,69,52,48,27,21,29,16,19,19,17,13,<10,<10,<10,<10,0,0,0,Kaplan-Meier,Colorectal,Both,70 to 79,None,Age,VARHA FINLAND
n.risk,943,744,615,456,350,273,225,176,126,85,62,45,25,19,10,<10,0,0,0,0,0,0,Kaplan-Meier,Colorectal,Both,80 +,None,Age,VARHA FINLAND
n.event,0,158,101,121,70,49,26,33,28,15,13,<10,11,<10,<10,<10,<10,0,0,0,0,0,Kaplan-Meier,Colorectal,Both,80 +,None,Age,VARHA FINLAND
n.risk,79,74,70,61,57,53,47,38,34,29,22,17,15,12,12,11,<10,0,0,0,0,0,Kaplan-Meier,Head_and_neck,Both,18 to 39,None,Age,VARHA FINLAND
n.event,0,<10,<10,<10,<10,0,0,<10,0,<10,0,<10,0,0,0,0,0,0,0,0,0,0,Kaplan-Meier,Head_and_neck,Both,18 to 39,None,Age,VARHA FINLAND
n.risk,103,98,91,83,79,67,59,52,45,43,40,32,24,19,16,13,<10,0,0,0,0,0,Kaplan-Meier,Head_and_neck,Both,40 to 49,None,Age,VARHA FINLAND
n.event,0,<10,<10,<10,<10,<10,0,<10,<10,<10,<10,<10,<10,0,0,0,0,0,0,0,0,0,Kaplan-Meier,Head_and_neck,Both,40 to 49,None,Age,VARHA FINLAND
n.risk,272,255,240,202,179,154,141,119,107,94,80,73,62,47,42,35,26,<10,<10,<10,<10,0,Kaplan-Meier,Head_and_neck,Both,50 to 59,None,Age,VARHA FINLAND
n.event,0,<10,12,29,<10,10,<10,<10,<10,<10,<10,<10,<10,<10,<10,<10,<10,<10,0,0,0,0,Kaplan-Meier,Head_and_neck,Both,50 to 59,None,Age,VARHA FINLAND
n.risk,427,395,357,292,240,206,175,149,119,106,85,71,55,38,26,18,<10,0,0,0,0,0,Kaplan-Meier,Head_and_neck,Both,60 to 69,None,Age,VARHA FINLAND
n.event,0,20,21,42,25,11,<10,<10,<10,<10,<10,<10,<10,<10,<10,<10,<10,0,0,0,0,0,Kaplan-Meier,Head_and_neck,Both,60 to 69,None,Age,VARHA FINLAND
n.risk,381,342,301,250,216,182,160,136,114,103,87,72,58,45,37,23,13,0,0,0,0,0,Kaplan-Meier,Head_and_neck,Both,70 to 79,None,Age,VARHA FINLAND
n.event,0,21,29,30,11,21,10,<10,11,<10,<10,<10,<10,<10,<10,<10,<10,<10,0,0,0,0,Kaplan-Meier,Head_and_neck,Both,70 to 79,None,Age,VARHA FINLAND
n.risk,227,182,155,123,99,79,63,48,39,32,23,17,10,<10,<10,<10,<10,0,0,0,0,0,Kaplan-Meier,Head_and_neck,Both,80 +,None,Age,VARHA FINLAND
n.event,0,35,23,24,16,11,11,10,<10,<10,<10,<10,<10,<10,0,<10,<10,<10,0,0,0,0,Kaplan-Meier,Head_and_neck,Both,80 +,None,Age,VARHA FINLAND
n.risk,11,<10,<10,<10,<10,<10,<10,<10,<10,<10,<10,<10,<10,<10,<10,<10,<10,<10,<10,0,0,0,Kaplan-Meier,Liver,Both,18 to 39,None,Age,VARHA FINLAND
n.event,0,<10,<10,<10,0,0,0,0,0,0,0,0,0,0,0,0,0,0,0,0,0,0,Kaplan-Meier,Liver,Both,18 to 39,None,Age,VARHA FINLAND
n.risk,13,<10,<10,<10,<10,<10,<10,<10,<10,<10,<10,<10,<10,<10,0,0,0,0,0,0,0,0,Kaplan-Meier,Liver,Both,40 to 49,None,Age,VARHA FINLAND
n.event,0,<10,0,<10,<10,<10,0,0,<10,0,0,0,0,0,0,0,0,0,0,0,0,0,Kaplan-Meier,Liver,Both,40 to 49,None,Age,VARHA FINLAND
n.risk,80,48,33,23,16,13,11,<10,<10,<10,<10,<10,<10,<10,<10,<10,<10,<10,<10,<10,0,0,Kaplan-Meier,Liver,Both,50 to 59,None,Age,VARHA FINLAND
n.event,0,30,13,<10,<10,<10,<10,0,<10,<10,0,0,0,0,0,0,0,0,0,0,0,0,Kaplan-Meier,Liver,Both,50 to 59,None,Age,VARHA FINLAND
n.risk,158,80,54,30,19,12,<10,<10,<10,<10,<10,<10,<10,<10,<10,<10,<10,0,0,0,0,0,Kaplan-Meier,Liver,Both,60 to 69,None,Age,VARHA FINLAND
n.event,0,75,24,18,<10,<10,<10,<10,<10,<10,0,0,0,0,0,0,0,0,0,0,0,0,Kaplan-Meier,Liver,Both,60 to 69,None,Age,VARHA FINLAND
n.risk,175,89,60,32,17,10,<10,<10,<10,0,0,0,0,0,0,0,0,0,0,0,0,0,Kaplan-Meier,Liver,Both,70 to 79,None,Age,VARHA FINLAND
n.event,0,81,25,23,10,<10,<10,<10,<10,<10,0,0,0,0,0,0,0,0,0,0,0,0,Kaplan-Meier,Liver,Both,70 to 79,None,Age,VARHA FINLAND
n.risk,106,45,26,<10,<10,<10,<10,0,0,0,0,0,0,0,0,0,0,0,0,0,0,0,Kaplan-Meier,Liver,Both,80 +,None,Age,VARHA FINLAND
n.event,0,60,17,13,<10,<10,0,0,0,0,0,0,0,0,0,0,0,0,0,0,0,0,Kaplan-Meier,Liver,Both,80 +,None,Age,VARHA FINLAND
n.risk,12,<10,<10,<10,<10,<10,<10,<10,<10,<10,<10,<10,<10,<10,<10,<10,<10,0,0,0,0,0,Kaplan-Meier,Lung,Both,18 to 39,None,Age,VARHA FINLAND
n.event,0,<10,0,0,<10,0,0,0,0,0,0,<10,0,0,0,0,0,0,0,0,0,0,Kaplan-Meier,Lung,Both,18 to 39,None,Age,VARHA FINLAND
n.risk,38,30,22,15,11,<10,<10,<10,<10,<10,<10,<10,<10,<10,<10,<10,<10,0,0,0,0,0,Kaplan-Meier,Lung,Both,40 to 49,None,Age,VARHA FINLAND
n.event,0,<10,<10,<10,<10,<10,0,<10,<10,0,0,0,0,0,0,0,0,0,0,0,0,0,Kaplan-Meier,Lung,Both,40 to 49,None,Age,VARHA FINLAND
n.risk,250,192,142,109,79,65,52,43,37,29,27,21,18,14,11,10,<10,<10,<10,<10,<10,0,Kaplan-Meier,Lung,Both,50 to 59,None,Age,VARHA FINLAND
n.event,0,53,48,29,21,<10,<10,<10,<10,<10,<10,<10,<10,<10,<10,<10,<10,0,0,0,0,0,Kaplan-Meier,Lung,Both,50 to 59,None,Age,VARHA FINLAND
n.risk,686,504,374,221,161,125,103,80,66,48,38,31,26,19,16,13,<10,<10,<10,<10,0,0,Kaplan-Meier,Lung,Both,60 to 69,None,Age,VARHA FINLAND
n.event,0,158,115,126,44,23,15,12,<10,11,<10,<10,<10,<10,<10,<10,0,<10,0,0,0,0,Kaplan-Meier,Lung,Both,60 to 69,None,Age,VARHA FINLAND
n.risk,682,462,316,182,113,84,63,54,39,28,20,14,13,<10,<10,<10,<10,0,0,0,0,0,Kaplan-Meier,Lung,Both,70 to 79,None,Age,VARHA FINLAND
n.event,0,199,128,109,50,21,16,<10,<10,<10,<10,<10,0,<10,0,<10,<10,0,0,0,0,0,Kaplan-Meier,Lung,Both,70 to 79,None,Age,VARHA FINLAND
n.risk,359,182,114,47,23,18,10,<10,<10,<10,0,0,0,0,0,0,0,0,0,0,0,0,Kaplan-Meier,Lung,Both,80 +,None,Age,VARHA FINLAND
n.event,0,165,63,52,21,<10,<10,<10,<10,0,<10,0,0,0,0,0,0,0,0,0,0,0,Kaplan-Meier,Lung,Both,80 +,None,Age,VARHA FINLAND
n.risk,<10,<10,<10,<10,<10,0,0,0,0,0,0,0,0,0,0,0,0,0,0,0,0,0,Kaplan-Meier,Pancreatic,Both,18 to 39,None,Age,VARHA FINLAND
n.event,0,0,0,<10,0,0,0,0,0,0,0,0,0,0,0,0,0,0,0,0,0,0,Kaplan-Meier,Pancreatic,Both,18 to 39,None,Age,VARHA FINLAND
n.risk,26,16,12,<10,<10,<10,<10,<10,<10,<10,<10,<10,0,0,0,0,0,0,0,0,0,0,Kaplan-Meier,Pancreatic,Both,40 to 49,None,Age,VARHA FINLAND
n.event,0,<10,<10,<10,<10,0,0,0,0,0,0,0,0,0,0,0,0,0,0,0,0,0,Kaplan-Meier,Pancreatic,Both,40 to 49,None,Age,VARHA FINLAND
n.risk,125,81,56,34,24,18,16,14,11,<10,<10,<10,<10,<10,<10,<10,<10,0,0,0,0,0,Kaplan-Meier,Pancreatic,Both,50 to 59,None,Age,VARHA FINLAND
n.event,0,41,25,15,<10,<10,<10,0,<10,0,0,<10,0,<10,0,0,0,0,0,0,0,0,Kaplan-Meier,Pancreatic,Both,50 to 59,None,Age,VARHA FINLAND
n.risk,296,178,110,63,36,32,24,19,15,10,<10,<10,<10,<10,0,0,0,0,0,0,0,0,Kaplan-Meier,Pancreatic,Both,60 to 69,None,Age,VARHA FINLAND
n.event,0,102,64,42,24,<10,<10,<10,0,<10,0,<10,0,0,<10,0,0,0,0,0,0,0,Kaplan-Meier,Pancreatic,Both,60 to 69,None,Age,VARHA FINLAND
n.risk,366,171,86,30,18,10,<10,<10,<10,<10,<10,<10,<10,<10,<10,0,0,0,0,0,0,0,Kaplan-Meier,Pancreatic,Both,70 to 79,None,Age,VARHA FINLAND
n.event,0,186,72,52,12,<10,<10,<10,<10,0,0,0,0,0,0,0,0,0,0,0,0,0,Kaplan-Meier,Pancreatic,Both,70 to 79,None,Age,VARHA FINLAND
n.risk,266,93,49,19,10,10,<10,<10,<10,<10,<10,<10,<10,<10,<10,<10,0,0,0,0,0,0,Kaplan-Meier,Pancreatic,Both,80 +,None,Age,VARHA FINLAND
n.event,0,167,44,28,<10,0,<10,<10,0,0,0,0,0,0,0,0,0,0,0,0,0,0,Kaplan-Meier,Pancreatic,Both,80 +,None,Age,VARHA FINLAND
n.risk,<10,<10,<10,<10,<10,<10,<10,<10,<10,<10,<10,0,0,0,0,0,0,0,0,0,0,0,Kaplan-Meier,Prostate,Male,18 to 39,None,Age,VARHA FINLAND
n.event,0,0,0,0,<10,0,<10,0,0,0,0,0,0,0,0,0,0,0,0,0,0,0,Kaplan-Meier,Prostate,Male,18 to 39,None,Age,VARHA FINLAND
n.risk,66,63,61,53,51,48,44,39,34,30,25,19,13,10,<10,<10,<10,0,0,0,0,0,Kaplan-Meier,Prostate,Male,40 to 49,None,Age,VARHA FINLAND
n.event,0,<10,0,0,0,0,0,0,0,0,0,0,0,0,<10,0,0,<10,0,0,0,0,Kaplan-Meier,Prostate,Male,40 to 49,None,Age,VARHA FINLAND
n.risk,733,700,675,618,559,524,483,419,371,329,280,229,204,171,145,108,78,<10,0,0,0,0,Kaplan-Meier,Prostate,Male,50 to 59,None,Age,VARHA FINLAND
n.event,0,<10,<10,12,<10,<10,<10,<10,<10,<10,<10,<10,<10,<10,<10,<10,<10,<10,0,0,0,0,Kaplan-Meier,Prostate,Male,50 to 59,None,Age,VARHA FINLAND
n.risk,2380,2282,2170,1946,1726,1545,1382,1195,1026,898,754,628,511,434,344,252,160,<10,<10,<10,<10,0,Kaplan-Meier,Prostate,Male,60 to 69,None,Age,VARHA FINLAND
n.event,0,13,22,77,58,43,39,45,43,38,37,22,31,18,23,24,14,<10,0,0,0,0,Kaplan-Meier,Prostate,Male,60 to 69,None,Age,VARHA FINLAND
n.risk,2765,2615,2452,2155,1908,1670,1427,1242,1041,861,695,549,424,328,235,161,90,<10,0,0,0,0,Kaplan-Meier,Prostate,Male,70 to 79,None,Age,VARHA FINLAND
n.event,0,63,55,146,109,117,118,90,107,89,83,76,54,48,48,42,28,13,0,0,0,0,Kaplan-Meier,Prostate,Male,70 to 79,None,Age,VARHA FINLAND
n.risk,1183,1056,933,767,616,502,378,273,208,149,102,64,41,23,16,10,<10,0,0,0,0,0,Kaplan-Meier,Prostate,Male,80 +,None,Age,VARHA FINLAND
n.event,0,94,83,131,112,78,93,73,44,33,32,28,17,10,<10,<10,<10,<10,0,0,0,0,Kaplan-Meier,Prostate,Male,80 +,None,Age,VARHA FINLAND
n.risk,<10,<10,<10,<10,<10,<10,<10,<10,<10,<10,<10,<10,0,0,0,0,0,0,0,0,0,0,Kaplan-Meier,Stomach,Both,18 to 39,None,Age,VARHA FINLAND
n.event,0,<10,0,<10,<10,0,0,0,0,0,0,0,<10,0,0,0,0,0,0,0,0,0,Kaplan-Meier,Stomach,Both,18 to 39,None,Age,VARHA FINLAND
n.risk,29,25,21,12,10,<10,<10,<10,<10,<10,<10,<10,<10,<10,<10,<10,<10,0,0,0,0,0,Kaplan-Meier,Stomach,Both,40 to 49,None,Age,VARHA FINLAND
n.event,0,<10,<10,<10,<10,<10,0,0,0,0,0,0,0,0,0,0,0,0,0,0,0,0,Kaplan-Meier,Stomach,Both,40 to 49,None,Age,VARHA FINLAND
n.risk,80,67,47,38,31,29,26,20,18,17,13,12,10,<10,<10,<10,<10,<10,0,0,0,0,Kaplan-Meier,Stomach,Both,50 to 59,None,Age,VARHA FINLAND
n.event,0,13,20,<10,<10,<10,<10,<10,0,0,<10,<10,<10,0,0,0,0,0,0,0,0,0,Kaplan-Meier,Stomach,Both,50 to 59,None,Age,VARHA FINLAND
n.risk,174,133,108,80,65,58,52,45,40,35,29,24,17,13,11,<10,<10,<10,<10,0,0,0,Kaplan-Meier,Stomach,Both,60 to 69,None,Age,VARHA FINLAND
n.event,0,39,19,25,11,<10,<10,<10,<10,<10,<10,<10,<10,<10,0,<10,0,0,0,0,0,0,Kaplan-Meier,Stomach,Both,60 to 69,None,Age,VARHA FINLAND
n.risk,212,137,104,71,59,47,38,29,25,18,13,12,<10,<10,<10,0,0,0,0,0,0,0,Kaplan-Meier,Stomach,Both,70 to 79,None,Age,VARHA FINLAND
n.event,0,70,29,27,<10,<10,<10,<10,<10,<10,<10,<10,<10,0,0,<10,0,0,0,0,0,0,Kaplan-Meier,Stomach,Both,70 to 79,None,Age,VARHA FINLAND
n.risk,203,111,75,42,28,22,21,15,11,<10,<10,<10,<10,<10,<10,0,0,0,0,0,0,0,Kaplan-Meier,Stomach,Both,80 +,None,Age,VARHA FINLAND
n.event,0,90,32,30,11,<10,0,<10,<10,<10,0,0,0,<10,0,0,0,0,0,0,0,0,Kaplan-Meier,Stomach,Both,80 +,None,Age,VARHA FINLAND
n.risk,905,800,727,575,446,326,251,194,148,94,70,51,30,15,<10,<10,<10,0,0,0,0,NA,Kaplan-Meier,Breast,Female,80 +,agesex,None,VARHA FINLAND
n.event,0,65,50,96,77,70,52,35,26,33,13,13,12,10,<10,<10,<10,0,0,0,0,NA,Kaplan-Meier,Breast,Female,80 +,agesex,None,VARHA FINLAND
n.risk,<10,<10,<10,<10,<10,<10,<10,<10,<10,<10,<10,<10,0,0,0,0,0,0,0,0,0,NA,Kaplan-Meier,Breast,Male,80 +,agesex,None,VARHA FINLAND
n.event,0,0,0,0,0,0,<10,0,0,0,0,0,0,0,0,0,0,0,0,0,0,NA,Kaplan-Meier,Breast,Male,80 +,agesex,None,VARHA FINLAND
n.risk,22,22,21,19,16,13,12,11,11,10,<10,<10,<10,<10,<10,<10,<10,0,0,0,0,NA,Kaplan-Meier,Colorectal,Female,18 to 39,agesex,None,VARHA FINLAND
n.event,0,0,0,<10,<10,0,0,0,0,0,0,0,0,0,0,0,0,0,0,0,0,NA,Kaplan-Meier,Colorectal,Female,18 to 39,agesex,None,VARHA FINLAND
n.risk,22,22,22,17,15,10,<10,<10,<10,<10,<10,<10,<10,<10,<10,<10,<10,0,0,0,0,NA,Kaplan-Meier,Colorectal,Male,18 to 39,agesex,None,VARHA FINLAND
n.event,0,0,0,<10,<10,<10,0,0,0,0,0,0,0,0,0,0,0,0,0,0,0,NA,Kaplan-Meier,Colorectal,Male,18 to 39,agesex,None,VARHA FINLAND
n.risk,69,63,60,53,43,37,30,28,24,22,19,17,16,13,12,<10,<10,0,0,0,0,NA,Kaplan-Meier,Colorectal,Female,40 to 49,agesex,None,VARHA FINLAND
n.event,0,<10,<10,<10,<10,<10,<10,0,0,0,0,0,0,0,0,0,0,0,0,0,0,NA,Kaplan-Meier,Colorectal,Female,40 to 49,agesex,None,VARHA FINLAND
n.risk,56,51,47,41,35,31,25,20,18,15,14,14,14,12,10,<10,<10,0,0,0,0,NA,Kaplan-Meier,Colorectal,Male,40 to 49,agesex,None,VARHA FINLAND
n.event,0,<10,<10,<10,<10,<10,<10,<10,0,0,0,0,0,<10,0,<10,0,0,0,0,0,NA,Kaplan-Meier,Colorectal,Male,40 to 49,agesex,None,VARHA FINLAND
n.risk,216,202,189,162,145,128,109,94,83,76,71,61,43,35,33,29,17,<10,<10,<10,0,NA,Kaplan-Meier,Colorectal,Female,50 to 59,agesex,None,VARHA FINLAND
n.event,0,<10,<10,15,<10,<10,<10,<10,<10,<10,0,<10,<10,0,0,0,<10,0,0,0,0,NA,Kaplan-Meier,Colorectal,Female,50 to 59,agesex,None,VARHA FINLAND
n.risk,189,177,161,132,104,92,84,66,64,52,48,39,33,22,17,14,12,<10,0,0,0,NA,Kaplan-Meier,Colorectal,Male,50 to 59,agesex,None,VARHA FINLAND
n.event,0,<10,11,14,14,<10,<10,<10,<10,<10,0,0,<10,<10,<10,0,0,0,0,0,0,NA,Kaplan-Meier,Colorectal,Male,50 to 59,agesex,None,VARHA FINLAND
n.risk,396,358,331,281,243,210,184,165,142,113,97,81,63,50,42,33,26,<10,0,0,0,NA,Kaplan-Meier,Colorectal,Female,60 to 69,agesex,None,VARHA FINLAND
n.event,0,20,18,31,21,10,10,<10,<10,<10,<10,<10,<10,<10,<10,0,<10,<10,0,0,0,NA,Kaplan-Meier,Colorectal,Female,60 to 69,agesex,None,VARHA FINLAND
n.risk,522,478,429,363,311,260,212,186,152,125,104,84,64,50,32,27,17,<10,0,0,0,NA,Kaplan-Meier,Colorectal,Male,60 to 69,agesex,None,VARHA FINLAND
n.event,0,25,28,36,25,19,14,<10,<10,<10,<10,<10,<10,<10,<10,0,<10,0,0,0,0,NA,Kaplan-Meier,Colorectal,Male,60 to 69,agesex,None,VARHA FINLAND
n.risk,582,524,484,412,354,303,264,229,191,159,135,104,84,64,39,23,10,0,0,0,0,NA,Kaplan-Meier,Colorectal,Female,70 to 79,agesex,None,VARHA FINLAND
n.event,0,33,23,34,28,17,17,13,11,17,11,13,11,11,<10,<10,<10,<10,0,0,0,NA,Kaplan-Meier,Colorectal,Female,70 to 79,agesex,None,VARHA FINLAND
n.risk,603,514,451,357,286,239,184,152,127,103,84,70,58,44,26,19,11,<10,0,0,0,NA,Kaplan-Meier,Colorectal,Male,70 to 79,agesex,None,VARHA FINLAND
n.event,0,61,39,59,41,35,31,14,10,12,<10,<10,<10,<10,<10,<10,<10,<10,<10,0,0,NA,Kaplan-Meier,Colorectal,Male,70 to 79,agesex,None,VARHA FINLAND
n.risk,575,449,377,289,222,178,152,121,87,62,44,32,19,15,<10,<10,0,0,0,0,0,NA,Kaplan-Meier,Colorectal,Female,80 +,agesex,None,VARHA FINLAND
n.event,0,100,58,69,43,27,17,19,17,10,10,<10,<10,<10,<10,<10,<10,0,0,0,0,NA,Kaplan-Meier,Colorectal,Female,80 +,agesex,None,VARHA FINLAND
n.risk,368,295,238,167,128,95,73,55,39,23,18,13,<10,<10,<10,<10,0,0,0,0,0,NA,Kaplan-Meier,Colorectal,Male,80 +,agesex,None,VARHA FINLAND
n.event,0,58,43,52,27,22,<10,14,11,<10,<10,<10,<10,<10,<10,0,0,0,0,0,0,NA,Kaplan-Meier,Colorectal,Male,80 +,agesex,None,VARHA FINLAND
n.risk,37,35,33,29,28,26,21,16,13,10,<10,<10,<10,<10,<10,<10,<10,0,0,0,0,NA,Kaplan-Meier,Head_and_neck,Female,18 to 39,agesex,None,VARHA FINLAND
n.event,0,0,<10,<10,0,0,0,<10,0,<10,0,<10,0,0,0,0,0,0,0,0,0,NA,Kaplan-Meier,Head_and_neck,Female,18 to 39,agesex,None,VARHA FINLAND
n.risk,42,39,37,32,29,27,26,22,21,19,16,12,11,<10,<10,<10,<10,0,0,0,0,NA,Kaplan-Meier,Head_and_neck,Male,18 to 39,agesex,None,VARHA FINLAND
n.event,0,<10,<10,<10,<10,0,0,<10,0,0,0,0,0,0,0,0,0,0,0,0,0,NA,Kaplan-Meier,Head_and_neck,Male,18 to 39,agesex,None,VARHA FINLAND
n.risk,39,39,36,35,32,25,20,17,13,13,12,10,10,<10,<10,<10,<10,0,0,0,0,NA,Kaplan-Meier,Head_and_neck,Female,40 to 49,agesex,None,VARHA FINLAND
n.event,0,0,<10,<10,<10,<10,0,<10,<10,0,0,0,0,0,0,0,0,0,0,0,0,NA,Kaplan-Meier,Head_and_neck,Female,40 to 49,agesex,None,VARHA FINLAND
n.risk,64,59,55,48,47,42,39,35,32,30,28,22,14,12,10,<10,<10,0,0,0,0,NA,Kaplan-Meier,Head_and_neck,Male,40 to 49,agesex,None,VARHA FINLAND
n.event,0,<10,<10,<10,<10,<10,0,0,0,<10,<10,<10,<10,0,0,0,0,0,0,0,0,NA,Kaplan-Meier,Head_and_neck,Male,40 to 49,agesex,None,VARHA FINLAND
n.risk,92,86,82,73,66,59,55,48,46,40,36,32,27,20,18,15,12,<10,<10,<10,<10,NA,Kaplan-Meier,Head_and_neck,Female,50 to 59,agesex,None,VARHA FINLAND
n.event,0,<10,<10,<10,<10,<10,<10,<10,0,0,<10,0,<10,<10,<10,<10,0,<10,0,0,0,NA,Kaplan-Meier,Head_and_neck,Female,50 to 59,agesex,None,VARHA FINLAND
n.risk,180,169,158,129,113,95,86,71,61,54,44,41,35,27,24,20,14,<10,<10,<10,0,NA,Kaplan-Meier,Head_and_neck,Male,50 to 59,agesex,None,VARHA FINLAND
n.event,0,<10,<10,24,<10,<10,<10,<10,<10,<10,<10,<10,<10,<10,0,<10,<10,<10,0,0,0,NA,Kaplan-Meier,Head_and_neck,Male,50 to 59,agesex,None,VARHA FINLAND
n.risk,157,150,135,108,93,83,74,66,51,46,41,36,29,21,13,12,<10,0,0,0,0,NA,Kaplan-Meier,Head_and_neck,Female,60 to 69,agesex,None,VARHA FINLAND
n.event,0,<10,<10,14,<10,<10,<10,<10,<10,<10,<10,<10,<10,<10,<10,0,<10,0,0,0,0,NA,Kaplan-Meier,Head_and_neck,Female,60 to 69,agesex,None,VARHA FINLAND
n.risk,270,245,222,184,147,123,101,83,68,60,44,35,26,17,13,<10,<10,0,0,0,0,NA,Kaplan-Meier,Head_and_neck,Male,60 to 69,agesex,None,VARHA FINLAND
n.event,0,17,14,28,22,10,<10,<10,<10,<10,<10,<10,<10,<10,<10,<10,0,0,0,0,0,NA,Kaplan-Meier,Head_and_neck,Male,60 to 69,agesex,None,VARHA FINLAND
n.risk,158,145,129,111,100,85,78,63,55,49,44,36,29,21,18,13,<10,0,0,0,0,NA,Kaplan-Meier,Head_and_neck,Female,70 to 79,agesex,None,VARHA FINLAND
n.event,0,<10,12,<10,<10,<10,<10,<10,<10,<10,<10,<10,<10,<10,<10,0,<10,<10,0,0,0,NA,Kaplan-Meier,Head_and_neck,Female,70 to 79,agesex,None,VARHA FINLAND
n.risk,223,197,172,139,116,97,82,73,59,54,43,36,29,24,19,10,<10,0,0,0,0,NA,Kaplan-Meier,Head_and_neck,Male,70 to 79,agesex,None,VARHA FINLAND
n.event,0,14,17,22,<10,14,<10,<10,<10,<10,<10,<10,<10,<10,<10,<10,<10,<10,0,0,0,NA,Kaplan-Meier,Head_and_neck,Male,70 to 79,agesex,None,VARHA FINLAND
n.risk,140,112,98,78,65,53,44,34,26,20,13,<10,<10,<10,<10,<10,0,0,0,0,0,NA,Kaplan-Meier,Head_and_neck,Female,80 +,agesex,None,VARHA FINLAND
n.event,0,20,12,16,<10,<10,<10,<10,<10,<10,<10,<10,<10,<10,0,<10,<10,0,0,0,0,NA,Kaplan-Meier,Head_and_neck,Female,80 +,agesex,None,VARHA FINLAND
n.risk,87,70,57,45,34,26,19,14,13,12,10,<10,<10,<10,<10,<10,<10,0,0,0,0,NA,Kaplan-Meier,Head_and_neck,Male,80 +,agesex,None,VARHA FINLAND
n.event,0,15,11,<10,<10,<10,<10,<10,<10,<10,<10,<10,<10,0,0,0,0,<10,0,0,0,NA,Kaplan-Meier,Head_and_neck,Male,80 +,agesex,None,VARHA FINLAND
n.risk,<10,<10,<10,<10,<10,<10,<10,<10,<10,<10,<10,<10,<10,<10,<10,<10,0,0,0,0,0,NA,Kaplan-Meier,Liver,Female,18 to 39,agesex,None,VARHA FINLAND
n.event,0,<10,<10,<10,0,0,0,0,0,0,0,0,0,0,0,0,0,0,0,0,0,NA,Kaplan-Meier,Liver,Female,18 to 39,agesex,None,VARHA FINLAND
n.risk,<10,<10,<10,<10,<10,<10,<10,<10,<10,<10,<10,<10,<10,<10,<10,<10,<10,<10,<10,0,0,NA,Kaplan-Meier,Liver,Male,18 to 39,agesex,None,VARHA FINLAND
n.event,0,0,<10,0,0,0,0,0,0,0,0,0,0,0,0,0,0,0,0,0,0,NA,Kaplan-Meier,Liver,Male,18 to 39,agesex,None,VARHA FINLAND
n.risk,<10,<10,<10,<10,<10,<10,<10,<10,<10,<10,<10,<10,<10,<10,0,0,0,0,0,0,0,NA,Kaplan-Meier,Liver,Female,40 to 49,agesex,None,VARHA FINLAND
n.event,0,<10,0,0,0,<10,0,0,0,0,0,0,0,0,0,0,0,0,0,0,0,NA,Kaplan-Meier,Liver,Female,40 to 49,agesex,None,VARHA FINLAND
n.risk,<10,<10,<10,<10,<10,<10,<10,<10,<10,<10,<10,<10,<10,<10,0,0,0,0,0,0,0,NA,Kaplan-Meier,Liver,Male,40 to 49,agesex,None,VARHA FINLAND
n.event,0,<10,0,<10,<10,<10,0,0,<10,0,0,0,0,0,0,0,0,0,0,0,0,NA,Kaplan-Meier,Liver,Male,40 to 49,agesex,None,VARHA FINLAND
n.risk,29,20,13,11,<10,<10,<10,<10,<10,<10,<10,<10,<10,<10,<10,<10,<10,<10,<10,<10,0,NA,Kaplan-Meier,Liver,Female,50 to 59,agesex,None,VARHA FINLAND
n.event,0,<10,<10,<10,<10,0,0,0,0,<10,0,0,0,0,0,0,0,0,0,0,0,NA,Kaplan-Meier,Liver,Female,50 to 59,agesex,None,VARHA FINLAND
n.risk,51,28,20,12,<10,<10,<10,<10,<10,0,0,0,0,0,0,0,0,0,0,0,0,NA,Kaplan-Meier,Liver,Male,50 to 59,agesex,None,VARHA FINLAND
n.event,0,21,<10,<10,<10,<10,<10,0,<10,<10,0,0,0,0,0,0,0,0,0,0,0,NA,Kaplan-Meier,Liver,Male,50 to 59,agesex,None,VARHA FINLAND
n.risk,43,23,17,11,<10,<10,<10,<10,<10,<10,<10,<10,<10,<10,<10,<10,<10,0,0,0,0,NA,Kaplan-Meier,Liver,Female,60 to 69,agesex,None,VARHA FINLAND
n.event,0,18,<10,<10,<10,<10,<10,0,0,<10,0,0,0,0,0,0,0,0,0,0,0,NA,Kaplan-Meier,Liver,Female,60 to 69,agesex,None,VARHA FINLAND
n.risk,115,57,37,19,11,<10,<10,<10,0,0,0,0,0,0,0,0,0,0,0,0,0,NA,Kaplan-Meier,Liver,Male,60 to 69,agesex,None,VARHA FINLAND
n.event,0,57,18,13,<10,<10,<10,<10,<10,0,0,0,0,0,0,0,0,0,0,0,0,NA,Kaplan-Meier,Liver,Male,60 to 69,agesex,None,VARHA FINLAND
n.risk,68,28,19,10,<10,<10,<10,<10,0,0,0,0,0,0,0,0,0,0,0,0,0,NA,Kaplan-Meier,Liver,Female,70 to 79,agesex,None,VARHA FINLAND
n.event,0,39,<10,<10,<10,<10,0,0,<10,0,0,0,0,0,0,0,0,0,0,0,0,NA,Kaplan-Meier,Liver,Female,70 to 79,agesex,None,VARHA FINLAND
n.risk,107,61,41,22,13,<10,<10,<10,<10,0,0,0,0,0,0,0,0,0,0,0,0,NA,Kaplan-Meier,Liver,Male,70 to 79,agesex,None,VARHA FINLAND
n.event,0,42,18,16,<10,<10,<10,<10,0,<10,0,0,0,0,0,0,0,0,0,0,0,NA,Kaplan-Meier,Liver,Male,70 to 79,agesex,None,VARHA FINLAND
n.risk,54,22,14,<10,<10,<10,<10,0,0,0,0,0,0,0,0,0,0,0,0,0,0,NA,Kaplan-Meier,Liver,Female,80 +,agesex,None,VARHA FINLAND
n.event,0,32,<10,<10,<10,<10,0,0,0,0,0,0,0,0,0,0,0,0,0,0,0,NA,Kaplan-Meier,Liver,Female,80 +,agesex,None,VARHA FINLAND
n.risk,52,23,12,<10,0,0,0,0,0,0,0,0,0,0,0,0,0,0,0,0,0,NA,Kaplan-Meier,Liver,Male,80 +,agesex,None,VARHA FINLAND
n.event,0,28,<10,<10,<10,0,0,0,0,0,0,0,0,0,0,0,0,0,0,0,0,NA,Kaplan-Meier,Liver,Male,80 +,agesex,None,VARHA FINLAND
n.risk,<10,<10,<10,<10,<10,<10,<10,<10,<10,<10,<10,<10,<10,<10,<10,<10,<10,0,0,0,0,NA,Kaplan-Meier,Lung,Female,18 to 39,agesex,None,VARHA FINLAND
n.event,0,<10,0,0,<10,0,0,0,0,0,0,<10,0,0,0,0,0,0,0,0,0,NA,Kaplan-Meier,Lung,Female,18 to 39,agesex,None,VARHA FINLAND
n.risk,<10,<10,<10,<10,<10,<10,<10,<10,0,0,0,0,0,0,0,0,0,0,0,0,0,NA,Kaplan-Meier,Lung,Male,18 to 39,agesex,None,VARHA FINLAND
n.event,0,<10,0,0,0,0,0,0,0,0,0,0,0,0,0,0,0,0,0,0,0,NA,Kaplan-Meier,Lung,Male,18 to 39,agesex,None,VARHA FINLAND
n.risk,19,15,13,<10,<10,<10,<10,<10,0,0,0,0,0,0,0,0,0,0,0,0,0,NA,Kaplan-Meier,Lung,Female,40 to 49,agesex,None,VARHA FINLAND
n.event,0,<10,<10,<10,<10,<10,0,0,<10,0,0,0,0,0,0,0,0,0,0,0,0,NA,Kaplan-Meier,Lung,Female,40 to 49,agesex,None,VARHA FINLAND
n.risk,19,15,<10,<10,<10,<10,<10,<10,<10,<10,<10,<10,<10,<10,<10,<10,<10,0,0,0,0,NA,Kaplan-Meier,Lung,Male,40 to 49,agesex,None,VARHA FINLAND
n.event,0,<10,<10,<10,<10,0,0,<10,<10,0,0,0,0,0,0,0,0,0,0,0,0,NA,Kaplan-Meier,Lung,Male,40 to 49,agesex,None,VARHA FINLAND
n.risk,104,82,61,53,40,33,25,22,20,17,17,12,11,<10,<10,<10,<10,<10,<10,<10,<10,NA,Kaplan-Meier,Lung,Female,50 to 59,agesex,None,VARHA FINLAND
n.event,0,17,20,<10,<10,<10,<10,0,0,<10,0,<10,0,<10,<10,0,<10,0,0,0,0,NA,Kaplan-Meier,Lung,Female,50 to 59,agesex,None,VARHA FINLAND
n.risk,146,110,81,56,39,32,27,21,17,12,10,<10,<10,<10,<10,<10,<10,0,0,0,0,NA,Kaplan-Meier,Lung,Male,50 to 59,agesex,None,VARHA FINLAND
n.event,0,36,28,22,14,<10,<10,<10,<10,<10,<10,0,<10,<10,<10,<10,0,0,0,0,0,NA,Kaplan-Meier,Lung,Male,50 to 59,agesex,None,VARHA FINLAND
n.risk,248,194,147,90,66,54,47,38,35,25,21,19,15,<10,<10,<10,<10,<10,0,0,0,NA,Kaplan-Meier,Lung,Female,60 to 69,agesex,None,VARHA FINLAND
n.event,0,46,39,48,20,<10,<10,<10,<10,<10,0,<10,<10,<10,0,<10,0,0,0,0,0,NA,Kaplan-Meier,Lung,Female,60 to 69,agesex,None,VARHA FINLAND
n.risk,438,310,227,131,95,71,56,42,31,23,17,12,11,10,<10,<10,<10,<10,<10,<10,0,NA,Kaplan-Meier,Lung,Male,60 to 69,agesex,None,VARHA FINLAND
n.event,0,112,76,78,24,16,10,<10,<10,<10,<10,<10,0,<10,<10,<10,0,<10,0,0,0,NA,Kaplan-Meier,Lung,Male,60 to 69,agesex,None,VARHA FINLAND
n.risk,227,152,105,68,41,30,27,24,19,16,11,<10,<10,<10,<10,<10,<10,0,0,0,0,NA,Kaplan-Meier,Lung,Female,70 to 79,agesex,None,VARHA FINLAND
n.event,0,67,38,25,18,<10,<10,0,<10,<10,<10,<10,0,0,0,<10,<10,0,0,0,0,NA,Kaplan-Meier,Lung,Female,70 to 79,agesex,None,VARHA FINLAND
n.risk,455,310,211,114,72,54,36,30,20,12,<10,<10,<10,<10,<10,0,0,0,0,0,0,NA,Kaplan-Meier,Lung,Male,70 to 79,agesex,None,VARHA FINLAND
n.event,0,132,90,84,32,14,14,<10,<10,<10,<10,<10,0,<10,0,<10,0,0,0,0,0,NA,Kaplan-Meier,Lung,Male,70 to 79,agesex,None,VARHA FINLAND
n.risk,161,83,52,22,12,<10,<10,<10,0,0,0,0,0,0,0,0,0,0,0,0,0,NA,Kaplan-Meier,Lung,Female,80 +,agesex,None,VARHA FINLAND
n.event,0,68,30,20,<10,<10,<10,<10,<10,0,0,0,0,0,0,0,0,0,0,0,0,NA,Kaplan-Meier,Lung,Female,80 +,agesex,None,VARHA FINLAND
n.risk,198,99,62,25,11,<10,<10,<10,<10,<10,0,0,0,0,0,0,0,0,0,0,0,NA,Kaplan-Meier,Lung,Male,80 +,agesex,None,VARHA FINLAND
n.event,0,97,33,32,14,<10,<10,<10,<10,0,<10,0,0,0,0,0,0,0,0,0,0,NA,Kaplan-Meier,Lung,Male,80 +,agesex,None,VARHA FINLAND
n.risk,10,<10,<10,<10,<10,<10,<10,<10,<10,<10,<10,<10,0,0,0,0,0,0,0,0,0,NA,Kaplan-Meier,Pancreatic,Female,40 to 49,agesex,None,VARHA FINLAND
n.event,0,<10,<10,<10,<10,0,0,0,0,0,0,0,0,0,0,0,0,0,0,0,0,NA,Kaplan-Meier,Pancreatic,Female,40 to 49,agesex,None,VARHA FINLAND
n.risk,16,<10,<10,<10,<10,<10,<10,<10,0,0,0,0,0,0,0,0,0,0,0,0,0,NA,Kaplan-Meier,Pancreatic,Male,40 to 49,agesex,None,VARHA FINLAND
n.event,0,<10,<10,<10,<10,0,0,0,0,0,0,0,0,0,0,0,0,0,0,0,0,NA,Kaplan-Meier,Pancreatic,Male,40 to 49,agesex,None,VARHA FINLAND
n.risk,51,35,24,14,11,<10,<10,<10,<10,<10,<10,<10,<10,<10,<10,<10,0,0,0,0,0,NA,Kaplan-Meier,Pancreatic,Female,50 to 59,agesex,None,VARHA FINLAND
n.event,0,14,11,<10,<10,<10,0,0,0,0,0,0,0,<10,0,0,0,0,0,0,0,NA,Kaplan-Meier,Pancreatic,Female,50 to 59,agesex,None,VARHA FINLAND
n.risk,74,46,32,20,13,10,<10,<10,<10,<10,<10,<10,<10,<10,<10,<10,<10,0,0,0,0,NA,Kaplan-Meier,Pancreatic,Male,50 to 59,agesex,None,VARHA FINLAND
n.event,0,27,14,<10,<10,<10,<10,0,<10,0,0,<10,0,0,0,0,0,0,0,0,0,NA,Kaplan-Meier,Pancreatic,Male,50 to 59,agesex,None,VARHA FINLAND
n.risk,132,85,50,27,15,13,12,10,<10,<10,<10,<10,<10,<10,0,0,0,0,0,0,0,NA,Kaplan-Meier,Pancreatic,Female,60 to 69,agesex,None,VARHA FINLAND
n.event,0,41,32,21,10,<10,<10,<10,0,0,0,<10,0,0,0,0,0,0,0,0,0,NA,Kaplan-Meier,Pancreatic,Female,60 to 69,agesex,None,VARHA FINLAND
n.risk,164,93,60,36,21,19,12,<10,<10,<10,<10,<10,<10,<10,0,0,0,0,0,0,0,NA,Kaplan-Meier,Pancreatic,Male,60 to 69,agesex,None,VARHA FINLAND
n.event,0,61,32,21,14,<10,<10,<10,0,<10,0,0,0,0,<10,0,0,0,0,0,0,NA,Kaplan-Meier,Pancreatic,Male,60 to 69,agesex,None,VARHA FINLAND
n.risk,202,102,57,23,14,<10,<10,<10,<10,<10,<10,<10,<10,<10,<10,0,0,0,0,0,0,NA,Kaplan-Meier,Pancreatic,Female,70 to 79,agesex,None,VARHA FINLAND
n.event,0,95,39,33,<10,<10,<10,<10,<10,0,0,0,0,0,0,0,0,0,0,0,0,NA,Kaplan-Meier,Pancreatic,Female,70 to 79,agesex,None,VARHA FINLAND
n.risk,164,69,29,<10,<10,<10,0,0,0,0,0,0,0,0,0,0,0,0,0,0,0,NA,Kaplan-Meier,Pancreatic,Male,70 to 79,agesex,None,VARHA FINLAND
n.event,0,91,33,19,<10,<10,<10,0,0,0,0,0,0,0,0,0,0,0,0,0,0,NA,Kaplan-Meier,Pancreatic,Male,70 to 79,agesex,None,VARHA FINLAND
n.risk,181,67,35,16,<10,<10,<10,<10,<10,<10,<10,<10,<10,<10,<10,<10,0,0,0,0,0,NA,Kaplan-Meier,Pancreatic,Female,80 +,agesex,None,VARHA FINLAND
n.event,0,111,32,17,<10,0,<10,<10,0,0,0,0,0,0,0,0,0,0,0,0,0,NA,Kaplan-Meier,Pancreatic,Female,80 +,agesex,None,VARHA FINLAND
n.risk,85,26,14,<10,<10,<10,<10,0,0,0,0,0,0,0,0,0,0,0,0,0,0,NA,Kaplan-Meier,Pancreatic,Male,80 +,agesex,None,VARHA FINLAND
n.event,0,56,12,11,0,0,<10,<10,0,0,0,0,0,0,0,0,0,0,0,0,0,NA,Kaplan-Meier,Pancreatic,Male,80 +,agesex,None,VARHA FINLAND
n.risk,18,16,13,<10,<10,<10,<10,<10,<10,<10,<10,<10,<10,<10,<10,0,0,0,0,0,0,NA,Kaplan-Meier,Stomach,Female,40 to 49,agesex,None,VARHA FINLAND
n.event,0,<10,<10,<10,0,<10,0,0,0,0,0,0,0,0,0,0,0,0,0,0,0,NA,Kaplan-Meier,Stomach,Female,40 to 49,agesex,None,VARHA FINLAND
n.risk,11,<10,<10,<10,<10,<10,<10,<10,<10,<10,<10,<10,<10,<10,<10,<10,<10,0,0,0,0,NA,Kaplan-Meier,Stomach,Male,40 to 49,agesex,None,VARHA FINLAND
n.event,0,<10,<10,<10,<10,<10,0,0,0,0,0,0,0,0,0,0,0,0,0,0,0,NA,Kaplan-Meier,Stomach,Male,40 to 49,agesex,None,VARHA FINLAND
n.risk,36,32,27,21,18,16,15,13,11,10,<10,<10,<10,<10,<10,<10,<10,<10,0,0,0,NA,Kaplan-Meier,Stomach,Female,50 to 59,agesex,None,VARHA FINLAND
n.event,0,<10,<10,<10,<10,<10,<10,<10,0,0,0,0,0,0,0,0,0,0,0,0,0,NA,Kaplan-Meier,Stomach,Female,50 to 59,agesex,None,VARHA FINLAND
n.risk,44,35,20,17,13,13,11,<10,<10,<10,<10,<10,<10,<10,<10,<10,0,0,0,0,0,NA,Kaplan-Meier,Stomach,Male,50 to 59,agesex,None,VARHA FINLAND
n.event,0,<10,15,<10,<10,0,<10,<10,0,0,<10,<10,<10,0,0,0,0,0,0,0,0,NA,Kaplan-Meier,Stomach,Male,50 to 59,agesex,None,VARHA FINLAND
n.risk,63,50,45,34,25,22,22,19,16,14,13,<10,<10,<10,<10,<10,<10,0,0,0,0,NA,Kaplan-Meier,Stomach,Female,60 to 69,agesex,None,VARHA FINLAND
n.event,0,13,<10,11,<10,<10,0,<10,0,0,<10,0,0,0,0,<10,0,0,0,0,0,NA,Kaplan-Meier,Stomach,Female,60 to 69,agesex,None,VARHA FINLAND
n.risk,111,83,63,46,40,36,30,26,24,21,16,15,10,<10,<10,<10,<10,<10,<10,0,0,NA,Kaplan-Meier,Stomach,Male,60 to 69,agesex,None,VARHA FINLAND
n.event,0,26,15,14,<10,<10,<10,<10,<10,<10,<10,<10,<10,<10,0,<10,0,0,0,0,0,NA,Kaplan-Meier,Stomach,Male,60 to 69,agesex,None,VARHA FINLAND
n.risk,83,60,49,38,32,29,23,18,15,11,10,<10,<10,<10,<10,0,0,0,0,0,0,NA,Kaplan-Meier,Stomach,Female,70 to 79,agesex,None,VARHA FINLAND
n.event,0,22,<10,<10,<10,<10,<10,<10,<10,<10,0,<10,<10,0,0,<10,0,0,0,0,0,NA,Kaplan-Meier,Stomach,Female,70 to 79,agesex,None,VARHA FINLAND
n.risk,129,77,55,33,27,18,15,11,10,<10,<10,<10,<10,0,0,0,0,0,0,0,0,NA,Kaplan-Meier,Stomach,Male,70 to 79,agesex,None,VARHA FINLAND
n.event,0,48,20,20,<10,<10,<10,<10,0,<10,<10,0,0,0,0,0,0,0,0,0,0,NA,Kaplan-Meier,Stomach,Male,70 to 79,agesex,None,VARHA FINLAND
n.risk,118,60,42,23,18,15,14,<10,<10,<10,<10,<10,<10,<10,<10,0,0,0,0,0,0,NA,Kaplan-Meier,Stomach,Female,80 +,agesex,None,VARHA FINLAND
n.event,0,56,17,15,<10,<10,0,<10,<10,<10,0,0,0,<10,0,0,0,0,0,0,0,NA,Kaplan-Meier,Stomach,Female,80 +,agesex,None,VARHA FINLAND
n.risk,85,51,33,19,10,<10,<10,<10,<10,<10,<10,<10,<10,0,0,0,0,0,0,0,0,NA,Kaplan-Meier,Stomach,Male,80 +,agesex,None,VARHA FINLAND
n.event,0,34,15,15,<10,<10,0,<10,<10,<10,0,0,0,0,0,0,0,0,0,0,0,NA,Kaplan-Meier,Stomach,Male,80 +,agesex,None,VARHA FINLAND
