Cancer,cohort_definition_id,number_records,number_subjects,reason_id,reason,excluded_records,excluded_subjects,Database
Breast,1,7393,7393,1,Qualifying initial records,0,0,VARHA FINLAND
Colorectal,2,4013,4013,1,Qualifying initial records,0,0,VARHA FINLAND
Head_and_neck,3,1623,1623,1,Qualifying initial records,0,0,VARHA FINLAND
Liver,4,674,674,1,Qualifying initial records,0,0,VARHA FINLAND
Lung,5,2404,2404,1,Qualifying initial records,0,0,VARHA FINLAND
Pancreatic,6,1255,1255,1,Qualifying initial records,0,0,VARHA FINLAND
Prostate,7,7341,7341,1,Qualifying initial records,0,0,VARHA FINLAND
Stomach,8,814,814,1,Qualifying initial records,0,0,VARHA FINLAND
Breast,1,7393,7393,2,Excluded patients with less than 365 prior history,0,0,VARHA FINLAND
Colorectal,2,4013,4013,2,Excluded patients with less than 365 prior history,0,0,VARHA FINLAND
Head_and_neck,3,1623,1623,2,Excluded patients with less than 365 prior history,0,0,VARHA FINLAND
Liver,4,674,674,2,Excluded patients with less than 365 prior history,0,0,VARHA FINLAND
Lung,5,2404,2404,2,Excluded patients with less than 365 prior history,0,0,VARHA FINLAND
Pancreatic,6,1255,1255,2,Excluded patients with less than 365 prior history,0,0,VARHA FINLAND
Prostate,7,7341,7341,2,Excluded patients with less than 365 prior history,0,0,VARHA FINLAND
Stomach,8,814,814,2,Excluded patients with less than 365 prior history,0,0,VARHA FINLAND
Breast,1,7111,7111,3,Exclude patients with any prior history of maglinancy (ex skin cancer),282,282,VARHA FINLAND
Colorectal,2,3620,3620,3,Exclude patients with any prior history of maglinancy (ex skin cancer),393,393,VARHA FINLAND
Head_and_neck,3,1489,1489,3,Exclude patients with any prior history of maglinancy (ex skin cancer),134,134,VARHA FINLAND
Liver,4,543,543,3,Exclude patients with any prior history of maglinancy (ex skin cancer),131,131,VARHA FINLAND
Lung,5,2027,2027,3,Exclude patients with any prior history of maglinancy (ex skin cancer),377,377,VARHA FINLAND
Pancreatic,6,1084,1084,3,Exclude patients with any prior history of maglinancy (ex skin cancer),171,171,VARHA FINLAND
Prostate,7,7135,7135,3,Exclude patients with any prior history of maglinancy (ex skin cancer),206,206,VARHA FINLAND
Stomach,8,705,705,3,Exclude patients with any prior history of maglinancy (ex skin cancer),109,109,VARHA FINLAND
Breast,1,7111,7111,4,Exclude patients with death date same as cancer diagnosis date,0,0,VARHA FINLAND
Colorectal,2,3620,3620,4,Exclude patients with death date same as cancer diagnosis date,0,0,VARHA FINLAND
Head_and_neck,3,1489,1489,4,Exclude patients with death date same as cancer diagnosis date,0,0,VARHA FINLAND
Liver,4,543,543,4,Exclude patients with death date same as cancer diagnosis date,0,0,VARHA FINLAND
Lung,5,2027,2027,4,Exclude patients with death date same as cancer diagnosis date,0,0,VARHA FINLAND
Pancreatic,6,1084,1084,4,Exclude patients with death date same as cancer diagnosis date,0,0,VARHA FINLAND
Prostate,7,7135,7135,4,Exclude patients with death date same as cancer diagnosis date,0,0,VARHA FINLAND
Stomach,8,705,705,4,Exclude patients with death date same as cancer diagnosis date,0,0,VARHA FINLAND
Breast,1,7111,7111,5,Exclude patients with multiple cancers on different sites diagnosed on same day,0,0,VARHA FINLAND
Colorectal,2,3620,3620,5,Exclude patients with multiple cancers on different sites diagnosed on same day,0,0,VARHA FINLAND
Head_and_neck,3,1489,1489,5,Exclude patients with multiple cancers on different sites diagnosed on same day,0,0,VARHA FINLAND
Liver,4,543,543,5,Exclude patients with multiple cancers on different sites diagnosed on same day,0,0,VARHA FINLAND
Lung,5,2027,2027,5,Exclude patients with multiple cancers on different sites diagnosed on same day,0,0,VARHA FINLAND
Pancreatic,6,1084,1084,5,Exclude patients with multiple cancers on different sites diagnosed on same day,0,0,VARHA FINLAND
Prostate,7,7135,7135,5,Exclude patients with multiple cancers on different sites diagnosed on same day,0,0,VARHA FINLAND
Stomach,8,705,705,5,Exclude patients with multiple cancers on different sites diagnosed on same day,0,0,VARHA FINLAND
Breast,1,7111,7111,6,Removing cancer cohorts from analysis with less than 200 patients,0,0,VARHA FINLAND
Colorectal,2,3620,3620,6,Removing cancer cohorts from analysis with less than 200 patients,0,0,VARHA FINLAND
Head_and_neck,3,1489,1489,6,Removing cancer cohorts from analysis with less than 200 patients,0,0,VARHA FINLAND
Liver,4,543,543,6,Removing cancer cohorts from analysis with less than 200 patients,0,0,VARHA FINLAND
Lung,5,2027,2027,6,Removing cancer cohorts from analysis with less than 200 patients,0,0,VARHA FINLAND
Pancreatic,6,1084,1084,6,Removing cancer cohorts from analysis with less than 200 patients,0,0,VARHA FINLAND
Prostate,7,7135,7135,6,Removing cancer cohorts from analysis with less than 200 patients,0,0,VARHA FINLAND
Stomach,8,705,705,6,Removing cancer cohorts from analysis with less than 200 patients,0,0,VARHA FINLAND
