Cancer,cohort_definition_id,number_records,number_subjects,reason_id,reason,excluded_records,excluded_subjects,Database
Breast,1,15048,15048,1,Qualifying initial records,0,0,GCR
Colorectal,2,10350,10350,1,Qualifying initial records,0,0,GCR
Head_and_neck,3,4307,4307,1,Qualifying initial records,0,0,GCR
Liver,4,2007,2007,1,Qualifying initial records,0,0,GCR
Lung,5,8753,8753,1,Qualifying initial records,0,0,GCR
Pancreatic,6,2798,2798,1,Qualifying initial records,0,0,GCR
Prostate,7,10857,10857,1,Qualifying initial records,0,0,GCR
Stomach,8,2607,2607,1,Qualifying initial records,0,0,GCR
Breast,1,15048,15048,2,Excluded patients with less than 365 prior history,0,0,GCR
Colorectal,2,10350,10350,2,Excluded patients with less than 365 prior history,0,0,GCR
Head_and_neck,3,4307,4307,2,Excluded patients with less than 365 prior history,0,0,GCR
Liver,4,2007,2007,2,Excluded patients with less than 365 prior history,0,0,GCR
Lung,5,8753,8753,2,Excluded patients with less than 365 prior history,0,0,GCR
Pancreatic,6,2798,2798,2,Excluded patients with less than 365 prior history,0,0,GCR
Prostate,7,10857,10857,2,Excluded patients with less than 365 prior history,0,0,GCR
Stomach,8,2607,2607,2,Excluded patients with less than 365 prior history,0,0,GCR
Breast,1,7050,7050,3,Exclude patients with any prior history of maglinancy (ex skin cancer),7998,7998,GCR
Colorectal,2,3913,3913,3,Exclude patients with any prior history of maglinancy (ex skin cancer),6437,6437,GCR
Head_and_neck,3,1521,1521,3,Exclude patients with any prior history of maglinancy (ex skin cancer),2786,2786,GCR
Liver,4,924,924,3,Exclude patients with any prior history of maglinancy (ex skin cancer),1083,1083,GCR
Lung,5,3210,3210,3,Exclude patients with any prior history of maglinancy (ex skin cancer),5543,5543,GCR
Pancreatic,6,1138,1138,3,Exclude patients with any prior history of maglinancy (ex skin cancer),1660,1660,GCR
Prostate,7,5860,5860,3,Exclude patients with any prior history of maglinancy (ex skin cancer),4997,4997,GCR
Stomach,8,698,698,3,Exclude patients with any prior history of maglinancy (ex skin cancer),1909,1909,GCR
Breast,1,7020,7020,4,Exclude patients with death date same as cancer diagnosis date,30,30,GCR
Colorectal,2,3867,3867,4,Exclude patients with death date same as cancer diagnosis date,46,46,GCR
Head_and_neck,3,1511,1511,4,Exclude patients with death date same as cancer diagnosis date,10,10,GCR
Liver,4,895,895,4,Exclude patients with death date same as cancer diagnosis date,29,29,GCR
Lung,5,3157,3157,4,Exclude patients with death date same as cancer diagnosis date,53,53,GCR
Pancreatic,6,1098,1098,4,Exclude patients with death date same as cancer diagnosis date,40,40,GCR
Prostate,7,5800,5800,4,Exclude patients with death date same as cancer diagnosis date,60,60,GCR
Stomach,8,690,690,4,Exclude patients with death date same as cancer diagnosis date,8,8,GCR
Breast,1,7020,7020,5,Exclude patients with multiple cancers on different sites diagnosed on same day,0,0,GCR
Colorectal,2,3867,3867,5,Exclude patients with multiple cancers on different sites diagnosed on same day,0,0,GCR
Head_and_neck,3,1511,1511,5,Exclude patients with multiple cancers on different sites diagnosed on same day,0,0,GCR
Liver,4,895,895,5,Exclude patients with multiple cancers on different sites diagnosed on same day,0,0,GCR
Lung,5,3157,3157,5,Exclude patients with multiple cancers on different sites diagnosed on same day,0,0,GCR
Pancreatic,6,1098,1098,5,Exclude patients with multiple cancers on different sites diagnosed on same day,0,0,GCR
Prostate,7,5800,5800,5,Exclude patients with multiple cancers on different sites diagnosed on same day,0,0,GCR
Stomach,8,690,690,5,Exclude patients with multiple cancers on different sites diagnosed on same day,0,0,GCR
Breast,1,7020,7020,6,Removing cancer cohorts from analysis with less than 200 patients,0,0,GCR
Colorectal,2,3867,3867,6,Removing cancer cohorts from analysis with less than 200 patients,0,0,GCR
Head_and_neck,3,1511,1511,6,Removing cancer cohorts from analysis with less than 200 patients,0,0,GCR
Liver,4,895,895,6,Removing cancer cohorts from analysis with less than 200 patients,0,0,GCR
Lung,5,3157,3157,6,Removing cancer cohorts from analysis with less than 200 patients,0,0,GCR
Pancreatic,6,1098,1098,6,Removing cancer cohorts from analysis with less than 200 patients,0,0,GCR
Prostate,7,5800,5800,6,Removing cancer cohorts from analysis with less than 200 patients,0,0,GCR
Stomach,8,690,690,6,Removing cancer cohorts from analysis with less than 200 patients,0,0,GCR
