details,0,0.5,1,2,3,4,5,6,7,8,9,10,11,12,13,14,15,16,17,18,19,Method,Cancer,Sex,Age,Stratification,Adjustment,Database
n.risk,7020,6726,6413,5743,5190,4685,4184,3739,3337,2994,2600,2269,1969,1693,1447,1191,982,751,518,338,154,Kaplan-Meier,Breast,Both,All,None,None,GCR
n.event,0,98,80,199,186,163,157,128,119,90,104,85,62,43,45,31,35,27,23,24,12,Kaplan-Meier,Breast,Both,All,None,None,GCR
n.risk,3867,3376,3051,2571,2204,1884,1634,1429,1247,1090,928,792,678,572,459,362,287,227,159,93,41,Kaplan-Meier,Colorectal,Both,All,None,None,GCR
n.event,0,397,217,318,220,172,111,77,75,61,50,42,45,38,27,19,19,13,11,<10,<10,Kaplan-Meier,Colorectal,Both,All,None,None,GCR
n.risk,1511,1326,1169,948,818,701,590,498,436,367,307,254,208,160,133,98,75,53,40,25,<10,Kaplan-Meier,Head_and_neck,Both,All,None,None,GCR
n.event,0,144,119,156,78,67,60,41,33,26,32,21,18,19,12,<10,<10,<10,<10,<10,<10,Kaplan-Meier,Head_and_neck,Both,All,None,None,GCR
n.risk,895,586,445,320,232,175,126,94,71,57,45,34,27,21,15,12,<10,<10,<10,<10,<10,Kaplan-Meier,Liver,Both,All,None,None,GCR
n.event,0,289,120,104,67,42,36,14,13,<10,<10,<10,<10,<10,<10,0,<10,<10,0,0,0,Kaplan-Meier,Liver,Both,All,None,None,GCR
n.risk,3157,2025,1482,935,683,521,420,351,289,218,176,140,115,90,70,57,47,35,28,13,<10,Kaplan-Meier,Lung,Both,All,None,None,GCR
n.event,0,1065,485,454,190,94,53,45,30,37,21,16,16,<10,<10,<10,<10,<10,<10,<10,<10,Kaplan-Meier,Lung,Both,All,None,None,GCR
n.risk,1098,569,329,143,90,61,46,30,27,20,15,12,<10,<10,<10,<10,<10,<10,<10,<10,0,Kaplan-Meier,Pancreatic,Both,All,None,None,GCR
n.event,0,507,224,172,47,19,<10,<10,<10,<10,<10,0,0,0,0,<10,0,0,0,0,0,Kaplan-Meier,Pancreatic,Both,All,None,None,GCR
n.risk,5800,5509,5185,4559,3971,3506,3083,2746,2430,2125,1823,1587,1345,1127,918,735,566,398,284,169,54,Kaplan-Meier,Prostate,Male,All,None,None,GCR
n.event,0,124,90,226,193,155,144,116,119,96,96,71,65,47,60,38,34,37,17,17,16,Kaplan-Meier,Prostate,Male,All,None,None,GCR
n.risk,690,496,384,253,194,143,121,104,96,85,74,63,56,44,36,31,20,16,11,<10,<10,Kaplan-Meier,Stomach,Both,All,None,None,GCR
n.event,0,179,95,113,46,34,<10,<10,<10,<10,<10,<10,<10,<10,<10,<10,<10,<10,<10,0,<10,Kaplan-Meier,Stomach,Both,All,None,None,GCR
n.risk,6982,6689,6379,5715,5167,4665,4168,3726,3324,2982,2589,2263,1965,1690,1445,1190,981,750,517,337,154,Kaplan-Meier,Breast,Female,All,Sex,None,GCR
n.event,0,98,80,194,183,162,154,127,119,90,104,83,62,43,44,31,35,27,23,24,12,Kaplan-Meier,Breast,Female,All,Sex,None,GCR
n.risk,38,37,34,28,23,20,16,13,13,12,11,<10,<10,<10,<10,<10,<10,<10,<10,<10,0,Kaplan-Meier,Breast,Male,All,Sex,None,GCR
n.event,0,0,0,<10,<10,<10,<10,<10,0,0,0,<10,0,0,<10,0,0,0,0,0,0,Kaplan-Meier,Breast,Male,All,Sex,None,GCR
n.risk,1955,1670,1506,1263,1086,933,816,709,617,539,462,398,346,295,235,194,156,124,90,53,27,Kaplan-Meier,Colorectal,Female,All,Sex,None,GCR
n.event,0,237,110,158,110,86,45,40,29,29,19,19,18,16,14,<10,<10,<10,<10,<10,<10,Kaplan-Meier,Colorectal,Female,All,Sex,None,GCR
n.risk,1912,1706,1545,1308,1118,951,818,720,630,551,466,394,332,277,224,168,131,103,69,40,14,Kaplan-Meier,Colorectal,Male,All,Sex,None,GCR
n.event,0,160,107,160,110,86,66,37,46,32,31,23,27,22,13,11,<10,<10,<10,<10,<10,Kaplan-Meier,Colorectal,Male,All,Sex,None,GCR
n.risk,430,390,353,297,258,220,194,168,141,127,113,94,81,63,52,40,33,23,20,13,<10,Kaplan-Meier,Head_and_neck,Female,All,Sex,None,GCR
n.event,0,32,24,40,24,17,<10,<10,16,0,<10,<10,<10,<10,<10,<10,<10,<10,0,<10,0,Kaplan-Meier,Head_and_neck,Female,All,Sex,None,GCR
n.risk,1081,936,816,651,560,481,396,330,295,240,194,160,127,97,81,58,42,30,20,12,<10,Kaplan-Meier,Head_and_neck,Male,All,Sex,None,GCR
n.event,0,112,95,116,54,50,52,33,17,26,25,14,15,11,<10,<10,<10,<10,<10,<10,<10,Kaplan-Meier,Head_and_neck,Male,All,Sex,None,GCR
n.risk,171,113,90,63,48,41,33,25,20,15,<10,<10,<10,<10,<10,<10,<10,<10,0,0,0,Kaplan-Meier,Liver,Female,All,Sex,None,GCR
n.event,0,54,22,23,14,<10,<10,<10,<10,<10,<10,<10,0,0,0,0,0,0,0,0,0,Kaplan-Meier,Liver,Female,All,Sex,None,GCR
n.risk,724,473,355,257,184,134,93,69,51,42,35,29,22,17,13,<10,<10,<10,<10,<10,<10,Kaplan-Meier,Liver,Male,All,Sex,None,GCR
n.event,0,235,98,81,53,35,28,12,11,<10,<10,<10,<10,<10,<10,0,<10,<10,0,0,0,Kaplan-Meier,Liver,Male,All,Sex,None,GCR
n.risk,1240,845,636,396,303,230,178,147,120,93,76,59,50,38,32,25,22,15,15,<10,<10,Kaplan-Meier,Lung,Female,All,Sex,None,GCR
n.event,0,365,181,198,66,42,25,18,11,12,<10,<10,<10,<10,<10,<10,0,<10,0,<10,<10,Kaplan-Meier,Lung,Female,All,Sex,None,GCR
n.risk,1917,1180,846,539,380,291,242,204,169,125,100,81,65,52,38,32,25,20,13,<10,<10,Kaplan-Meier,Lung,Male,All,Sex,None,GCR
n.event,0,700,304,256,124,52,28,27,19,25,12,<10,<10,<10,<10,<10,<10,<10,<10,0,<10,Kaplan-Meier,Lung,Male,All,Sex,None,GCR
n.risk,559,292,175,78,53,36,26,17,16,13,<10,<10,<10,<10,<10,<10,<10,<10,<10,0,0,Kaplan-Meier,Pancreatic,Female,All,Sex,None,GCR
n.event,0,254,108,91,24,<10,<10,<10,0,<10,<10,0,0,0,0,<10,0,0,0,0,0,Kaplan-Meier,Pancreatic,Female,All,Sex,None,GCR
n.risk,539,277,154,65,37,25,20,13,11,<10,<10,<10,<10,<10,<10,<10,<10,<10,<10,<10,0,Kaplan-Meier,Pancreatic,Male,All,Sex,None,GCR
n.event,0,253,116,81,23,<10,<10,<10,<10,<10,0,0,0,0,0,0,0,0,0,0,0,Kaplan-Meier,Pancreatic,Male,All,Sex,None,GCR
n.risk,269,190,150,99,76,59,53,42,39,33,27,21,21,17,12,11,<10,<10,<10,<10,<10,Kaplan-Meier,Stomach,Female,All,Sex,None,GCR
n.event,0,75,33,46,20,12,<10,<10,<10,<10,<10,<10,0,0,0,0,0,<10,<10,0,0,Kaplan-Meier,Stomach,Female,All,Sex,None,GCR
n.risk,421,306,234,154,118,84,68,62,57,52,47,42,35,27,24,20,13,11,<10,<10,<10,Kaplan-Meier,Stomach,Male,All,Sex,None,GCR
n.event,0,104,62,67,26,22,<10,<10,<10,<10,0,0,<10,<10,<10,<10,<10,<10,0,0,<10,Kaplan-Meier,Stomach,Male,All,Sex,None,GCR
n.risk,6982,6689,6379,5715,5167,4665,4168,3726,3324,2982,2589,2263,1965,1690,1445,1190,981,750,517,337,154,Kaplan-Meier,Breast,Female,All,None,Sex,GCR
n.event,0,98,80,194,183,162,154,127,119,90,104,83,62,43,44,31,35,27,23,24,12,Kaplan-Meier,Breast,Female,All,None,Sex,GCR
n.risk,38,37,34,28,23,20,16,13,13,12,11,<10,<10,<10,<10,<10,<10,<10,<10,<10,0,Kaplan-Meier,Breast,Male,All,None,Sex,GCR
n.event,0,0,0,<10,<10,<10,<10,<10,0,0,0,<10,0,0,<10,0,0,0,0,0,0,Kaplan-Meier,Breast,Male,All,None,Sex,GCR
n.risk,1955,1670,1506,1263,1086,933,816,709,617,539,462,398,346,295,235,194,156,124,90,53,27,Kaplan-Meier,Colorectal,Female,All,None,Sex,GCR
n.event,0,237,110,158,110,86,45,40,29,29,19,19,18,16,14,<10,<10,<10,<10,<10,<10,Kaplan-Meier,Colorectal,Female,All,None,Sex,GCR
n.risk,1912,1706,1545,1308,1118,951,818,720,630,551,466,394,332,277,224,168,131,103,69,40,14,Kaplan-Meier,Colorectal,Male,All,None,Sex,GCR
n.event,0,160,107,160,110,86,66,37,46,32,31,23,27,22,13,11,<10,<10,<10,<10,<10,Kaplan-Meier,Colorectal,Male,All,None,Sex,GCR
n.risk,430,390,353,297,258,220,194,168,141,127,113,94,81,63,52,40,33,23,20,13,<10,Kaplan-Meier,Head_and_neck,Female,All,None,Sex,GCR
n.event,0,32,24,40,24,17,<10,<10,16,0,<10,<10,<10,<10,<10,<10,<10,<10,0,<10,0,Kaplan-Meier,Head_and_neck,Female,All,None,Sex,GCR
n.risk,1081,936,816,651,560,481,396,330,295,240,194,160,127,97,81,58,42,30,20,12,<10,Kaplan-Meier,Head_and_neck,Male,All,None,Sex,GCR
n.event,0,112,95,116,54,50,52,33,17,26,25,14,15,11,<10,<10,<10,<10,<10,<10,<10,Kaplan-Meier,Head_and_neck,Male,All,None,Sex,GCR
n.risk,171,113,90,63,48,41,33,25,20,15,<10,<10,<10,<10,<10,<10,<10,<10,0,0,0,Kaplan-Meier,Liver,Female,All,None,Sex,GCR
n.event,0,54,22,23,14,<10,<10,<10,<10,<10,<10,<10,0,0,0,0,0,0,0,0,0,Kaplan-Meier,Liver,Female,All,None,Sex,GCR
n.risk,724,473,355,257,184,134,93,69,51,42,35,29,22,17,13,<10,<10,<10,<10,<10,<10,Kaplan-Meier,Liver,Male,All,None,Sex,GCR
n.event,0,235,98,81,53,35,28,12,11,<10,<10,<10,<10,<10,<10,0,<10,<10,0,0,0,Kaplan-Meier,Liver,Male,All,None,Sex,GCR
n.risk,1240,845,636,396,303,230,178,147,120,93,76,59,50,38,32,25,22,15,15,<10,<10,Kaplan-Meier,Lung,Female,All,None,Sex,GCR
n.event,0,365,181,198,66,42,25,18,11,12,<10,<10,<10,<10,<10,<10,0,<10,0,<10,<10,Kaplan-Meier,Lung,Female,All,None,Sex,GCR
n.risk,1917,1180,846,539,380,291,242,204,169,125,100,81,65,52,38,32,25,20,13,<10,<10,Kaplan-Meier,Lung,Male,All,None,Sex,GCR
n.event,0,700,304,256,124,52,28,27,19,25,12,<10,<10,<10,<10,<10,<10,<10,<10,0,<10,Kaplan-Meier,Lung,Male,All,None,Sex,GCR
n.risk,559,292,175,78,53,36,26,17,16,13,<10,<10,<10,<10,<10,<10,<10,<10,<10,0,0,Kaplan-Meier,Pancreatic,Female,All,None,Sex,GCR
n.event,0,254,108,91,24,<10,<10,<10,0,<10,<10,0,0,0,0,<10,0,0,0,0,0,Kaplan-Meier,Pancreatic,Female,All,None,Sex,GCR
n.risk,539,277,154,65,37,25,20,13,11,<10,<10,<10,<10,<10,<10,<10,<10,<10,<10,<10,0,Kaplan-Meier,Pancreatic,Male,All,None,Sex,GCR
n.event,0,253,116,81,23,<10,<10,<10,<10,<10,0,0,0,0,0,0,0,0,0,0,0,Kaplan-Meier,Pancreatic,Male,All,None,Sex,GCR
n.risk,269,190,150,99,76,59,53,42,39,33,27,21,21,17,12,11,<10,<10,<10,<10,<10,Kaplan-Meier,Stomach,Female,All,None,Sex,GCR
n.event,0,75,33,46,20,12,<10,<10,<10,<10,<10,<10,0,0,0,0,0,<10,<10,0,0,Kaplan-Meier,Stomach,Female,All,None,Sex,GCR
n.risk,421,306,234,154,118,84,68,62,57,52,47,42,35,27,24,20,13,11,<10,<10,<10,Kaplan-Meier,Stomach,Male,All,None,Sex,GCR
n.event,0,104,62,67,26,22,<10,<10,<10,<10,0,0,<10,<10,<10,<10,<10,<10,0,0,<10,Kaplan-Meier,Stomach,Male,All,None,Sex,GCR
n.risk,390,373,351,309,273,244,220,198,176,160,138,124,109,92,75,60,49,37,22,16,<10,Kaplan-Meier,Breast,Both,18 to 39,Age,None,GCR
n.event,0,0,<10,<10,<10,<10,<10,<10,<10,<10,<10,<10,<10,<10,0,0,<10,0,0,0,0,Kaplan-Meier,Breast,Both,18 to 39,Age,None,GCR
n.risk,1236,1193,1144,1039,950,861,768,693,621,580,510,444,392,341,289,243,195,143,103,69,29,Kaplan-Meier,Breast,Both,40 to 49,Age,None,GCR
n.event,0,<10,<10,18,22,12,10,11,11,<10,<10,<10,<10,<10,<10,<10,<10,<10,<10,<10,<10,Kaplan-Meier,Breast,Both,40 to 49,Age,None,GCR
n.risk,1594,1548,1481,1336,1208,1131,1033,936,850,768,697,622,551,490,437,361,311,241,175,118,57,Kaplan-Meier,Breast,Both,50 to 59,Age,None,GCR
n.event,0,<10,<10,16,36,16,20,18,24,17,12,<10,11,<10,<10,10,<10,<10,<10,<10,<10,Kaplan-Meier,Breast,Both,50 to 59,Age,None,GCR
n.risk,1740,1693,1638,1517,1412,1286,1171,1076,980,888,767,686,609,520,441,361,311,247,166,102,50,Kaplan-Meier,Breast,Both,60 to 69,Age,None,GCR
n.event,0,14,<10,26,27,42,28,20,20,14,26,28,15,10,14,<10,<10,<10,<10,<10,<10,Kaplan-Meier,Breast,Both,60 to 69,Age,None,GCR
n.risk,1245,1183,1125,1004,905,807,701,608,528,459,389,327,260,217,183,151,107,77,48,33,12,Kaplan-Meier,Breast,Both,70 to 79,Age,None,GCR
n.event,0,23,17,46,40,35,48,31,29,23,28,21,24,13,12,<10,16,13,<10,<10,<10,Kaplan-Meier,Breast,Both,70 to 79,Age,None,GCR
n.risk,815,736,674,538,442,356,291,228,182,139,99,66,48,33,22,15,<10,<10,<10,0,0,Kaplan-Meier,Breast,Both,80 +,Age,None,GCR
n.event,0,55,45,86,55,52,44,44,34,24,28,19,<10,<10,<10,<10,<10,<10,<10,<10,0,Kaplan-Meier,Breast,Both,80 +,Age,None,GCR
n.risk,56,50,47,42,36,33,29,26,24,21,19,15,14,14,14,12,<10,<10,<10,<10,<10,Kaplan-Meier,Colorectal,Both,18 to 39,Age,None,GCR
n.event,0,<10,<10,<10,<10,<10,<10,0,0,<10,<10,<10,<10,0,0,0,0,0,0,0,0,Kaplan-Meier,Colorectal,Both,18 to 39,Age,None,GCR
n.risk,215,205,186,167,145,126,112,101,93,85,74,65,60,52,43,36,31,24,15,<10,<10,Kaplan-Meier,Colorectal,Both,40 to 49,Age,None,GCR
n.event,0,<10,<10,<10,10,<10,<10,<10,<10,0,0,<10,0,0,0,<10,0,<10,0,0,0,Kaplan-Meier,Colorectal,Both,40 to 49,Age,None,GCR
n.risk,665,618,570,486,422,358,323,290,256,224,200,172,151,133,110,89,75,62,49,30,13,Kaplan-Meier,Colorectal,Both,50 to 59,Age,None,GCR
n.event,0,24,21,43,35,23,<10,<10,13,10,<10,<10,<10,<10,<10,0,<10,0,<10,0,<10,Kaplan-Meier,Colorectal,Both,50 to 59,Age,None,GCR
n.risk,931,864,808,709,628,561,495,444,384,350,304,267,225,200,155,119,98,76,53,31,15,Kaplan-Meier,Colorectal,Both,60 to 69,Age,None,GCR
n.event,0,39,36,66,40,33,26,15,21,<10,15,<10,10,10,10,<10,<10,<10,<10,0,<10,Kaplan-Meier,Colorectal,Both,60 to 69,Age,None,GCR
n.risk,1030,914,829,707,611,525,450,391,346,300,247,210,182,150,119,94,67,52,34,17,<10,Kaplan-Meier,Colorectal,Both,70 to 79,Age,None,GCR
n.event,0,98,57,86,60,55,32,23,18,22,18,15,16,14,10,<10,11,<10,<10,<10,<10,Kaplan-Meier,Colorectal,Both,70 to 79,Age,None,GCR
n.risk,970,725,611,460,362,281,225,177,144,110,84,63,46,23,18,12,<10,<10,<10,<10,<10,Kaplan-Meier,Colorectal,Both,80 +,Age,None,GCR
n.event,0,226,94,112,72,52,39,29,22,21,11,12,13,13,<10,<10,<10,<10,<10,<10,<10,Kaplan-Meier,Colorectal,Both,80 +,Age,None,GCR
n.risk,46,44,43,39,37,33,28,25,22,19,17,15,12,11,11,<10,<10,<10,<10,<10,0,Kaplan-Meier,Head_and_neck,Both,18 to 39,Age,None,GCR
n.event,0,0,0,0,<10,0,0,<10,<10,<10,<10,0,0,0,0,0,0,0,0,0,0,Kaplan-Meier,Head_and_neck,Both,18 to 39,Age,None,GCR
n.risk,160,154,138,120,106,96,85,72,63,56,47,41,37,31,28,22,17,15,14,10,<10,Kaplan-Meier,Head_and_neck,Both,40 to 49,Age,None,GCR
n.event,0,<10,11,12,<10,<10,<10,<10,<10,<10,<10,<10,<10,<10,<10,<10,0,0,0,<10,0,Kaplan-Meier,Head_and_neck,Both,40 to 49,Age,None,GCR
n.risk,406,371,332,269,237,213,179,152,140,119,101,83,69,55,46,37,32,21,15,<10,<10,Kaplan-Meier,Head_and_neck,Both,50 to 59,Age,None,GCR
n.event,0,20,29,46,18,13,15,<10,<10,<10,11,<10,<10,<10,<10,<10,<10,<10,<10,<10,<10,Kaplan-Meier,Head_and_neck,Both,50 to 59,Age,None,GCR
n.risk,454,403,353,287,245,206,170,143,127,97,87,66,49,35,27,23,16,11,<10,<10,<10,Kaplan-Meier,Head_and_neck,Both,60 to 69,Age,None,GCR
n.event,0,40,39,46,25,21,19,16,<10,12,<10,<10,<10,<10,<10,0,<10,<10,<10,0,0,Kaplan-Meier,Head_and_neck,Both,60 to 69,Age,None,GCR
n.risk,288,241,208,165,139,120,103,88,70,63,50,44,38,27,20,<10,<10,<10,0,0,0,Kaplan-Meier,Head_and_neck,Both,70 to 79,Age,None,GCR
n.event,0,41,27,29,16,10,12,<10,<10,<10,<10,<10,<10,<10,<10,<10,<10,0,<10,0,0,Kaplan-Meier,Head_and_neck,Both,70 to 79,Age,None,GCR
n.risk,157,113,95,68,54,33,25,18,14,13,<10,<10,<10,<10,<10,<10,0,0,0,0,0,Kaplan-Meier,Head_and_neck,Both,80 +,Age,None,GCR
n.event,0,38,13,23,10,18,<10,<10,<10,0,<10,0,<10,<10,0,0,0,0,0,0,0,Kaplan-Meier,Head_and_neck,Both,80 +,Age,None,GCR
n.risk,14,11,<10,<10,<10,<10,<10,<10,<10,<10,<10,<10,<10,<10,<10,<10,<10,<10,0,0,0,Kaplan-Meier,Liver,Both,18 to 39,Age,None,GCR
n.event,0,<10,<10,<10,0,0,<10,0,0,0,0,0,0,0,0,0,0,0,0,0,0,Kaplan-Meier,Liver,Both,18 to 39,Age,None,GCR
n.risk,57,37,29,24,19,16,13,10,<10,<10,<10,<10,<10,<10,<10,<10,<10,<10,<10,<10,0,Kaplan-Meier,Liver,Both,40 to 49,Age,None,GCR
n.event,0,20,<10,<10,<10,<10,<10,0,<10,0,0,<10,0,0,0,0,0,0,0,0,0,Kaplan-Meier,Liver,Both,40 to 49,Age,None,GCR
n.risk,180,133,102,81,60,48,36,30,25,20,16,13,<10,<10,<10,<10,<10,0,0,0,0,Kaplan-Meier,Liver,Both,50 to 59,Age,None,GCR
n.event,0,44,25,16,15,<10,<10,<10,<10,0,0,<10,<10,0,0,0,<10,<10,0,0,0,Kaplan-Meier,Liver,Both,50 to 59,Age,None,GCR
n.risk,267,178,142,96,73,52,38,29,16,15,13,10,10,<10,<10,<10,<10,<10,<10,<10,<10,Kaplan-Meier,Liver,Both,60 to 69,Age,None,GCR
n.event,0,82,30,38,17,19,10,<10,<10,<10,<10,<10,0,<10,<10,0,0,0,0,0,0,Kaplan-Meier,Liver,Both,60 to 69,Age,None,GCR
n.risk,259,170,124,86,60,41,26,19,15,<10,<10,<10,<10,<10,<10,<10,0,0,0,0,0,Kaplan-Meier,Liver,Both,70 to 79,Age,None,GCR
n.event,0,84,42,33,20,14,11,<10,<10,<10,<10,<10,0,<10,0,0,0,0,0,0,0,Kaplan-Meier,Liver,Both,70 to 79,Age,None,GCR
n.risk,118,57,39,27,14,13,<10,<10,<10,<10,<10,<10,0,0,0,0,0,0,0,0,0,Kaplan-Meier,Liver,Both,80 +,Age,None,GCR
n.event,0,57,13,10,10,<10,<10,<10,0,0,0,0,0,0,0,0,0,0,0,0,0,Kaplan-Meier,Liver,Both,80 +,Age,None,GCR
n.risk,14,<10,<10,<10,<10,<10,<10,<10,<10,<10,<10,<10,<10,<10,<10,<10,<10,<10,0,0,0,Kaplan-Meier,Lung,Both,18 to 39,Age,None,GCR
n.event,0,<10,0,<10,0,<10,0,0,0,0,0,0,0,0,0,0,0,0,<10,0,0,Kaplan-Meier,Lung,Both,18 to 39,Age,None,GCR
n.risk,162,122,87,54,45,37,30,26,26,24,22,19,15,12,<10,<10,<10,<10,<10,<10,<10,Kaplan-Meier,Lung,Both,40 to 49,Age,None,GCR
n.event,0,33,31,30,<10,<10,<10,<10,0,<10,0,<10,<10,<10,<10,0,0,0,0,0,0,Kaplan-Meier,Lung,Both,40 to 49,Age,None,GCR
n.risk,527,379,287,187,147,117,95,76,65,54,43,36,33,28,23,18,15,12,10,<10,<10,Kaplan-Meier,Lung,Both,50 to 59,Age,None,GCR
n.event,0,139,85,77,31,18,16,12,<10,<10,<10,<10,<10,<10,<10,<10,<10,0,<10,0,<10,Kaplan-Meier,Lung,Both,50 to 59,Age,None,GCR
n.risk,873,607,453,302,228,177,149,128,104,73,63,53,42,35,26,21,16,11,<10,<10,<10,Kaplan-Meier,Lung,Both,60 to 69,Age,None,GCR
n.event,0,244,132,128,56,27,11,17,<10,11,<10,<10,<10,<10,<10,<10,<10,<10,<10,<10,0,Kaplan-Meier,Lung,Both,60 to 69,Age,None,GCR
n.risk,1011,651,466,293,204,149,120,101,78,54,40,27,20,11,<10,<10,<10,<10,<10,<10,0,Kaplan-Meier,Lung,Both,70 to 79,Age,None,GCR
n.event,0,342,165,141,66,34,16,10,15,15,<10,<10,<10,<10,0,<10,0,<10,0,0,<10,Kaplan-Meier,Lung,Both,70 to 79,Age,None,GCR
n.risk,570,258,182,94,54,37,22,16,12,10,<10,<10,<10,<10,<10,0,0,0,0,0,0,Kaplan-Meier,Lung,Both,80 +,Age,None,GCR
n.event,0,301,72,77,30,10,<10,<10,<10,<10,<10,<10,0,0,0,0,0,0,0,0,0,Kaplan-Meier,Lung,Both,80 +,Age,None,GCR
n.risk,<10,<10,<10,<10,<10,<10,<10,<10,<10,<10,<10,<10,<10,<10,<10,<10,<10,<10,<10,0,0,Kaplan-Meier,Pancreatic,Both,18 to 39,Age,None,GCR
n.event,0,<10,<10,0,0,0,0,0,0,0,0,0,0,0,0,0,0,0,0,0,0,Kaplan-Meier,Pancreatic,Both,18 to 39,Age,None,GCR
n.risk,39,28,20,<10,<10,<10,<10,0,0,0,0,0,0,0,0,0,0,0,0,0,0,Kaplan-Meier,Pancreatic,Both,40 to 49,Age,None,GCR
n.event,0,10,<10,11,<10,<10,<10,0,0,0,0,0,0,0,0,0,0,0,0,0,0,Kaplan-Meier,Pancreatic,Both,40 to 49,Age,None,GCR
n.risk,132,90,55,27,14,<10,<10,<10,<10,<10,<10,<10,<10,<10,<10,<10,<10,<10,<10,<10,0,Kaplan-Meier,Pancreatic,Both,50 to 59,Age,None,GCR
n.event,0,38,30,24,<10,<10,<10,<10,0,0,0,0,0,0,0,0,0,0,0,0,0,Kaplan-Meier,Pancreatic,Both,50 to 59,Age,None,GCR
n.risk,267,182,111,53,39,28,20,13,13,<10,<10,<10,<10,<10,<10,<10,<10,<10,0,0,0,Kaplan-Meier,Pancreatic,Both,60 to 69,Age,None,GCR
n.event,0,82,70,53,15,<10,<10,<10,0,<10,0,0,0,0,0,0,0,0,0,0,0,Kaplan-Meier,Pancreatic,Both,60 to 69,Age,None,GCR
n.risk,335,170,100,39,23,13,12,<10,<10,<10,<10,<10,<10,<10,<10,<10,0,0,0,0,0,Kaplan-Meier,Pancreatic,Both,70 to 79,Age,None,GCR
n.event,0,156,64,57,15,<10,<10,<10,<10,0,0,0,0,0,0,0,0,0,0,0,0,Kaplan-Meier,Pancreatic,Both,70 to 79,Age,None,GCR
n.risk,322,97,42,15,<10,<10,<10,<10,<10,<10,<10,<10,<10,<10,<10,0,0,0,0,0,0,Kaplan-Meier,Pancreatic,Both,80 +,Age,None,GCR
n.event,0,220,52,27,<10,0,<10,<10,0,0,<10,0,0,0,0,<10,0,0,0,0,0,Kaplan-Meier,Pancreatic,Both,80 +,Age,None,GCR
n.risk,<10,<10,<10,<10,<10,<10,0,0,0,0,0,0,0,0,0,0,0,0,0,0,0,Kaplan-Meier,Prostate,Male,18 to 39,Age,None,GCR
n.event,0,0,0,0,0,0,<10,0,0,0,0,0,0,0,0,0,0,0,0,0,0,Kaplan-Meier,Prostate,Male,18 to 39,Age,None,GCR
n.risk,89,84,79,73,65,59,55,53,44,36,29,23,20,19,14,12,10,<10,<10,<10,<10,Kaplan-Meier,Prostate,Male,40 to 49,Age,None,GCR
n.event,0,0,0,0,0,<10,<10,<10,0,<10,0,0,0,0,0,0,0,0,0,0,0,Kaplan-Meier,Prostate,Male,40 to 49,Age,None,GCR
n.risk,881,849,800,728,648,587,525,488,447,388,336,298,262,225,194,154,127,92,69,42,16,Kaplan-Meier,Prostate,Male,50 to 59,Age,None,GCR
n.event,0,<10,<10,<10,15,11,11,<10,<10,<10,13,<10,<10,<10,<10,<10,<10,<10,<10,<10,<10,Kaplan-Meier,Prostate,Male,50 to 59,Age,None,GCR
n.risk,2210,2142,2041,1839,1664,1499,1352,1234,1129,1012,887,797,690,587,479,385,303,218,158,92,32,Kaplan-Meier,Prostate,Male,60 to 69,Age,None,GCR
n.event,0,<10,13,43,19,31,34,26,25,24,27,25,22,18,25,21,18,14,<10,<10,<10,Kaplan-Meier,Prostate,Male,60 to 69,Age,None,GCR
n.risk,1800,1725,1633,1433,1235,1090,945,818,694,605,510,427,342,281,221,177,120,79,51,31,<10,Kaplan-Meier,Prostate,Male,70 to 79,Age,None,GCR
n.event,0,25,19,60,65,48,55,43,65,40,41,27,31,14,30,11,13,16,10,<10,<10,Kaplan-Meier,Prostate,Male,70 to 79,Age,None,GCR
n.risk,819,708,631,485,358,270,206,153,116,84,61,42,31,15,10,<10,<10,<10,<10,0,0,Kaplan-Meier,Prostate,Male,80 +,Age,None,GCR
n.event,0,92,54,116,94,63,42,38,24,26,15,14,<10,10,<10,<10,<10,<10,0,<10,0,Kaplan-Meier,Prostate,Male,80 +,Age,None,GCR
n.risk,27,22,18,14,10,<10,<10,<10,<10,<10,<10,<10,<10,<10,<10,<10,<10,<10,<10,0,0,Kaplan-Meier,Stomach,Both,18 to 39,Age,None,GCR
n.event,0,<10,<10,<10,<10,<10,<10,0,<10,0,0,0,0,0,0,0,0,0,0,0,0,Kaplan-Meier,Stomach,Both,18 to 39,Age,None,GCR
n.risk,79,64,57,35,30,24,22,21,20,19,15,12,10,<10,<10,<10,<10,<10,<10,<10,<10,Kaplan-Meier,Stomach,Both,40 to 49,Age,None,GCR
n.event,0,14,<10,19,<10,<10,<10,<10,0,0,0,0,0,0,0,0,0,0,0,0,0,Kaplan-Meier,Stomach,Both,40 to 49,Age,None,GCR
n.risk,103,87,68,50,40,31,23,20,20,18,16,14,13,12,<10,<10,<10,<10,<10,<10,<10,Kaplan-Meier,Stomach,Both,50 to 59,Age,None,GCR
n.event,0,11,13,15,<10,<10,<10,0,0,0,0,0,<10,0,<10,<10,0,0,0,0,0,Kaplan-Meier,Stomach,Both,50 to 59,Age,None,GCR
n.risk,154,115,84,64,52,41,37,31,28,27,25,24,20,15,14,13,<10,<10,<10,<10,<10,Kaplan-Meier,Stomach,Both,60 to 69,Age,None,GCR
n.event,0,39,25,14,<10,<10,<10,<10,0,<10,<10,<10,0,0,0,0,<10,0,0,0,<10,Kaplan-Meier,Stomach,Both,60 to 69,Age,None,GCR
n.risk,168,113,87,60,44,27,24,20,18,14,11,<10,<10,<10,<10,<10,<10,<10,<10,0,0,Kaplan-Meier,Stomach,Both,70 to 79,Age,None,GCR
n.event,0,51,26,23,11,12,<10,0,<10,<10,<10,0,0,0,<10,0,0,<10,<10,0,0,Kaplan-Meier,Stomach,Both,70 to 79,Age,None,GCR
n.risk,159,95,70,30,18,12,<10,<10,<10,<10,<10,<10,<10,<10,<10,<10,<10,0,0,0,0,Kaplan-Meier,Stomach,Both,80 +,Age,None,GCR
n.event,0,60,22,38,10,<10,<10,<10,<10,<10,0,0,0,<10,0,0,0,<10,0,0,0,Kaplan-Meier,Stomach,Both,80 +,Age,None,GCR
n.risk,390,373,351,309,273,244,220,198,176,160,138,124,109,92,75,60,49,37,22,16,<10,Kaplan-Meier,Breast,Both,18 to 39,None,Age,GCR
n.event,0,0,<10,<10,<10,<10,<10,<10,<10,<10,<10,<10,<10,<10,0,0,<10,0,0,0,0,Kaplan-Meier,Breast,Both,18 to 39,None,Age,GCR
n.risk,1236,1193,1144,1039,950,861,768,693,621,580,510,444,392,341,289,243,195,143,103,69,29,Kaplan-Meier,Breast,Both,40 to 49,None,Age,GCR
n.event,0,<10,<10,18,22,12,10,11,11,<10,<10,<10,<10,<10,<10,<10,<10,<10,<10,<10,<10,Kaplan-Meier,Breast,Both,40 to 49,None,Age,GCR
n.risk,1594,1548,1481,1336,1208,1131,1033,936,850,768,697,622,551,490,437,361,311,241,175,118,57,Kaplan-Meier,Breast,Both,50 to 59,None,Age,GCR
n.event,0,<10,<10,16,36,16,20,18,24,17,12,<10,11,<10,<10,10,<10,<10,<10,<10,<10,Kaplan-Meier,Breast,Both,50 to 59,None,Age,GCR
n.risk,1740,1693,1638,1517,1412,1286,1171,1076,980,888,767,686,609,520,441,361,311,247,166,102,50,Kaplan-Meier,Breast,Both,60 to 69,None,Age,GCR
n.event,0,14,<10,26,27,42,28,20,20,14,26,28,15,10,14,<10,<10,<10,<10,<10,<10,Kaplan-Meier,Breast,Both,60 to 69,None,Age,GCR
n.risk,1245,1183,1125,1004,905,807,701,608,528,459,389,327,260,217,183,151,107,77,48,33,12,Kaplan-Meier,Breast,Both,70 to 79,None,Age,GCR
n.event,0,23,17,46,40,35,48,31,29,23,28,21,24,13,12,<10,16,13,<10,<10,<10,Kaplan-Meier,Breast,Both,70 to 79,None,Age,GCR
n.risk,815,736,674,538,442,356,291,228,182,139,99,66,48,33,22,15,<10,<10,<10,0,0,Kaplan-Meier,Breast,Both,80 +,None,Age,GCR
n.event,0,55,45,86,55,52,44,44,34,24,28,19,<10,<10,<10,<10,<10,<10,<10,<10,0,Kaplan-Meier,Breast,Both,80 +,None,Age,GCR
n.risk,56,50,47,42,36,33,29,26,24,21,19,15,14,14,14,12,<10,<10,<10,<10,<10,Kaplan-Meier,Colorectal,Both,18 to 39,None,Age,GCR
n.event,0,<10,<10,<10,<10,<10,<10,0,0,<10,<10,<10,<10,0,0,0,0,0,0,0,0,Kaplan-Meier,Colorectal,Both,18 to 39,None,Age,GCR
n.risk,215,205,186,167,145,126,112,101,93,85,74,65,60,52,43,36,31,24,15,<10,<10,Kaplan-Meier,Colorectal,Both,40 to 49,None,Age,GCR
n.event,0,<10,<10,<10,10,<10,<10,<10,<10,0,0,<10,0,0,0,<10,0,<10,0,0,0,Kaplan-Meier,Colorectal,Both,40 to 49,None,Age,GCR
n.risk,665,618,570,486,422,358,323,290,256,224,200,172,151,133,110,89,75,62,49,30,13,Kaplan-Meier,Colorectal,Both,50 to 59,None,Age,GCR
n.event,0,24,21,43,35,23,<10,<10,13,10,<10,<10,<10,<10,<10,0,<10,0,<10,0,<10,Kaplan-Meier,Colorectal,Both,50 to 59,None,Age,GCR
n.risk,931,864,808,709,628,561,495,444,384,350,304,267,225,200,155,119,98,76,53,31,15,Kaplan-Meier,Colorectal,Both,60 to 69,None,Age,GCR
n.event,0,39,36,66,40,33,26,15,21,<10,15,<10,10,10,10,<10,<10,<10,<10,0,<10,Kaplan-Meier,Colorectal,Both,60 to 69,None,Age,GCR
n.risk,1030,914,829,707,611,525,450,391,346,300,247,210,182,150,119,94,67,52,34,17,<10,Kaplan-Meier,Colorectal,Both,70 to 79,None,Age,GCR
n.event,0,98,57,86,60,55,32,23,18,22,18,15,16,14,10,<10,11,<10,<10,<10,<10,Kaplan-Meier,Colorectal,Both,70 to 79,None,Age,GCR
n.risk,970,725,611,460,362,281,225,177,144,110,84,63,46,23,18,12,<10,<10,<10,<10,<10,Kaplan-Meier,Colorectal,Both,80 +,None,Age,GCR
n.event,0,226,94,112,72,52,39,29,22,21,11,12,13,13,<10,<10,<10,<10,<10,<10,<10,Kaplan-Meier,Colorectal,Both,80 +,None,Age,GCR
n.risk,46,44,43,39,37,33,28,25,22,19,17,15,12,11,11,<10,<10,<10,<10,<10,0,Kaplan-Meier,Head_and_neck,Both,18 to 39,None,Age,GCR
n.event,0,0,0,0,<10,0,0,<10,<10,<10,<10,0,0,0,0,0,0,0,0,0,0,Kaplan-Meier,Head_and_neck,Both,18 to 39,None,Age,GCR
n.risk,160,154,138,120,106,96,85,72,63,56,47,41,37,31,28,22,17,15,14,10,<10,Kaplan-Meier,Head_and_neck,Both,40 to 49,None,Age,GCR
n.event,0,<10,11,12,<10,<10,<10,<10,<10,<10,<10,<10,<10,<10,<10,<10,0,0,0,<10,0,Kaplan-Meier,Head_and_neck,Both,40 to 49,None,Age,GCR
n.risk,406,371,332,269,237,213,179,152,140,119,101,83,69,55,46,37,32,21,15,<10,<10,Kaplan-Meier,Head_and_neck,Both,50 to 59,None,Age,GCR
n.event,0,20,29,46,18,13,15,<10,<10,<10,11,<10,<10,<10,<10,<10,<10,<10,<10,<10,<10,Kaplan-Meier,Head_and_neck,Both,50 to 59,None,Age,GCR
n.risk,454,403,353,287,245,206,170,143,127,97,87,66,49,35,27,23,16,11,<10,<10,<10,Kaplan-Meier,Head_and_neck,Both,60 to 69,None,Age,GCR
n.event,0,40,39,46,25,21,19,16,<10,12,<10,<10,<10,<10,<10,0,<10,<10,<10,0,0,Kaplan-Meier,Head_and_neck,Both,60 to 69,None,Age,GCR
n.risk,288,241,208,165,139,120,103,88,70,63,50,44,38,27,20,<10,<10,<10,0,0,0,Kaplan-Meier,Head_and_neck,Both,70 to 79,None,Age,GCR
n.event,0,41,27,29,16,10,12,<10,<10,<10,<10,<10,<10,<10,<10,<10,<10,0,<10,0,0,Kaplan-Meier,Head_and_neck,Both,70 to 79,None,Age,GCR
n.risk,157,113,95,68,54,33,25,18,14,13,<10,<10,<10,<10,<10,<10,0,0,0,0,0,Kaplan-Meier,Head_and_neck,Both,80 +,None,Age,GCR
n.event,0,38,13,23,10,18,<10,<10,<10,0,<10,0,<10,<10,0,0,0,0,0,0,0,Kaplan-Meier,Head_and_neck,Both,80 +,None,Age,GCR
n.risk,14,11,<10,<10,<10,<10,<10,<10,<10,<10,<10,<10,<10,<10,<10,<10,<10,<10,0,0,0,Kaplan-Meier,Liver,Both,18 to 39,None,Age,GCR
n.event,0,<10,<10,<10,0,0,<10,0,0,0,0,0,0,0,0,0,0,0,0,0,0,Kaplan-Meier,Liver,Both,18 to 39,None,Age,GCR
n.risk,57,37,29,24,19,16,13,10,<10,<10,<10,<10,<10,<10,<10,<10,<10,<10,<10,<10,0,Kaplan-Meier,Liver,Both,40 to 49,None,Age,GCR
n.event,0,20,<10,<10,<10,<10,<10,0,<10,0,0,<10,0,0,0,0,0,0,0,0,0,Kaplan-Meier,Liver,Both,40 to 49,None,Age,GCR
n.risk,180,133,102,81,60,48,36,30,25,20,16,13,<10,<10,<10,<10,<10,0,0,0,0,Kaplan-Meier,Liver,Both,50 to 59,None,Age,GCR
n.event,0,44,25,16,15,<10,<10,<10,<10,0,0,<10,<10,0,0,0,<10,<10,0,0,0,Kaplan-Meier,Liver,Both,50 to 59,None,Age,GCR
n.risk,267,178,142,96,73,52,38,29,16,15,13,10,10,<10,<10,<10,<10,<10,<10,<10,<10,Kaplan-Meier,Liver,Both,60 to 69,None,Age,GCR
n.event,0,82,30,38,17,19,10,<10,<10,<10,<10,<10,0,<10,<10,0,0,0,0,0,0,Kaplan-Meier,Liver,Both,60 to 69,None,Age,GCR
n.risk,259,170,124,86,60,41,26,19,15,<10,<10,<10,<10,<10,<10,<10,0,0,0,0,0,Kaplan-Meier,Liver,Both,70 to 79,None,Age,GCR
n.event,0,84,42,33,20,14,11,<10,<10,<10,<10,<10,0,<10,0,0,0,0,0,0,0,Kaplan-Meier,Liver,Both,70 to 79,None,Age,GCR
n.risk,118,57,39,27,14,13,<10,<10,<10,<10,<10,<10,0,0,0,0,0,0,0,0,0,Kaplan-Meier,Liver,Both,80 +,None,Age,GCR
n.event,0,57,13,10,10,<10,<10,<10,0,0,0,0,0,0,0,0,0,0,0,0,0,Kaplan-Meier,Liver,Both,80 +,None,Age,GCR
n.risk,14,<10,<10,<10,<10,<10,<10,<10,<10,<10,<10,<10,<10,<10,<10,<10,<10,<10,0,0,0,Kaplan-Meier,Lung,Both,18 to 39,None,Age,GCR
n.event,0,<10,0,<10,0,<10,0,0,0,0,0,0,0,0,0,0,0,0,<10,0,0,Kaplan-Meier,Lung,Both,18 to 39,None,Age,GCR
n.risk,162,122,87,54,45,37,30,26,26,24,22,19,15,12,<10,<10,<10,<10,<10,<10,<10,Kaplan-Meier,Lung,Both,40 to 49,None,Age,GCR
n.event,0,33,31,30,<10,<10,<10,<10,0,<10,0,<10,<10,<10,<10,0,0,0,0,0,0,Kaplan-Meier,Lung,Both,40 to 49,None,Age,GCR
n.risk,527,379,287,187,147,117,95,76,65,54,43,36,33,28,23,18,15,12,10,<10,<10,Kaplan-Meier,Lung,Both,50 to 59,None,Age,GCR
n.event,0,139,85,77,31,18,16,12,<10,<10,<10,<10,<10,<10,<10,<10,<10,0,<10,0,<10,Kaplan-Meier,Lung,Both,50 to 59,None,Age,GCR
n.risk,873,607,453,302,228,177,149,128,104,73,63,53,42,35,26,21,16,11,<10,<10,<10,Kaplan-Meier,Lung,Both,60 to 69,None,Age,GCR
n.event,0,244,132,128,56,27,11,17,<10,11,<10,<10,<10,<10,<10,<10,<10,<10,<10,<10,0,Kaplan-Meier,Lung,Both,60 to 69,None,Age,GCR
n.risk,1011,651,466,293,204,149,120,101,78,54,40,27,20,11,<10,<10,<10,<10,<10,<10,0,Kaplan-Meier,Lung,Both,70 to 79,None,Age,GCR
n.event,0,342,165,141,66,34,16,10,15,15,<10,<10,<10,<10,0,<10,0,<10,0,0,<10,Kaplan-Meier,Lung,Both,70 to 79,None,Age,GCR
n.risk,570,258,182,94,54,37,22,16,12,10,<10,<10,<10,<10,<10,0,0,0,0,0,0,Kaplan-Meier,Lung,Both,80 +,None,Age,GCR
n.event,0,301,72,77,30,10,<10,<10,<10,<10,<10,<10,0,0,0,0,0,0,0,0,0,Kaplan-Meier,Lung,Both,80 +,None,Age,GCR
n.risk,<10,<10,<10,<10,<10,<10,<10,<10,<10,<10,<10,<10,<10,<10,<10,<10,<10,<10,<10,0,0,Kaplan-Meier,Pancreatic,Both,18 to 39,None,Age,GCR
n.event,0,<10,<10,0,0,0,0,0,0,0,0,0,0,0,0,0,0,0,0,0,0,Kaplan-Meier,Pancreatic,Both,18 to 39,None,Age,GCR
n.risk,39,28,20,<10,<10,<10,<10,0,0,0,0,0,0,0,0,0,0,0,0,0,0,Kaplan-Meier,Pancreatic,Both,40 to 49,None,Age,GCR
n.event,0,10,<10,11,<10,<10,<10,0,0,0,0,0,0,0,0,0,0,0,0,0,0,Kaplan-Meier,Pancreatic,Both,40 to 49,None,Age,GCR
n.risk,132,90,55,27,14,<10,<10,<10,<10,<10,<10,<10,<10,<10,<10,<10,<10,<10,<10,<10,0,Kaplan-Meier,Pancreatic,Both,50 to 59,None,Age,GCR
n.event,0,38,30,24,<10,<10,<10,<10,0,0,0,0,0,0,0,0,0,0,0,0,0,Kaplan-Meier,Pancreatic,Both,50 to 59,None,Age,GCR
n.risk,267,182,111,53,39,28,20,13,13,<10,<10,<10,<10,<10,<10,<10,<10,<10,0,0,0,Kaplan-Meier,Pancreatic,Both,60 to 69,None,Age,GCR
n.event,0,82,70,53,15,<10,<10,<10,0,<10,0,0,0,0,0,0,0,0,0,0,0,Kaplan-Meier,Pancreatic,Both,60 to 69,None,Age,GCR
n.risk,335,170,100,39,23,13,12,<10,<10,<10,<10,<10,<10,<10,<10,<10,0,0,0,0,0,Kaplan-Meier,Pancreatic,Both,70 to 79,None,Age,GCR
n.event,0,156,64,57,15,<10,<10,<10,<10,0,0,0,0,0,0,0,0,0,0,0,0,Kaplan-Meier,Pancreatic,Both,70 to 79,None,Age,GCR
n.risk,322,97,42,15,<10,<10,<10,<10,<10,<10,<10,<10,<10,<10,<10,0,0,0,0,0,0,Kaplan-Meier,Pancreatic,Both,80 +,None,Age,GCR
n.event,0,220,52,27,<10,0,<10,<10,0,0,<10,0,0,0,0,<10,0,0,0,0,0,Kaplan-Meier,Pancreatic,Both,80 +,None,Age,GCR
n.risk,<10,<10,<10,<10,<10,<10,0,0,0,0,0,0,0,0,0,0,0,0,0,0,0,Kaplan-Meier,Prostate,Male,18 to 39,None,Age,GCR
n.event,0,0,0,0,0,0,<10,0,0,0,0,0,0,0,0,0,0,0,0,0,0,Kaplan-Meier,Prostate,Male,18 to 39,None,Age,GCR
n.risk,89,84,79,73,65,59,55,53,44,36,29,23,20,19,14,12,10,<10,<10,<10,<10,Kaplan-Meier,Prostate,Male,40 to 49,None,Age,GCR
n.event,0,0,0,0,0,<10,<10,<10,0,<10,0,0,0,0,0,0,0,0,0,0,0,Kaplan-Meier,Prostate,Male,40 to 49,None,Age,GCR
n.risk,881,849,800,728,648,587,525,488,447,388,336,298,262,225,194,154,127,92,69,42,16,Kaplan-Meier,Prostate,Male,50 to 59,None,Age,GCR
n.event,0,<10,<10,<10,15,11,11,<10,<10,<10,13,<10,<10,<10,<10,<10,<10,<10,<10,<10,<10,Kaplan-Meier,Prostate,Male,50 to 59,None,Age,GCR
n.risk,2210,2142,2041,1839,1664,1499,1352,1234,1129,1012,887,797,690,587,479,385,303,218,158,92,32,Kaplan-Meier,Prostate,Male,60 to 69,None,Age,GCR
n.event,0,<10,13,43,19,31,34,26,25,24,27,25,22,18,25,21,18,14,<10,<10,<10,Kaplan-Meier,Prostate,Male,60 to 69,None,Age,GCR
n.risk,1800,1725,1633,1433,1235,1090,945,818,694,605,510,427,342,281,221,177,120,79,51,31,<10,Kaplan-Meier,Prostate,Male,70 to 79,None,Age,GCR
n.event,0,25,19,60,65,48,55,43,65,40,41,27,31,14,30,11,13,16,10,<10,<10,Kaplan-Meier,Prostate,Male,70 to 79,None,Age,GCR
n.risk,819,708,631,485,358,270,206,153,116,84,61,42,31,15,10,<10,<10,<10,<10,0,0,Kaplan-Meier,Prostate,Male,80 +,None,Age,GCR
n.event,0,92,54,116,94,63,42,38,24,26,15,14,<10,10,<10,<10,<10,<10,0,<10,0,Kaplan-Meier,Prostate,Male,80 +,None,Age,GCR
n.risk,27,22,18,14,10,<10,<10,<10,<10,<10,<10,<10,<10,<10,<10,<10,<10,<10,<10,0,0,Kaplan-Meier,Stomach,Both,18 to 39,None,Age,GCR
n.event,0,<10,<10,<10,<10,<10,<10,0,<10,0,0,0,0,0,0,0,0,0,0,0,0,Kaplan-Meier,Stomach,Both,18 to 39,None,Age,GCR
n.risk,79,64,57,35,30,24,22,21,20,19,15,12,10,<10,<10,<10,<10,<10,<10,<10,<10,Kaplan-Meier,Stomach,Both,40 to 49,None,Age,GCR
n.event,0,14,<10,19,<10,<10,<10,<10,0,0,0,0,0,0,0,0,0,0,0,0,0,Kaplan-Meier,Stomach,Both,40 to 49,None,Age,GCR
n.risk,103,87,68,50,40,31,23,20,20,18,16,14,13,12,<10,<10,<10,<10,<10,<10,<10,Kaplan-Meier,Stomach,Both,50 to 59,None,Age,GCR
n.event,0,11,13,15,<10,<10,<10,0,0,0,0,0,<10,0,<10,<10,0,0,0,0,0,Kaplan-Meier,Stomach,Both,50 to 59,None,Age,GCR
n.risk,154,115,84,64,52,41,37,31,28,27,25,24,20,15,14,13,<10,<10,<10,<10,<10,Kaplan-Meier,Stomach,Both,60 to 69,None,Age,GCR
n.event,0,39,25,14,<10,<10,<10,<10,0,<10,<10,<10,0,0,0,0,<10,0,0,0,<10,Kaplan-Meier,Stomach,Both,60 to 69,None,Age,GCR
n.risk,168,113,87,60,44,27,24,20,18,14,11,<10,<10,<10,<10,<10,<10,<10,<10,0,0,Kaplan-Meier,Stomach,Both,70 to 79,None,Age,GCR
n.event,0,51,26,23,11,12,<10,0,<10,<10,<10,0,0,0,<10,0,0,<10,<10,0,0,Kaplan-Meier,Stomach,Both,70 to 79,None,Age,GCR
n.risk,159,95,70,30,18,12,<10,<10,<10,<10,<10,<10,<10,<10,<10,<10,<10,0,0,0,0,Kaplan-Meier,Stomach,Both,80 +,None,Age,GCR
n.event,0,60,22,38,10,<10,<10,<10,<10,<10,0,0,0,<10,0,0,0,<10,0,0,0,Kaplan-Meier,Stomach,Both,80 +,None,Age,GCR
n.risk,1235,1173,1115,997,899,802,697,604,524,455,385,325,259,216,183,151,107,77,48,33,12,Kaplan-Meier,Breast,Female,70 to 79,agesex,None,GCR
n.event,0,23,17,43,39,35,47,31,29,23,28,20,24,13,11,<10,16,13,<10,<10,<10,Kaplan-Meier,Breast,Female,70 to 79,agesex,None,GCR
n.risk,10,10,10,<10,<10,<10,<10,<10,<10,<10,<10,<10,<10,<10,0,0,0,0,0,0,0,Kaplan-Meier,Breast,Male,70 to 79,agesex,None,GCR
n.event,0,0,0,<10,<10,0,<10,0,0,0,0,<10,0,0,<10,0,0,0,0,0,0,Kaplan-Meier,Breast,Male,70 to 79,agesex,None,GCR
n.risk,810,731,669,533,438,352,289,227,181,138,99,66,48,33,22,15,<10,<10,<10,0,0,Kaplan-Meier,Breast,Female,80 +,agesex,None,GCR
n.event,0,55,45,86,54,52,42,43,34,24,28,19,<10,<10,<10,<10,<10,<10,<10,<10,0,Kaplan-Meier,Breast,Female,80 +,agesex,None,GCR
n.risk,<10,<10,<10,<10,<10,<10,<10,<10,<10,<10,0,0,0,0,0,0,0,0,0,0,0,Kaplan-Meier,Breast,Male,80 +,agesex,None,GCR
n.event,0,0,0,0,<10,0,<10,<10,0,0,0,0,0,0,0,0,0,0,0,0,0,Kaplan-Meier,Breast,Male,80 +,agesex,None,GCR
n.risk,28,26,25,22,19,16,14,14,13,11,10,<10,<10,<10,<10,<10,<10,<10,<10,<10,<10,Kaplan-Meier,Colorectal,Female,18 to 39,agesex,None,GCR
n.event,0,<10,<10,<10,<10,<10,<10,0,0,<10,<10,0,<10,0,0,0,0,0,0,0,0,Kaplan-Meier,Colorectal,Female,18 to 39,agesex,None,GCR
n.risk,28,24,22,20,17,17,15,12,11,10,<10,<10,<10,<10,<10,<10,<10,<10,<10,<10,<10,Kaplan-Meier,Colorectal,Male,18 to 39,agesex,None,GCR
n.event,0,<10,0,0,<10,0,<10,0,0,0,0,<10,0,0,0,0,0,0,0,0,0,Kaplan-Meier,Colorectal,Male,18 to 39,agesex,None,GCR
n.risk,115,111,102,94,86,71,64,59,53,49,40,35,33,27,22,18,15,12,10,<10,<10,Kaplan-Meier,Colorectal,Female,40 to 49,agesex,None,GCR
n.event,0,<10,<10,<10,<10,<10,<10,0,0,0,0,0,0,0,0,0,0,0,0,0,0,Kaplan-Meier,Colorectal,Female,40 to 49,agesex,None,GCR
n.risk,100,94,84,73,59,55,48,42,40,36,34,30,27,25,21,18,16,12,<10,<10,0,Kaplan-Meier,Colorectal,Male,40 to 49,agesex,None,GCR
n.event,0,<10,<10,<10,<10,0,<10,<10,<10,0,0,<10,0,0,0,<10,0,<10,0,0,0,Kaplan-Meier,Colorectal,Male,40 to 49,agesex,None,GCR
n.risk,297,276,258,223,195,171,150,135,119,103,92,78,70,60,50,46,40,31,26,17,<10,Kaplan-Meier,Colorectal,Female,50 to 59,agesex,None,GCR
n.event,0,<10,<10,15,16,10,<10,<10,<10,<10,<10,<10,<10,<10,<10,0,0,0,<10,0,<10,Kaplan-Meier,Colorectal,Female,50 to 59,agesex,None,GCR
n.risk,368,342,312,263,227,187,173,155,137,121,108,94,81,73,60,43,35,31,23,13,<10,Kaplan-Meier,Colorectal,Male,50 to 59,agesex,None,GCR
n.event,0,15,12,28,19,13,<10,<10,<10,<10,<10,<10,<10,0,<10,0,<10,0,<10,0,0,Kaplan-Meier,Colorectal,Male,50 to 59,agesex,None,GCR
n.risk,422,391,367,319,280,257,233,209,178,163,143,129,110,100,77,61,50,40,29,16,10,Kaplan-Meier,Colorectal,Female,60 to 69,agesex,None,GCR
n.event,0,20,14,33,20,10,<10,<10,<10,<10,<10,<10,<10,<10,<10,<10,<10,<10,<10,0,0,Kaplan-Meier,Colorectal,Female,60 to 69,agesex,None,GCR
n.risk,509,473,441,390,348,304,262,235,206,187,161,138,115,100,78,58,48,36,24,15,<10,Kaplan-Meier,Colorectal,Male,60 to 69,agesex,None,GCR
n.event,0,19,22,33,20,23,19,10,12,<10,10,<10,<10,<10,<10,<10,<10,0,<10,0,<10,Kaplan-Meier,Colorectal,Male,60 to 69,agesex,None,GCR
n.risk,511,449,404,346,301,256,223,192,171,148,127,109,95,83,66,53,40,31,19,<10,<10,Kaplan-Meier,Colorectal,Female,70 to 79,agesex,None,GCR
n.event,0,56,29,36,28,27,<10,11,<10,11,<10,<10,<10,<10,<10,<10,<10,<10,<10,<10,0,Kaplan-Meier,Colorectal,Female,70 to 79,agesex,None,GCR
n.risk,519,465,425,361,310,269,227,199,175,152,120,101,87,67,53,41,27,21,15,<10,<10,Kaplan-Meier,Colorectal,Male,70 to 79,agesex,None,GCR
n.event,0,42,28,50,32,28,23,12,13,11,12,<10,<10,<10,<10,<10,<10,<10,<10,<10,<10,Kaplan-Meier,Colorectal,Male,70 to 79,agesex,None,GCR
n.risk,582,417,350,259,205,162,132,100,83,65,50,38,30,17,12,<10,<10,<10,<10,<10,<10,Kaplan-Meier,Colorectal,Female,80 +,agesex,None,GCR
n.event,0,148,55,66,40,30,22,19,11,11,<10,<10,<10,<10,<10,<10,<10,0,<10,<10,<10,Kaplan-Meier,Colorectal,Female,80 +,agesex,None,GCR
n.risk,388,308,261,201,157,119,93,77,61,45,34,25,16,<10,<10,<10,<10,<10,0,0,0,Kaplan-Meier,Colorectal,Male,80 +,agesex,None,GCR
n.event,0,78,39,46,32,22,17,10,11,10,<10,<10,<10,<10,0,<10,<10,<10,<10,0,0,Kaplan-Meier,Colorectal,Male,80 +,agesex,None,GCR
n.risk,27,26,25,23,21,19,15,13,12,<10,<10,<10,<10,<10,<10,<10,<10,0,0,0,0,Kaplan-Meier,Head_and_neck,Male,18 to 39,agesex,None,GCR
n.event,0,0,0,0,<10,0,0,<10,0,<10,0,0,0,0,0,0,0,0,0,0,0,Kaplan-Meier,Head_and_neck,Male,18 to 39,agesex,None,GCR
n.risk,44,42,37,31,26,22,21,19,13,12,12,11,11,<10,<10,<10,<10,<10,<10,<10,0,Kaplan-Meier,Head_and_neck,Female,40 to 49,agesex,None,GCR
n.event,0,<10,<10,<10,<10,<10,0,0,<10,0,0,<10,0,<10,0,<10,0,0,0,0,0,Kaplan-Meier,Head_and_neck,Female,40 to 49,agesex,None,GCR
n.risk,116,112,101,89,80,74,64,53,50,44,35,30,26,24,22,18,13,12,11,<10,<10,Kaplan-Meier,Head_and_neck,Male,40 to 49,agesex,None,GCR
n.event,0,<10,<10,<10,<10,<10,<10,<10,<10,<10,<10,0,<10,0,<10,0,0,0,0,<10,0,Kaplan-Meier,Head_and_neck,Male,40 to 49,agesex,None,GCR
n.risk,99,94,87,77,72,65,54,48,42,40,37,29,27,23,19,17,16,10,<10,<10,<10,Kaplan-Meier,Head_and_neck,Female,50 to 59,agesex,None,GCR
n.event,0,<10,<10,<10,<10,<10,<10,<10,<10,0,<10,<10,0,<10,<10,0,<10,0,0,<10,0,Kaplan-Meier,Head_and_neck,Female,50 to 59,agesex,None,GCR
n.risk,307,277,245,192,165,148,125,104,98,79,64,54,42,32,27,20,16,11,<10,<10,0,Kaplan-Meier,Head_and_neck,Male,50 to 59,agesex,None,GCR
n.event,0,18,25,37,16,<10,12,<10,<10,<10,10,<10,<10,<10,<10,<10,<10,<10,<10,<10,<10,Kaplan-Meier,Head_and_neck,Male,50 to 59,agesex,None,GCR
n.risk,125,117,109,95,81,70,63,53,47,38,34,27,19,14,10,<10,<10,<10,<10,<10,0,Kaplan-Meier,Head_and_neck,Female,60 to 69,agesex,None,GCR
n.event,0,<10,<10,<10,<10,<10,<10,<10,<10,0,<10,<10,<10,<10,<10,0,0,<10,0,0,0,Kaplan-Meier,Head_and_neck,Female,60 to 69,agesex,None,GCR
n.risk,329,286,244,192,164,136,107,90,80,59,53,39,30,21,17,14,<10,<10,<10,<10,<10,Kaplan-Meier,Head_and_neck,Male,60 to 69,agesex,None,GCR
n.event,0,33,35,38,16,17,18,12,<10,12,<10,<10,<10,<10,<10,0,<10,<10,<10,0,0,Kaplan-Meier,Head_and_neck,Male,60 to 69,agesex,None,GCR
n.risk,79,71,62,50,41,35,32,28,23,22,20,18,16,11,<10,<10,<10,<10,0,0,0,Kaplan-Meier,Head_and_neck,Female,70 to 79,agesex,None,GCR
n.event,0,<10,<10,<10,<10,<10,<10,<10,<10,0,0,<10,<10,<10,<10,<10,<10,0,0,0,0,Kaplan-Meier,Head_and_neck,Female,70 to 79,agesex,None,GCR
n.risk,209,170,146,115,98,85,71,60,47,41,30,26,22,16,11,<10,<10,<10,0,0,0,Kaplan-Meier,Head_and_neck,Male,70 to 79,agesex,None,GCR
n.event,0,34,21,21,11,<10,10,<10,<10,<10,<10,<10,<10,<10,<10,<10,<10,0,<10,0,0,Kaplan-Meier,Head_and_neck,Male,70 to 79,agesex,None,GCR
n.risk,64,48,40,28,22,14,11,<10,<10,<10,<10,<10,<10,<10,<10,<10,0,0,0,0,0,Kaplan-Meier,Head_and_neck,Female,80 +,agesex,None,GCR
n.event,0,14,<10,10,<10,<10,<10,<10,<10,0,<10,0,0,0,0,0,0,0,0,0,0,Kaplan-Meier,Head_and_neck,Female,80 +,agesex,None,GCR
n.risk,93,65,55,40,32,19,14,10,<10,<10,<10,<10,<10,0,0,0,0,0,0,0,0,Kaplan-Meier,Head_and_neck,Male,80 +,agesex,None,GCR
n.event,0,24,<10,13,<10,12,<10,<10,<10,0,<10,0,<10,<10,0,0,0,0,0,0,0,Kaplan-Meier,Head_and_neck,Male,80 +,agesex,None,GCR
n.risk,<10,<10,<10,<10,<10,<10,<10,<10,<10,<10,<10,<10,<10,<10,<10,<10,<10,<10,0,0,0,Kaplan-Meier,Liver,Female,18 to 39,agesex,None,GCR
n.event,0,0,0,<10,0,0,0,0,0,0,0,0,0,0,0,0,0,0,0,0,0,Kaplan-Meier,Liver,Female,18 to 39,agesex,None,GCR
n.risk,10,<10,<10,<10,<10,<10,<10,<10,<10,<10,<10,0,0,0,0,0,0,0,0,0,0,Kaplan-Meier,Liver,Male,18 to 39,agesex,None,GCR
n.event,0,<10,<10,<10,0,0,<10,0,0,0,0,0,0,0,0,0,0,0,0,0,0,Kaplan-Meier,Liver,Male,18 to 39,agesex,None,GCR
n.risk,10,<10,<10,<10,<10,<10,<10,<10,<10,<10,<10,<10,<10,<10,<10,<10,<10,0,0,0,0,Kaplan-Meier,Liver,Female,40 to 49,agesex,None,GCR
n.event,0,<10,<10,0,<10,0,0,0,0,0,0,<10,0,0,0,0,0,0,0,0,0,Kaplan-Meier,Liver,Female,40 to 49,agesex,None,GCR
n.risk,47,30,23,18,15,12,<10,<10,<10,<10,<10,<10,<10,<10,<10,<10,<10,<10,<10,<10,0,Kaplan-Meier,Liver,Male,40 to 49,agesex,None,GCR
n.event,0,17,<10,<10,<10,<10,<10,0,<10,0,0,0,0,0,0,0,0,0,0,0,0,Kaplan-Meier,Liver,Male,40 to 49,agesex,None,GCR
n.risk,33,27,22,16,11,<10,<10,<10,<10,<10,<10,<10,<10,<10,0,0,0,0,0,0,0,Kaplan-Meier,Liver,Female,50 to 59,agesex,None,GCR
n.event,0,<10,<10,<10,<10,<10,<10,<10,0,0,0,0,0,0,0,0,0,0,0,0,0,Kaplan-Meier,Liver,Female,50 to 59,agesex,None,GCR
n.risk,147,106,80,65,49,39,29,27,22,17,15,12,<10,<10,<10,<10,<10,0,0,0,0,Kaplan-Meier,Liver,Male,50 to 59,agesex,None,GCR
n.event,0,38,21,12,10,<10,<10,<10,<10,0,0,<10,<10,0,0,0,<10,<10,0,0,0,Kaplan-Meier,Liver,Male,50 to 59,agesex,None,GCR
n.risk,41,28,23,16,14,12,<10,<10,<10,<10,<10,<10,<10,<10,0,0,0,0,0,0,0,Kaplan-Meier,Liver,Female,60 to 69,agesex,None,GCR
n.event,0,11,<10,<10,<10,<10,<10,0,<10,<10,0,0,0,0,0,0,0,0,0,0,0,Kaplan-Meier,Liver,Female,60 to 69,agesex,None,GCR
n.risk,226,150,119,80,59,40,29,20,11,11,<10,<10,<10,<10,<10,<10,<10,<10,<10,<10,<10,Kaplan-Meier,Liver,Male,60 to 69,agesex,None,GCR
n.event,0,71,25,32,16,17,<10,<10,<10,0,<10,<10,0,<10,<10,0,0,0,0,0,0,Kaplan-Meier,Liver,Male,60 to 69,agesex,None,GCR
n.risk,46,30,24,15,11,<10,<10,<10,<10,<10,<10,0,0,0,0,0,0,0,0,0,0,Kaplan-Meier,Liver,Female,70 to 79,agesex,None,GCR
n.event,0,14,<10,<10,<10,<10,<10,0,<10,<10,<10,<10,0,0,0,0,0,0,0,0,0,Kaplan-Meier,Liver,Female,70 to 79,agesex,None,GCR
n.risk,213,140,100,71,49,32,19,13,10,<10,<10,<10,<10,<10,<10,<10,0,0,0,0,0,Kaplan-Meier,Liver,Male,70 to 79,agesex,None,GCR
n.event,0,70,36,25,16,12,<10,<10,<10,<10,<10,0,0,<10,0,0,0,0,0,0,0,Kaplan-Meier,Liver,Male,70 to 79,agesex,None,GCR
n.risk,37,17,11,<10,<10,<10,<10,<10,<10,<10,<10,0,0,0,0,0,0,0,0,0,0,Kaplan-Meier,Liver,Female,80 +,agesex,None,GCR
n.event,0,20,<10,<10,<10,<10,<10,0,0,0,0,0,0,0,0,0,0,0,0,0,0,Kaplan-Meier,Liver,Female,80 +,agesex,None,GCR
n.risk,81,40,28,19,<10,<10,<10,<10,<10,<10,<10,<10,0,0,0,0,0,0,0,0,0,Kaplan-Meier,Liver,Male,80 +,agesex,None,GCR
n.event,0,37,<10,<10,<10,0,<10,<10,0,0,0,0,0,0,0,0,0,0,0,0,0,Kaplan-Meier,Liver,Male,80 +,agesex,None,GCR
n.risk,<10,<10,<10,<10,<10,<10,<10,<10,<10,<10,<10,<10,<10,<10,<10,<10,0,0,0,0,0,Kaplan-Meier,Lung,Female,18 to 39,agesex,None,GCR
n.event,0,<10,0,0,0,<10,0,0,0,0,0,0,0,0,0,0,0,0,0,0,0,Kaplan-Meier,Lung,Female,18 to 39,agesex,None,GCR
n.risk,<10,<10,<10,<10,<10,<10,<10,<10,<10,<10,<10,<10,<10,<10,<10,<10,<10,<10,0,0,0,Kaplan-Meier,Lung,Male,18 to 39,agesex,None,GCR
n.event,0,<10,0,<10,0,0,0,0,0,0,0,0,0,0,0,0,0,0,<10,0,0,Kaplan-Meier,Lung,Male,18 to 39,agesex,None,GCR
n.risk,67,59,46,29,26,23,18,15,15,13,11,<10,<10,<10,<10,<10,<10,<10,<10,<10,<10,Kaplan-Meier,Lung,Female,40 to 49,agesex,None,GCR
n.event,0,<10,12,17,<10,<10,<10,<10,0,<10,0,<10,<10,0,<10,0,0,0,0,0,0,Kaplan-Meier,Lung,Female,40 to 49,agesex,None,GCR
n.risk,95,63,41,25,19,14,12,11,11,11,11,11,<10,<10,<10,<10,<10,<10,<10,0,0,Kaplan-Meier,Lung,Male,40 to 49,agesex,None,GCR
n.event,0,27,19,13,<10,<10,0,0,0,0,0,0,<10,<10,0,0,0,0,0,0,0,Kaplan-Meier,Lung,Male,40 to 49,agesex,None,GCR
n.risk,215,168,127,82,67,51,38,28,25,21,17,13,13,<10,<10,<10,<10,<10,<10,<10,<10,Kaplan-Meier,Lung,Female,50 to 59,agesex,None,GCR
n.event,0,44,38,31,<10,10,<10,<10,<10,<10,<10,<10,0,<10,0,0,0,0,0,0,<10,Kaplan-Meier,Lung,Female,50 to 59,agesex,None,GCR
n.risk,312,211,160,105,80,66,57,48,40,33,26,23,20,19,14,12,10,<10,<10,<10,0,Kaplan-Meier,Lung,Male,50 to 59,agesex,None,GCR
n.event,0,95,47,46,23,<10,<10,<10,<10,<10,<10,<10,<10,<10,<10,<10,<10,0,<10,0,<10,Kaplan-Meier,Lung,Male,50 to 59,agesex,None,GCR
n.risk,312,234,188,119,96,71,55,48,35,24,22,20,16,14,12,10,<10,<10,<10,0,0,Kaplan-Meier,Lung,Female,60 to 69,agesex,None,GCR
n.event,0,66,34,58,16,13,<10,<10,<10,<10,<10,<10,<10,<10,<10,<10,0,<10,0,<10,0,Kaplan-Meier,Lung,Female,60 to 69,agesex,None,GCR
n.risk,561,373,265,183,132,106,94,80,69,49,41,33,26,21,14,11,<10,<10,<10,<10,<10,Kaplan-Meier,Lung,Male,60 to 69,agesex,None,GCR
n.event,0,178,98,70,40,14,<10,11,<10,<10,<10,<10,<10,<10,<10,<10,<10,0,<10,0,0,Kaplan-Meier,Lung,Male,60 to 69,agesex,None,GCR
n.risk,376,249,179,118,82,60,52,44,36,27,21,15,12,<10,<10,<10,<10,<10,<10,<10,0,Kaplan-Meier,Lung,Female,70 to 79,agesex,None,GCR
n.event,0,117,61,48,27,13,<10,<10,<10,<10,<10,<10,<10,<10,0,<10,0,0,0,0,<10,Kaplan-Meier,Lung,Female,70 to 79,agesex,None,GCR
n.risk,635,402,287,175,122,89,68,57,42,27,19,12,<10,<10,<10,<10,<10,0,0,0,0,Kaplan-Meier,Lung,Male,70 to 79,agesex,None,GCR
n.event,0,225,104,93,39,21,12,<10,11,11,<10,<10,<10,<10,0,0,0,<10,0,0,0,Kaplan-Meier,Lung,Male,70 to 79,agesex,None,GCR
n.risk,263,131,93,45,29,23,13,10,<10,<10,<10,<10,<10,<10,<10,0,0,0,0,0,0,Kaplan-Meier,Lung,Female,80 +,agesex,None,GCR
n.event,0,129,36,44,12,<10,<10,<10,<10,<10,<10,<10,0,0,0,0,0,0,0,0,0,Kaplan-Meier,Lung,Female,80 +,agesex,None,GCR
n.risk,307,127,89,49,25,14,<10,<10,<10,<10,<10,<10,<10,0,0,0,0,0,0,0,0,Kaplan-Meier,Lung,Male,80 +,agesex,None,GCR
n.event,0,172,36,33,18,<10,<10,<10,<10,<10,<10,0,0,0,0,0,0,0,0,0,0,Kaplan-Meier,Lung,Male,80 +,agesex,None,GCR
n.risk,14,12,10,<10,<10,<10,0,0,0,0,0,0,0,0,0,0,0,0,0,0,0,Kaplan-Meier,Pancreatic,Female,40 to 49,agesex,None,GCR
n.event,0,<10,<10,<10,<10,0,<10,0,0,0,0,0,0,0,0,0,0,0,0,0,0,Kaplan-Meier,Pancreatic,Female,40 to 49,agesex,None,GCR
n.risk,25,16,10,<10,<10,<10,<10,0,0,0,0,0,0,0,0,0,0,0,0,0,0,Kaplan-Meier,Pancreatic,Male,40 to 49,agesex,None,GCR
n.event,0,<10,<10,<10,0,<10,0,0,0,0,0,0,0,0,0,0,0,0,0,0,0,Kaplan-Meier,Pancreatic,Male,40 to 49,agesex,None,GCR
n.risk,53,39,27,15,<10,<10,<10,<10,<10,<10,<10,<10,<10,<10,<10,<10,<10,<10,0,0,0,Kaplan-Meier,Pancreatic,Female,50 to 59,agesex,None,GCR
n.event,0,13,10,10,<10,<10,<10,<10,0,0,0,0,0,0,0,0,0,0,0,0,0,Kaplan-Meier,Pancreatic,Female,50 to 59,agesex,None,GCR
n.risk,79,51,28,12,<10,<10,<10,<10,<10,<10,<10,<10,<10,<10,<10,<10,<10,<10,<10,<10,0,Kaplan-Meier,Pancreatic,Male,50 to 59,agesex,None,GCR
n.event,0,25,20,14,<10,<10,0,0,0,0,0,0,0,0,0,0,0,0,0,0,0,Kaplan-Meier,Pancreatic,Male,50 to 59,agesex,None,GCR
n.risk,113,81,56,33,28,20,14,10,10,<10,<10,<10,<10,<10,<10,<10,<10,<10,0,0,0,Kaplan-Meier,Pancreatic,Female,60 to 69,agesex,None,GCR
n.event,0,29,24,22,<10,<10,<10,<10,0,<10,0,0,0,0,0,0,0,0,0,0,0,Kaplan-Meier,Pancreatic,Female,60 to 69,agesex,None,GCR
n.risk,154,101,55,20,11,<10,<10,<10,<10,<10,0,0,0,0,0,0,0,0,0,0,0,Kaplan-Meier,Pancreatic,Male,60 to 69,agesex,None,GCR
n.event,0,53,46,31,<10,<10,<10,<10,0,<10,0,0,0,0,0,0,0,0,0,0,0,Kaplan-Meier,Pancreatic,Male,60 to 69,agesex,None,GCR
n.risk,166,91,50,14,<10,<10,<10,<10,<10,<10,0,0,0,0,0,0,0,0,0,0,0,Kaplan-Meier,Pancreatic,Female,70 to 79,agesex,None,GCR
n.event,0,71,37,33,<10,<10,0,<10,0,0,0,0,0,0,0,0,0,0,0,0,0,Kaplan-Meier,Pancreatic,Female,70 to 79,agesex,None,GCR
n.risk,169,79,50,25,16,10,<10,<10,<10,<10,<10,<10,<10,<10,<10,<10,0,0,0,0,0,Kaplan-Meier,Pancreatic,Male,70 to 79,agesex,None,GCR
n.event,0,85,27,24,<10,<10,<10,<10,<10,0,0,0,0,0,0,0,0,0,0,0,0,Kaplan-Meier,Pancreatic,Male,70 to 79,agesex,None,GCR
n.risk,212,68,31,11,<10,<10,<10,<10,<10,<10,<10,<10,<10,<10,<10,0,0,0,0,0,0,Kaplan-Meier,Pancreatic,Female,80 +,agesex,None,GCR
n.event,0,140,36,20,<10,0,<10,<10,0,0,<10,0,0,0,0,<10,0,0,0,0,0,Kaplan-Meier,Pancreatic,Female,80 +,agesex,None,GCR
n.risk,110,29,11,<10,0,0,0,0,0,0,0,0,0,0,0,0,0,0,0,0,0,Kaplan-Meier,Pancreatic,Male,80 +,agesex,None,GCR
n.event,0,80,16,<10,<10,0,0,0,0,0,0,0,0,0,0,0,0,0,0,0,0,Kaplan-Meier,Pancreatic,Male,80 +,agesex,None,GCR
n.risk,14,13,11,<10,<10,<10,<10,<10,<10,<10,<10,<10,<10,<10,<10,<10,<10,0,0,0,0,Kaplan-Meier,Stomach,Female,18 to 39,agesex,None,GCR
n.event,0,<10,<10,<10,<10,0,0,0,0,0,0,0,0,0,0,0,0,0,0,0,0,Kaplan-Meier,Stomach,Female,18 to 39,agesex,None,GCR
n.risk,13,<10,<10,<10,<10,<10,<10,<10,<10,<10,<10,<10,<10,<10,<10,<10,<10,<10,<10,0,0,Kaplan-Meier,Stomach,Male,18 to 39,agesex,None,GCR
n.event,0,<10,<10,<10,0,<10,<10,0,<10,0,0,0,0,0,0,0,0,0,0,0,0,Kaplan-Meier,Stomach,Male,18 to 39,agesex,None,GCR
n.risk,36,30,24,12,11,<10,<10,<10,<10,<10,<10,<10,<10,<10,<10,<10,0,0,0,0,0,Kaplan-Meier,Stomach,Female,40 to 49,agesex,None,GCR
n.event,0,<10,<10,11,<10,<10,0,<10,0,0,0,0,0,0,0,0,0,0,0,0,0,Kaplan-Meier,Stomach,Female,40 to 49,agesex,None,GCR
n.risk,43,34,33,23,19,15,13,13,12,11,<10,<10,<10,<10,<10,<10,<10,<10,<10,<10,<10,Kaplan-Meier,Stomach,Male,40 to 49,agesex,None,GCR
n.event,0,<10,<10,<10,<10,<10,<10,0,0,0,0,0,0,0,0,0,0,0,0,0,0,Kaplan-Meier,Stomach,Male,40 to 49,agesex,None,GCR
n.risk,32,26,22,17,12,<10,<10,<10,<10,<10,<10,<10,<10,<10,<10,<10,<10,<10,<10,<10,0,Kaplan-Meier,Stomach,Female,50 to 59,agesex,None,GCR
n.event,0,<10,<10,<10,<10,<10,0,0,0,0,0,0,0,0,0,0,0,0,0,0,0,Kaplan-Meier,Stomach,Female,50 to 59,agesex,None,GCR
n.risk,71,61,46,33,28,22,15,14,14,13,13,11,10,<10,<10,<10,<10,<10,<10,<10,<10,Kaplan-Meier,Stomach,Male,50 to 59,agesex,None,GCR
n.event,0,<10,11,12,<10,<10,<10,0,0,0,0,0,<10,0,<10,<10,0,0,0,0,0,Kaplan-Meier,Stomach,Male,50 to 59,agesex,None,GCR
n.risk,44,33,24,20,20,16,16,12,11,11,<10,<10,<10,<10,<10,<10,<10,<10,<10,<10,<10,Kaplan-Meier,Stomach,Female,60 to 69,agesex,None,GCR
n.event,0,11,<10,<10,0,<10,0,0,0,0,<10,<10,0,0,0,0,0,0,0,0,0,Kaplan-Meier,Stomach,Female,60 to 69,agesex,None,GCR
n.risk,110,82,60,44,32,25,21,19,17,16,16,16,12,<10,<10,<10,<10,<10,<10,<10,<10,Kaplan-Meier,Stomach,Male,60 to 69,agesex,None,GCR
n.event,0,28,18,11,<10,<10,<10,<10,0,<10,0,0,0,0,0,0,<10,0,0,0,<10,Kaplan-Meier,Stomach,Male,60 to 69,agesex,None,GCR
n.risk,63,41,32,23,17,11,<10,<10,<10,<10,<10,<10,<10,<10,<10,<10,<10,<10,0,0,0,Kaplan-Meier,Stomach,Female,70 to 79,agesex,None,GCR
n.event,0,22,<10,<10,<10,<10,<10,0,<10,<10,<10,0,0,0,0,0,0,0,<10,0,0,Kaplan-Meier,Stomach,Female,70 to 79,agesex,None,GCR
n.risk,105,72,55,37,27,16,15,13,12,10,<10,<10,<10,<10,<10,<10,<10,<10,<10,0,0,Kaplan-Meier,Stomach,Male,70 to 79,agesex,None,GCR
n.event,0,29,17,14,<10,<10,0,0,<10,<10,0,0,0,0,<10,0,0,<10,0,0,0,Kaplan-Meier,Stomach,Male,70 to 79,agesex,None,GCR
n.risk,80,47,37,19,12,10,<10,<10,<10,<10,<10,<10,<10,<10,<10,<10,<10,0,0,0,0,Kaplan-Meier,Stomach,Female,80 +,agesex,None,GCR
n.event,0,31,<10,17,<10,<10,<10,<10,<10,<10,0,0,0,0,0,0,0,<10,0,0,0,Kaplan-Meier,Stomach,Female,80 +,agesex,None,GCR
n.risk,79,48,33,11,<10,<10,<10,<10,<10,<10,<10,<10,<10,0,0,0,0,0,0,0,0,Kaplan-Meier,Stomach,Male,80 +,agesex,None,GCR
n.event,0,29,13,21,<10,<10,0,<10,0,0,0,0,0,<10,0,0,0,0,0,0,0,Kaplan-Meier,Stomach,Male,80 +,agesex,None,GCR
